product_name,year,planted_area,production_amount,season,diesel_price,fertilizer_price,average_price,yield_per_decare_kg,province,district
BAKLA,2014,220.0,114.0,Winter,4.54,886.0,2.07,518.1818181818181,İzmir,Bayındır
BAKLA,2014,220.0,114.0,Spring,4.58,886.0,1.27,518.1818181818181,İzmir,Bayındır
BAKLA,2014,220.0,114.0,Summer,4.38,886.0,1.01,518.1818181818181,İzmir,Bayındır
BAKLA,2014,220.0,114.0,Fall,4.24,886.0,1.45,518.1818181818181,İzmir,Bayındır
BAKLA,2014,1000.0,800.0,Winter,4.54,886.0,2.07,800.0,İzmir,Bergama
BAKLA,2014,1000.0,800.0,Spring,4.58,886.0,1.27,800.0,İzmir,Bergama
BAKLA,2014,1000.0,800.0,Summer,4.38,886.0,1.01,800.0,İzmir,Bergama
BAKLA,2014,1000.0,800.0,Fall,4.24,886.0,1.45,800.0,İzmir,Bergama
BAKLA,2014,41.0,37.0,Winter,4.54,886.0,2.07,902.439024390244,İzmir,Menderes
BAKLA,2014,41.0,37.0,Spring,4.58,886.0,1.27,902.439024390244,İzmir,Menderes
BAKLA,2014,41.0,37.0,Summer,4.38,886.0,1.01,902.439024390244,İzmir,Menderes
BAKLA,2014,41.0,37.0,Fall,4.24,886.0,1.45,902.439024390244,İzmir,Menderes
BAKLA,2014,600.0,480.0,Winter,4.54,886.0,2.07,800.0,İzmir,Tire
BAKLA,2014,600.0,480.0,Spring,4.58,886.0,1.27,800.0,İzmir,Tire
BAKLA,2014,600.0,480.0,Summer,4.38,886.0,1.01,800.0,İzmir,Tire
BAKLA,2014,600.0,480.0,Fall,4.24,886.0,1.45,800.0,İzmir,Tire
BAKLA,2014,195.0,263.0,Winter,4.54,886.0,2.07,1348.7179487179487,İzmir,Torbalı
BAKLA,2014,195.0,263.0,Spring,4.58,886.0,1.27,1348.7179487179487,İzmir,Torbalı
BAKLA,2014,195.0,263.0,Summer,4.38,886.0,1.01,1348.7179487179487,İzmir,Torbalı
BAKLA,2014,195.0,263.0,Fall,4.24,886.0,1.45,1348.7179487179487,İzmir,Torbalı
BAKLA,2014,750.0,1125.0,Winter,4.54,886.0,2.07,1500.0,İzmir,Ödemiş
BAKLA,2014,750.0,1125.0,Spring,4.58,886.0,1.27,1500.0,İzmir,Ödemiş
BAKLA,2014,750.0,1125.0,Summer,4.38,886.0,1.01,1500.0,İzmir,Ödemiş
BAKLA,2014,750.0,1125.0,Fall,4.24,886.0,1.45,1500.0,İzmir,Ödemiş
BAKLA,2015,200.0,104.0,Winter,3.75,903.33,2.47,520.0,İzmir,Bayındır
BAKLA,2015,200.0,104.0,Spring,3.93,903.33,1.92,520.0,İzmir,Bayındır
BAKLA,2015,200.0,104.0,Summer,3.9,903.33,1.0,520.0,İzmir,Bayındır
BAKLA,2015,200.0,104.0,Fall,3.84,903.33,3.68,520.0,İzmir,Bayındır
BAKLA,2015,1000.0,800.0,Winter,3.75,903.33,2.47,800.0,İzmir,Bergama
BAKLA,2015,1000.0,800.0,Spring,3.93,903.33,1.92,800.0,İzmir,Bergama
BAKLA,2015,1000.0,800.0,Summer,3.9,903.33,1.0,800.0,İzmir,Bergama
BAKLA,2015,1000.0,800.0,Fall,3.84,903.33,3.68,800.0,İzmir,Bergama
BAKLA,2015,46.0,41.0,Winter,3.75,903.33,2.47,891.304347826087,İzmir,Menderes
BAKLA,2015,46.0,41.0,Spring,3.93,903.33,1.92,891.304347826087,İzmir,Menderes
BAKLA,2015,46.0,41.0,Summer,3.9,903.33,1.0,891.304347826087,İzmir,Menderes
BAKLA,2015,46.0,41.0,Fall,3.84,903.33,3.68,891.304347826087,İzmir,Menderes
BAKLA,2015,550.0,440.0,Winter,3.75,903.33,2.47,800.0,İzmir,Tire
BAKLA,2015,550.0,440.0,Spring,3.93,903.33,1.92,800.0,İzmir,Tire
BAKLA,2015,550.0,440.0,Summer,3.9,903.33,1.0,800.0,İzmir,Tire
BAKLA,2015,550.0,440.0,Fall,3.84,903.33,3.68,800.0,İzmir,Tire
BAKLA,2015,160.0,216.0,Winter,3.75,903.33,2.47,1350.0,İzmir,Torbalı
BAKLA,2015,160.0,216.0,Spring,3.93,903.33,1.92,1350.0,İzmir,Torbalı
BAKLA,2015,160.0,216.0,Summer,3.9,903.33,1.0,1350.0,İzmir,Torbalı
BAKLA,2015,160.0,216.0,Fall,3.84,903.33,3.68,1350.0,İzmir,Torbalı
BAKLA,2015,750.0,1125.0,Winter,3.75,903.33,2.47,1500.0,İzmir,Ödemiş
BAKLA,2015,750.0,1125.0,Spring,3.93,903.33,1.92,1500.0,İzmir,Ödemiş
BAKLA,2015,750.0,1125.0,Summer,3.9,903.33,1.0,1500.0,İzmir,Ödemiş
BAKLA,2015,750.0,1125.0,Fall,3.84,903.33,3.68,1500.0,İzmir,Ödemiş
BAKLA,2016,100.0,52.0,Winter,3.48,822.67,3.06,520.0,İzmir,Bayındır
BAKLA,2016,100.0,52.0,Spring,3.63,822.67,1.54,520.0,İzmir,Bayındır
BAKLA,2016,100.0,52.0,Summer,3.79,822.67,1.35,520.0,İzmir,Bayındır
BAKLA,2016,100.0,52.0,Fall,4.13,822.67,3.0,520.0,İzmir,Bayındır
BAKLA,2016,1000.0,800.0,Winter,3.48,822.67,3.06,800.0,İzmir,Bergama
BAKLA,2016,1000.0,800.0,Spring,3.63,822.67,1.54,800.0,İzmir,Bergama
BAKLA,2016,1000.0,800.0,Summer,3.79,822.67,1.35,800.0,İzmir,Bergama
BAKLA,2016,1000.0,800.0,Fall,4.13,822.67,3.0,800.0,İzmir,Bergama
BAKLA,2016,46.0,41.0,Winter,3.48,822.67,3.06,891.304347826087,İzmir,Menderes
BAKLA,2016,46.0,41.0,Spring,3.63,822.67,1.54,891.304347826087,İzmir,Menderes
BAKLA,2016,46.0,41.0,Summer,3.79,822.67,1.35,891.304347826087,İzmir,Menderes
BAKLA,2016,46.0,41.0,Fall,4.13,822.67,3.0,891.304347826087,İzmir,Menderes
BAKLA,2016,550.0,440.0,Winter,3.48,822.67,3.06,800.0,İzmir,Tire
BAKLA,2016,550.0,440.0,Spring,3.63,822.67,1.54,800.0,İzmir,Tire
BAKLA,2016,550.0,440.0,Summer,3.79,822.67,1.35,800.0,İzmir,Tire
BAKLA,2016,550.0,440.0,Fall,4.13,822.67,3.0,800.0,İzmir,Tire
BAKLA,2016,160.0,216.0,Winter,3.48,822.67,3.06,1350.0,İzmir,Torbalı
BAKLA,2016,160.0,216.0,Spring,3.63,822.67,1.54,1350.0,İzmir,Torbalı
BAKLA,2016,160.0,216.0,Summer,3.79,822.67,1.35,1350.0,İzmir,Torbalı
BAKLA,2016,160.0,216.0,Fall,4.13,822.67,3.0,1350.0,İzmir,Torbalı
BAKLA,2016,750.0,1125.0,Winter,3.48,822.67,3.06,1500.0,İzmir,Ödemiş
BAKLA,2016,750.0,1125.0,Spring,3.63,822.67,1.54,1500.0,İzmir,Ödemiş
BAKLA,2016,750.0,1125.0,Summer,3.79,822.67,1.35,1500.0,İzmir,Ödemiş
BAKLA,2016,750.0,1125.0,Fall,4.13,822.67,3.0,1500.0,İzmir,Ödemiş
BAKLA,2017,100.0,52.0,Winter,4.59,906.33,3.43,520.0,İzmir,Bayındır
BAKLA,2017,100.0,52.0,Spring,4.55,906.33,2.26,520.0,İzmir,Bayındır
BAKLA,2017,100.0,52.0,Summer,4.48,906.33,1.3,520.0,İzmir,Bayındır
BAKLA,2017,100.0,52.0,Fall,4.83,906.33,2.81,520.0,İzmir,Bayındır
BAKLA,2017,1000.0,800.0,Winter,4.59,906.33,3.43,800.0,İzmir,Bergama
BAKLA,2017,1000.0,800.0,Spring,4.55,906.33,2.26,800.0,İzmir,Bergama
BAKLA,2017,1000.0,800.0,Summer,4.48,906.33,1.3,800.0,İzmir,Bergama
BAKLA,2017,1000.0,800.0,Fall,4.83,906.33,2.81,800.0,İzmir,Bergama
BAKLA,2017,37.0,22.0,Winter,4.59,906.33,3.43,594.5945945945946,İzmir,Menderes
BAKLA,2017,37.0,22.0,Spring,4.55,906.33,2.26,594.5945945945946,İzmir,Menderes
BAKLA,2017,37.0,22.0,Summer,4.48,906.33,1.3,594.5945945945946,İzmir,Menderes
BAKLA,2017,37.0,22.0,Fall,4.83,906.33,2.81,594.5945945945946,İzmir,Menderes
BAKLA,2017,600.0,480.0,Winter,4.59,906.33,3.43,800.0,İzmir,Tire
BAKLA,2017,600.0,480.0,Spring,4.55,906.33,2.26,800.0,İzmir,Tire
BAKLA,2017,600.0,480.0,Summer,4.48,906.33,1.3,800.0,İzmir,Tire
BAKLA,2017,600.0,480.0,Fall,4.83,906.33,2.81,800.0,İzmir,Tire
BAKLA,2017,200.0,270.0,Winter,4.59,906.33,3.43,1350.0,İzmir,Torbalı
BAKLA,2017,200.0,270.0,Spring,4.55,906.33,2.26,1350.0,İzmir,Torbalı
BAKLA,2017,200.0,270.0,Summer,4.48,906.33,1.3,1350.0,İzmir,Torbalı
BAKLA,2017,200.0,270.0,Fall,4.83,906.33,2.81,1350.0,İzmir,Torbalı
BAKLA,2017,750.0,1125.0,Winter,4.59,906.33,3.43,1500.0,İzmir,Ödemiş
BAKLA,2017,750.0,1125.0,Spring,4.55,906.33,2.26,1500.0,İzmir,Ödemiş
BAKLA,2017,750.0,1125.0,Summer,4.48,906.33,1.3,1500.0,İzmir,Ödemiş
BAKLA,2017,750.0,1125.0,Fall,4.83,906.33,2.81,1500.0,İzmir,Ödemiş
BAKLA,2018,100.0,52.0,Winter,5.11,1217.33,3.07,520.0,İzmir,Bayındır
BAKLA,2018,100.0,52.0,Spring,5.46,1217.33,1.74,520.0,İzmir,Bayındır
BAKLA,2018,100.0,52.0,Summer,5.81,1217.33,1.38,520.0,İzmir,Bayındır
BAKLA,2018,100.0,52.0,Fall,6.34,1217.33,2.0633333333333335,520.0,İzmir,Bayındır
BAKLA,2018,1000.0,800.0,Winter,5.11,1217.33,3.07,800.0,İzmir,Bergama
BAKLA,2018,1000.0,800.0,Spring,5.46,1217.33,1.74,800.0,İzmir,Bergama
BAKLA,2018,1000.0,800.0,Summer,5.81,1217.33,1.38,800.0,İzmir,Bergama
BAKLA,2018,1000.0,800.0,Fall,6.34,1217.33,2.0633333333333335,800.0,İzmir,Bergama
BAKLA,2018,37.0,22.0,Winter,5.11,1217.33,3.07,594.5945945945946,İzmir,Menderes
BAKLA,2018,37.0,22.0,Spring,5.46,1217.33,1.74,594.5945945945946,İzmir,Menderes
BAKLA,2018,37.0,22.0,Summer,5.81,1217.33,1.38,594.5945945945946,İzmir,Menderes
BAKLA,2018,37.0,22.0,Fall,6.34,1217.33,2.0633333333333335,594.5945945945946,İzmir,Menderes
BAKLA,2018,300.0,240.0,Winter,5.11,1217.33,3.07,800.0,İzmir,Tire
BAKLA,2018,300.0,240.0,Spring,5.46,1217.33,1.74,800.0,İzmir,Tire
BAKLA,2018,300.0,240.0,Summer,5.81,1217.33,1.38,800.0,İzmir,Tire
BAKLA,2018,300.0,240.0,Fall,6.34,1217.33,2.0633333333333335,800.0,İzmir,Tire
BAKLA,2018,140.0,189.0,Winter,5.11,1217.33,3.07,1350.0,İzmir,Torbalı
BAKLA,2018,140.0,189.0,Spring,5.46,1217.33,1.74,1350.0,İzmir,Torbalı
BAKLA,2018,140.0,189.0,Summer,5.81,1217.33,1.38,1350.0,İzmir,Torbalı
BAKLA,2018,140.0,189.0,Fall,6.34,1217.33,2.0633333333333335,1350.0,İzmir,Torbalı
BAKLA,2018,550.0,825.0,Winter,5.11,1217.33,3.07,1500.0,İzmir,Ödemiş
BAKLA,2018,550.0,825.0,Spring,5.46,1217.33,1.74,1500.0,İzmir,Ödemiş
BAKLA,2018,550.0,825.0,Summer,5.81,1217.33,1.38,1500.0,İzmir,Ödemiş
BAKLA,2018,550.0,825.0,Fall,6.34,1217.33,2.0633333333333335,1500.0,İzmir,Ödemiş
BAKLA,2019,50.0,26.0,Winter,6.0,1486.33,5.1,520.0,İzmir,Bayındır
BAKLA,2019,50.0,26.0,Spring,6.44,1486.33,3.84,520.0,İzmir,Bayındır
BAKLA,2019,50.0,26.0,Summer,6.38,1486.33,1.35,520.0,İzmir,Bayındır
BAKLA,2019,50.0,26.0,Fall,6.53,1486.33,3.4299999999999997,520.0,İzmir,Bayındır
BAKLA,2019,1000.0,800.0,Winter,6.0,1486.33,5.1,800.0,İzmir,Bergama
BAKLA,2019,1000.0,800.0,Spring,6.44,1486.33,3.84,800.0,İzmir,Bergama
BAKLA,2019,1000.0,800.0,Summer,6.38,1486.33,1.35,800.0,İzmir,Bergama
BAKLA,2019,1000.0,800.0,Fall,6.53,1486.33,3.4299999999999997,800.0,İzmir,Bergama
BAKLA,2019,37.0,22.0,Winter,6.0,1486.33,5.1,594.5945945945946,İzmir,Menderes
BAKLA,2019,37.0,22.0,Spring,6.44,1486.33,3.84,594.5945945945946,İzmir,Menderes
BAKLA,2019,37.0,22.0,Summer,6.38,1486.33,1.35,594.5945945945946,İzmir,Menderes
BAKLA,2019,37.0,22.0,Fall,6.53,1486.33,3.4299999999999997,594.5945945945946,İzmir,Menderes
BAKLA,2019,300.0,240.0,Winter,6.0,1486.33,5.1,800.0,İzmir,Tire
BAKLA,2019,300.0,240.0,Spring,6.44,1486.33,3.84,800.0,İzmir,Tire
BAKLA,2019,300.0,240.0,Summer,6.38,1486.33,1.35,800.0,İzmir,Tire
BAKLA,2019,300.0,240.0,Fall,6.53,1486.33,3.4299999999999997,800.0,İzmir,Tire
BAKLA,2019,210.0,288.0,Winter,6.0,1486.33,5.1,1371.4285714285713,İzmir,Torbalı
BAKLA,2019,210.0,288.0,Spring,6.44,1486.33,3.84,1371.4285714285713,İzmir,Torbalı
BAKLA,2019,210.0,288.0,Summer,6.38,1486.33,1.35,1371.4285714285713,İzmir,Torbalı
BAKLA,2019,210.0,288.0,Fall,6.53,1486.33,3.4299999999999997,1371.4285714285713,İzmir,Torbalı
BAKLA,2019,550.0,825.0,Winter,6.0,1486.33,5.1,1500.0,İzmir,Ödemiş
BAKLA,2019,550.0,825.0,Spring,6.44,1486.33,3.84,1500.0,İzmir,Ödemiş
BAKLA,2019,550.0,825.0,Summer,6.38,1486.33,1.35,1500.0,İzmir,Ödemiş
BAKLA,2019,550.0,825.0,Fall,6.53,1486.33,3.4299999999999997,1500.0,İzmir,Ödemiş
BAKLA,2020,50.0,26.0,Winter,6.57,2226.67,6.29,520.0,İzmir,Bayındır
BAKLA,2020,50.0,26.0,Spring,5.51,2226.67,4.03,520.0,İzmir,Bayındır
BAKLA,2020,50.0,26.0,Summer,5.98,2226.67,5.16,520.0,İzmir,Bayındır
BAKLA,2020,50.0,26.0,Fall,6.2,2226.67,5.16,520.0,İzmir,Bayındır
BAKLA,2020,1000.0,800.0,Winter,6.57,2226.67,6.29,800.0,İzmir,Bergama
BAKLA,2020,1000.0,800.0,Spring,5.51,2226.67,4.03,800.0,İzmir,Bergama
BAKLA,2020,1000.0,800.0,Summer,5.98,2226.67,5.16,800.0,İzmir,Bergama
BAKLA,2020,1000.0,800.0,Fall,6.2,2226.67,5.16,800.0,İzmir,Bergama
BAKLA,2020,37.0,22.0,Winter,6.57,2226.67,6.29,594.5945945945946,İzmir,Menderes
BAKLA,2020,37.0,22.0,Spring,5.51,2226.67,4.03,594.5945945945946,İzmir,Menderes
BAKLA,2020,37.0,22.0,Summer,5.98,2226.67,5.16,594.5945945945946,İzmir,Menderes
BAKLA,2020,37.0,22.0,Fall,6.2,2226.67,5.16,594.5945945945946,İzmir,Menderes
BAKLA,2020,20.0,16.0,Winter,6.57,2226.67,6.29,800.0,İzmir,Tire
BAKLA,2020,20.0,16.0,Spring,5.51,2226.67,4.03,800.0,İzmir,Tire
BAKLA,2020,20.0,16.0,Summer,5.98,2226.67,5.16,800.0,İzmir,Tire
BAKLA,2020,20.0,16.0,Fall,6.2,2226.67,5.16,800.0,İzmir,Tire
BAKLA,2020,250.0,313.0,Winter,6.57,2226.67,6.29,1252.0,İzmir,Torbalı
BAKLA,2020,250.0,313.0,Spring,5.51,2226.67,4.03,1252.0,İzmir,Torbalı
BAKLA,2020,250.0,313.0,Summer,5.98,2226.67,5.16,1252.0,İzmir,Torbalı
BAKLA,2020,250.0,313.0,Fall,6.2,2226.67,5.16,1252.0,İzmir,Torbalı
BAKLA,2020,300.0,450.0,Winter,6.57,2226.67,6.29,1500.0,İzmir,Ödemiş
BAKLA,2020,300.0,450.0,Spring,5.51,2226.67,4.03,1500.0,İzmir,Ödemiş
BAKLA,2020,300.0,450.0,Summer,5.98,2226.67,5.16,1500.0,İzmir,Ödemiş
BAKLA,2020,300.0,450.0,Fall,6.2,2226.67,5.16,1500.0,İzmir,Ödemiş
BAKLA,2021,50.0,26.0,Winter,6.71,6709.0,7.13,520.0,İzmir,Bayındır
BAKLA,2021,50.0,26.0,Spring,6.69,6709.0,4.27,520.0,İzmir,Bayındır
BAKLA,2021,50.0,26.0,Summer,7.34,6709.0,4.0,520.0,İzmir,Bayındır
BAKLA,2021,50.0,26.0,Fall,7.99,6709.0,5.133333333333333,520.0,İzmir,Bayındır
BAKLA,2021,139.0,111.0,Winter,6.71,6709.0,7.13,798.5611510791367,İzmir,Bergama
BAKLA,2021,139.0,111.0,Spring,6.69,6709.0,4.27,798.5611510791367,İzmir,Bergama
BAKLA,2021,139.0,111.0,Summer,7.34,6709.0,4.0,798.5611510791367,İzmir,Bergama
BAKLA,2021,139.0,111.0,Fall,7.99,6709.0,5.133333333333333,798.5611510791367,İzmir,Bergama
BAKLA,2021,30.0,18.0,Winter,6.71,6709.0,7.13,600.0,İzmir,Menderes
BAKLA,2021,30.0,18.0,Spring,6.69,6709.0,4.27,600.0,İzmir,Menderes
BAKLA,2021,30.0,18.0,Summer,7.34,6709.0,4.0,600.0,İzmir,Menderes
BAKLA,2021,30.0,18.0,Fall,7.99,6709.0,5.133333333333333,600.0,İzmir,Menderes
BAKLA,2021,16.0,13.0,Winter,6.71,6709.0,7.13,812.5,İzmir,Tire
BAKLA,2021,16.0,13.0,Spring,6.69,6709.0,4.27,812.5,İzmir,Tire
BAKLA,2021,16.0,13.0,Summer,7.34,6709.0,4.0,812.5,İzmir,Tire
BAKLA,2021,16.0,13.0,Fall,7.99,6709.0,5.133333333333333,812.5,İzmir,Tire
BAKLA,2021,316.0,395.0,Winter,6.71,6709.0,7.13,1250.0,İzmir,Torbalı
BAKLA,2021,316.0,395.0,Spring,6.69,6709.0,4.27,1250.0,İzmir,Torbalı
BAKLA,2021,316.0,395.0,Summer,7.34,6709.0,4.0,1250.0,İzmir,Torbalı
BAKLA,2021,316.0,395.0,Fall,7.99,6709.0,5.133333333333333,1250.0,İzmir,Torbalı
BAKLA,2021,150.0,225.0,Winter,6.71,6709.0,7.13,1500.0,İzmir,Ödemiş
BAKLA,2021,150.0,225.0,Spring,6.69,6709.0,4.27,1500.0,İzmir,Ödemiş
BAKLA,2021,150.0,225.0,Summer,7.34,6709.0,4.0,1500.0,İzmir,Ödemiş
BAKLA,2021,150.0,225.0,Fall,7.99,6709.0,5.133333333333333,1500.0,İzmir,Ödemiş
BAKLA,2022,50.0,25.0,Winter,13.29,15353.33,10.15,500.0,İzmir,Bayındır
BAKLA,2022,50.0,25.0,Spring,21.62,15353.33,10.06,500.0,İzmir,Bayındır
BAKLA,2022,50.0,25.0,Summer,26.18,15353.33,5.1,500.0,İzmir,Bayındır
BAKLA,2022,50.0,25.0,Fall,25.49,15353.33,10.8,500.0,İzmir,Bayındır
BAKLA,2022,333.0,266.0,Winter,13.29,15353.33,10.15,798.7987987987988,İzmir,Bergama
BAKLA,2022,333.0,266.0,Spring,21.62,15353.33,10.06,798.7987987987988,İzmir,Bergama
BAKLA,2022,333.0,266.0,Summer,26.18,15353.33,5.1,798.7987987987988,İzmir,Bergama
BAKLA,2022,333.0,266.0,Fall,25.49,15353.33,10.8,798.7987987987988,İzmir,Bergama
BAKLA,2022,30.0,18.0,Winter,13.29,15353.33,10.15,600.0,İzmir,Menderes
BAKLA,2022,30.0,18.0,Spring,21.62,15353.33,10.06,600.0,İzmir,Menderes
BAKLA,2022,30.0,18.0,Summer,26.18,15353.33,5.1,600.0,İzmir,Menderes
BAKLA,2022,30.0,18.0,Fall,25.49,15353.33,10.8,600.0,İzmir,Menderes
BAKLA,2022,200.0,250.0,Winter,13.29,15353.33,10.15,1250.0,İzmir,Torbalı
BAKLA,2022,200.0,250.0,Spring,21.62,15353.33,10.06,1250.0,İzmir,Torbalı
BAKLA,2022,200.0,250.0,Summer,26.18,15353.33,5.1,1250.0,İzmir,Torbalı
BAKLA,2022,200.0,250.0,Fall,25.49,15353.33,10.8,1250.0,İzmir,Torbalı
BAKLA,2022,150.0,225.0,Winter,13.29,15353.33,10.15,1500.0,İzmir,Ödemiş
BAKLA,2022,150.0,225.0,Spring,21.62,15353.33,10.06,1500.0,İzmir,Ödemiş
BAKLA,2022,150.0,225.0,Summer,26.18,15353.33,5.1,1500.0,İzmir,Ödemiş
BAKLA,2022,150.0,225.0,Fall,25.49,15353.33,10.8,1500.0,İzmir,Ödemiş
BAKLA,2023,40.0,20.0,Winter,22.27,10488.0,14.81,500.0,İzmir,Bayındır
BAKLA,2023,40.0,20.0,Spring,20.55,10488.0,16.03,500.0,İzmir,Bayındır
BAKLA,2023,40.0,20.0,Summer,30.3,10488.0,12.82,500.0,İzmir,Bayındır
BAKLA,2023,40.0,20.0,Fall,39.39,10488.0,14.553333333333335,500.0,İzmir,Bayındır
BAKLA,2023,201.0,160.0,Winter,22.27,10488.0,14.81,796.0199004975125,İzmir,Bergama
BAKLA,2023,201.0,160.0,Spring,20.55,10488.0,16.03,796.0199004975125,İzmir,Bergama
BAKLA,2023,201.0,160.0,Summer,30.3,10488.0,12.82,796.0199004975125,İzmir,Bergama
BAKLA,2023,201.0,160.0,Fall,39.39,10488.0,14.553333333333335,796.0199004975125,İzmir,Bergama
BAKLA,2023,30.0,18.0,Winter,22.27,10488.0,14.81,600.0,İzmir,Menderes
BAKLA,2023,30.0,18.0,Spring,20.55,10488.0,16.03,600.0,İzmir,Menderes
BAKLA,2023,30.0,18.0,Summer,30.3,10488.0,12.82,600.0,İzmir,Menderes
BAKLA,2023,30.0,18.0,Fall,39.39,10488.0,14.553333333333335,600.0,İzmir,Menderes
BAKLA,2023,150.0,180.0,Winter,22.27,10488.0,14.81,1200.0,İzmir,Torbalı
BAKLA,2023,150.0,180.0,Spring,20.55,10488.0,16.03,1200.0,İzmir,Torbalı
BAKLA,2023,150.0,180.0,Summer,30.3,10488.0,12.82,1200.0,İzmir,Torbalı
BAKLA,2023,150.0,180.0,Fall,39.39,10488.0,14.553333333333335,1200.0,İzmir,Torbalı
BAKLA,2023,200.0,300.0,Winter,22.27,10488.0,14.81,1500.0,İzmir,Ödemiş
BAKLA,2023,200.0,300.0,Spring,20.55,10488.0,16.03,1500.0,İzmir,Ödemiş
BAKLA,2023,200.0,300.0,Summer,30.3,10488.0,12.82,1500.0,İzmir,Ödemiş
BAKLA,2023,200.0,300.0,Fall,39.39,10488.0,14.553333333333335,1500.0,İzmir,Ödemiş
BAKLA,2024,40.0,20.0,Winter,40.18,11266.67,26.92,500.0,İzmir,Bayındır
BAKLA,2024,40.0,20.0,Spring,42.39,11266.67,22.79,500.0,İzmir,Bayındır
BAKLA,2024,40.0,20.0,Summer,44.12,11266.67,32.72,500.0,İzmir,Bayındır
BAKLA,2024,40.0,20.0,Fall,43.82,11266.67,28.69,500.0,İzmir,Bayındır
BAKLA,2024,182.0,145.0,Winter,40.18,11266.67,26.92,796.7032967032967,İzmir,Bergama
BAKLA,2024,182.0,145.0,Spring,42.39,11266.67,22.79,796.7032967032967,İzmir,Bergama
BAKLA,2024,182.0,145.0,Summer,44.12,11266.67,32.72,796.7032967032967,İzmir,Bergama
BAKLA,2024,182.0,145.0,Fall,43.82,11266.67,28.69,796.7032967032967,İzmir,Bergama
BAKLA,2024,30.0,18.0,Winter,40.18,11266.67,26.92,600.0,İzmir,Menderes
BAKLA,2024,30.0,18.0,Spring,42.39,11266.67,22.79,600.0,İzmir,Menderes
BAKLA,2024,30.0,18.0,Summer,44.12,11266.67,32.72,600.0,İzmir,Menderes
BAKLA,2024,30.0,18.0,Fall,43.82,11266.67,28.69,600.0,İzmir,Menderes
BAKLA,2024,170.0,204.0,Winter,40.18,11266.67,26.92,1200.0,İzmir,Torbalı
BAKLA,2024,170.0,204.0,Spring,42.39,11266.67,22.79,1200.0,İzmir,Torbalı
BAKLA,2024,170.0,204.0,Summer,44.12,11266.67,32.72,1200.0,İzmir,Torbalı
BAKLA,2024,170.0,204.0,Fall,43.82,11266.67,28.69,1200.0,İzmir,Torbalı
BAKLA,2024,200.0,300.0,Winter,40.18,11266.67,26.92,1500.0,İzmir,Ödemiş
BAKLA,2024,200.0,300.0,Spring,42.39,11266.67,22.79,1500.0,İzmir,Ödemiş
BAKLA,2024,200.0,300.0,Summer,44.12,11266.67,32.72,1500.0,İzmir,Ödemiş
BAKLA,2024,200.0,300.0,Fall,43.82,11266.67,28.69,1500.0,İzmir,Ödemiş
BAKLA,2025,21.0,11.0,Winter,46.61,14550.0,45.65,523.8095238095239,İzmir,Bayındır
BAKLA,2025,21.0,11.0,Spring,46.68,14550.0,45.65,523.8095238095239,İzmir,Bayındır
BAKLA,2025,21.0,11.0,Summer,52.69,14550.0,45.65,523.8095238095239,İzmir,Bayındır
BAKLA,2025,21.0,11.0,Fall,56.39,14550.0,45.65,523.8095238095239,İzmir,Bayındır
BAKLA,2025,142.0,113.0,Winter,46.61,14550.0,45.65,795.7746478873239,İzmir,Bergama
BAKLA,2025,142.0,113.0,Spring,46.68,14550.0,45.65,795.7746478873239,İzmir,Bergama
BAKLA,2025,142.0,113.0,Summer,52.69,14550.0,45.65,795.7746478873239,İzmir,Bergama
BAKLA,2025,142.0,113.0,Fall,56.39,14550.0,45.65,795.7746478873239,İzmir,Bergama
BAKLA,2025,20.0,12.0,Winter,46.61,14550.0,45.65,600.0,İzmir,Menderes
BAKLA,2025,20.0,12.0,Spring,46.68,14550.0,45.65,600.0,İzmir,Menderes
BAKLA,2025,20.0,12.0,Summer,52.69,14550.0,45.65,600.0,İzmir,Menderes
BAKLA,2025,20.0,12.0,Fall,56.39,14550.0,45.65,600.0,İzmir,Menderes
BAKLA,2025,130.0,176.0,Winter,46.61,14550.0,45.65,1353.8461538461538,İzmir,Torbalı
BAKLA,2025,130.0,176.0,Spring,46.68,14550.0,45.65,1353.8461538461538,İzmir,Torbalı
BAKLA,2025,130.0,176.0,Summer,52.69,14550.0,45.65,1353.8461538461538,İzmir,Torbalı
BAKLA,2025,130.0,176.0,Fall,56.39,14550.0,45.65,1353.8461538461538,İzmir,Torbalı
BAKLA,2025,250.0,375.0,Winter,46.61,14550.0,45.65,1500.0,İzmir,Ödemiş
BAKLA,2025,250.0,375.0,Spring,46.68,14550.0,45.65,1500.0,İzmir,Ödemiş
BAKLA,2025,250.0,375.0,Summer,52.69,14550.0,45.65,1500.0,İzmir,Ödemiş
BAKLA,2025,250.0,375.0,Fall,56.39,14550.0,45.65,1500.0,İzmir,Ödemiş
BEZELYE,2014,1200.0,750.0,Winter,4.54,886.0,1.55,625.0,İzmir,Bayındır
BEZELYE,2014,1200.0,750.0,Spring,4.58,886.0,1.61,625.0,İzmir,Bayındır
BEZELYE,2014,1200.0,750.0,Summer,4.38,886.0,1.16,625.0,İzmir,Bayındır
BEZELYE,2014,1200.0,750.0,Fall,4.24,886.0,1.88,625.0,İzmir,Bayındır
BEZELYE,2014,350.0,175.0,Winter,4.54,886.0,1.55,500.0,İzmir,Bergama
BEZELYE,2014,350.0,175.0,Spring,4.58,886.0,1.61,500.0,İzmir,Bergama
BEZELYE,2014,350.0,175.0,Summer,4.38,886.0,1.16,500.0,İzmir,Bergama
BEZELYE,2014,350.0,175.0,Fall,4.24,886.0,1.88,500.0,İzmir,Bergama
BEZELYE,2014,1500.0,1125.0,Winter,4.54,886.0,1.55,750.0,İzmir,Tire
BEZELYE,2014,1500.0,1125.0,Spring,4.58,886.0,1.61,750.0,İzmir,Tire
BEZELYE,2014,1500.0,1125.0,Summer,4.38,886.0,1.16,750.0,İzmir,Tire
BEZELYE,2014,1500.0,1125.0,Fall,4.24,886.0,1.88,750.0,İzmir,Tire
BEZELYE,2014,4065.0,3252.0,Winter,4.54,886.0,1.55,800.0,İzmir,Torbalı
BEZELYE,2014,4065.0,3252.0,Spring,4.58,886.0,1.61,800.0,İzmir,Torbalı
BEZELYE,2014,4065.0,3252.0,Summer,4.38,886.0,1.16,800.0,İzmir,Torbalı
BEZELYE,2014,4065.0,3252.0,Fall,4.24,886.0,1.88,800.0,İzmir,Torbalı
BEZELYE,2014,1715.0,3001.0,Winter,4.54,886.0,1.55,1749.854227405248,İzmir,Ödemiş
BEZELYE,2014,1715.0,3001.0,Spring,4.58,886.0,1.61,1749.854227405248,İzmir,Ödemiş
BEZELYE,2014,1715.0,3001.0,Summer,4.38,886.0,1.16,1749.854227405248,İzmir,Ödemiş
BEZELYE,2014,1715.0,3001.0,Fall,4.24,886.0,1.88,1749.854227405248,İzmir,Ödemiş
BEZELYE,2015,1300.0,813.0,Winter,3.75,903.33,2.035,625.3846153846154,İzmir,Bayındır
BEZELYE,2015,1300.0,813.0,Spring,3.93,903.33,2.47,625.3846153846154,İzmir,Bayındır
BEZELYE,2015,1300.0,813.0,Summer,3.9,903.33,1.6,625.3846153846154,İzmir,Bayındır
BEZELYE,2015,1300.0,813.0,Fall,3.84,903.33,2.035,625.3846153846154,İzmir,Bayındır
BEZELYE,2015,350.0,175.0,Winter,3.75,903.33,2.035,500.0,İzmir,Bergama
BEZELYE,2015,350.0,175.0,Spring,3.93,903.33,2.47,500.0,İzmir,Bergama
BEZELYE,2015,350.0,175.0,Summer,3.9,903.33,1.6,500.0,İzmir,Bergama
BEZELYE,2015,350.0,175.0,Fall,3.84,903.33,2.035,500.0,İzmir,Bergama
BEZELYE,2015,1550.0,1163.0,Winter,3.75,903.33,2.035,750.3225806451613,İzmir,Tire
BEZELYE,2015,1550.0,1163.0,Spring,3.93,903.33,2.47,750.3225806451613,İzmir,Tire
BEZELYE,2015,1550.0,1163.0,Summer,3.9,903.33,1.6,750.3225806451613,İzmir,Tire
BEZELYE,2015,1550.0,1163.0,Fall,3.84,903.33,2.035,750.3225806451613,İzmir,Tire
BEZELYE,2015,2440.0,2440.0,Winter,3.75,903.33,2.035,1000.0,İzmir,Torbalı
BEZELYE,2015,2440.0,2440.0,Spring,3.93,903.33,2.47,1000.0,İzmir,Torbalı
BEZELYE,2015,2440.0,2440.0,Summer,3.9,903.33,1.6,1000.0,İzmir,Torbalı
BEZELYE,2015,2440.0,2440.0,Fall,3.84,903.33,2.035,1000.0,İzmir,Torbalı
BEZELYE,2015,1715.0,3001.0,Winter,3.75,903.33,2.035,1749.854227405248,İzmir,Ödemiş
BEZELYE,2015,1715.0,3001.0,Spring,3.93,903.33,2.47,1749.854227405248,İzmir,Ödemiş
BEZELYE,2015,1715.0,3001.0,Summer,3.9,903.33,1.6,1749.854227405248,İzmir,Ödemiş
BEZELYE,2015,1715.0,3001.0,Fall,3.84,903.33,2.035,1749.854227405248,İzmir,Ödemiş
BEZELYE,2016,1000.0,625.0,Winter,3.48,822.67,1.65,625.0,İzmir,Bayındır
BEZELYE,2016,1000.0,625.0,Spring,3.63,822.67,2.1,625.0,İzmir,Bayındır
BEZELYE,2016,1000.0,625.0,Summer,3.79,822.67,1.2,625.0,İzmir,Bayındır
BEZELYE,2016,1000.0,625.0,Fall,4.13,822.67,1.65,625.0,İzmir,Bayındır
BEZELYE,2016,350.0,175.0,Winter,3.48,822.67,1.65,500.0,İzmir,Bergama
BEZELYE,2016,350.0,175.0,Spring,3.63,822.67,2.1,500.0,İzmir,Bergama
BEZELYE,2016,350.0,175.0,Summer,3.79,822.67,1.2,500.0,İzmir,Bergama
BEZELYE,2016,350.0,175.0,Fall,4.13,822.67,1.65,500.0,İzmir,Bergama
BEZELYE,2016,1600.0,1280.0,Winter,3.48,822.67,1.65,800.0,İzmir,Tire
BEZELYE,2016,1600.0,1280.0,Spring,3.63,822.67,2.1,800.0,İzmir,Tire
BEZELYE,2016,1600.0,1280.0,Summer,3.79,822.67,1.2,800.0,İzmir,Tire
BEZELYE,2016,1600.0,1280.0,Fall,4.13,822.67,1.65,800.0,İzmir,Tire
BEZELYE,2016,2400.0,2760.0,Winter,3.48,822.67,1.65,1150.0,İzmir,Torbalı
BEZELYE,2016,2400.0,2760.0,Spring,3.63,822.67,2.1,1150.0,İzmir,Torbalı
BEZELYE,2016,2400.0,2760.0,Summer,3.79,822.67,1.2,1150.0,İzmir,Torbalı
BEZELYE,2016,2400.0,2760.0,Fall,4.13,822.67,1.65,1150.0,İzmir,Torbalı
BEZELYE,2016,1715.0,3001.0,Winter,3.48,822.67,1.65,1749.854227405248,İzmir,Ödemiş
BEZELYE,2016,1715.0,3001.0,Spring,3.63,822.67,2.1,1749.854227405248,İzmir,Ödemiş
BEZELYE,2016,1715.0,3001.0,Summer,3.79,822.67,1.2,1749.854227405248,İzmir,Ödemiş
BEZELYE,2016,1715.0,3001.0,Fall,4.13,822.67,1.65,1749.854227405248,İzmir,Ödemiş
BEZELYE,2017,1000.0,625.0,Winter,4.59,906.33,2.4549999999999996,625.0,İzmir,Bayındır
BEZELYE,2017,1000.0,625.0,Spring,4.55,906.33,3.28,625.0,İzmir,Bayındır
BEZELYE,2017,1000.0,625.0,Summer,4.48,906.33,1.63,625.0,İzmir,Bayındır
BEZELYE,2017,1000.0,625.0,Fall,4.83,906.33,2.4549999999999996,625.0,İzmir,Bayındır
BEZELYE,2017,350.0,175.0,Winter,4.59,906.33,2.4549999999999996,500.0,İzmir,Bergama
BEZELYE,2017,350.0,175.0,Spring,4.55,906.33,3.28,500.0,İzmir,Bergama
BEZELYE,2017,350.0,175.0,Summer,4.48,906.33,1.63,500.0,İzmir,Bergama
BEZELYE,2017,350.0,175.0,Fall,4.83,906.33,2.4549999999999996,500.0,İzmir,Bergama
BEZELYE,2017,1500.0,1200.0,Winter,4.59,906.33,2.4549999999999996,800.0,İzmir,Tire
BEZELYE,2017,1500.0,1200.0,Spring,4.55,906.33,3.28,800.0,İzmir,Tire
BEZELYE,2017,1500.0,1200.0,Summer,4.48,906.33,1.63,800.0,İzmir,Tire
BEZELYE,2017,1500.0,1200.0,Fall,4.83,906.33,2.4549999999999996,800.0,İzmir,Tire
BEZELYE,2017,1650.0,1898.0,Winter,4.59,906.33,2.4549999999999996,1150.3030303030303,İzmir,Torbalı
BEZELYE,2017,1650.0,1898.0,Spring,4.55,906.33,3.28,1150.3030303030303,İzmir,Torbalı
BEZELYE,2017,1650.0,1898.0,Summer,4.48,906.33,1.63,1150.3030303030303,İzmir,Torbalı
BEZELYE,2017,1650.0,1898.0,Fall,4.83,906.33,2.4549999999999996,1150.3030303030303,İzmir,Torbalı
BEZELYE,2017,2215.0,3876.0,Winter,4.59,906.33,2.4549999999999996,1749.8871331828443,İzmir,Ödemiş
BEZELYE,2017,2215.0,3876.0,Spring,4.55,906.33,3.28,1749.8871331828443,İzmir,Ödemiş
BEZELYE,2017,2215.0,3876.0,Summer,4.48,906.33,1.63,1749.8871331828443,İzmir,Ödemiş
BEZELYE,2017,2215.0,3876.0,Fall,4.83,906.33,2.4549999999999996,1749.8871331828443,İzmir,Ödemiş
BEZELYE,2018,1000.0,625.0,Winter,5.11,1217.33,2.79,625.0,İzmir,Bayındır
BEZELYE,2018,1000.0,625.0,Spring,5.46,1217.33,1.86,625.0,İzmir,Bayındır
BEZELYE,2018,1000.0,625.0,Summer,5.81,1217.33,2.05,625.0,İzmir,Bayındır
BEZELYE,2018,1000.0,625.0,Fall,6.34,1217.33,2.2333333333333334,625.0,İzmir,Bayındır
BEZELYE,2018,350.0,175.0,Winter,5.11,1217.33,2.79,500.0,İzmir,Bergama
BEZELYE,2018,350.0,175.0,Spring,5.46,1217.33,1.86,500.0,İzmir,Bergama
BEZELYE,2018,350.0,175.0,Summer,5.81,1217.33,2.05,500.0,İzmir,Bergama
BEZELYE,2018,350.0,175.0,Fall,6.34,1217.33,2.2333333333333334,500.0,İzmir,Bergama
BEZELYE,2018,2000.0,1600.0,Winter,5.11,1217.33,2.79,800.0,İzmir,Tire
BEZELYE,2018,2000.0,1600.0,Spring,5.46,1217.33,1.86,800.0,İzmir,Tire
BEZELYE,2018,2000.0,1600.0,Summer,5.81,1217.33,2.05,800.0,İzmir,Tire
BEZELYE,2018,2000.0,1600.0,Fall,6.34,1217.33,2.2333333333333334,800.0,İzmir,Tire
BEZELYE,2018,1400.0,1610.0,Winter,5.11,1217.33,2.79,1150.0,İzmir,Torbalı
BEZELYE,2018,1400.0,1610.0,Spring,5.46,1217.33,1.86,1150.0,İzmir,Torbalı
BEZELYE,2018,1400.0,1610.0,Summer,5.81,1217.33,2.05,1150.0,İzmir,Torbalı
BEZELYE,2018,1400.0,1610.0,Fall,6.34,1217.33,2.2333333333333334,1150.0,İzmir,Torbalı
BEZELYE,2018,2000.0,3500.0,Winter,5.11,1217.33,2.79,1750.0,İzmir,Ödemiş
BEZELYE,2018,2000.0,3500.0,Spring,5.46,1217.33,1.86,1750.0,İzmir,Ödemiş
BEZELYE,2018,2000.0,3500.0,Summer,5.81,1217.33,2.05,1750.0,İzmir,Ödemiş
BEZELYE,2018,2000.0,3500.0,Fall,6.34,1217.33,2.2333333333333334,1750.0,İzmir,Ödemiş
BEZELYE,2019,800.0,500.0,Winter,6.0,1486.33,4.0600000000000005,625.0,İzmir,Bayındır
BEZELYE,2019,800.0,500.0,Spring,6.44,1486.33,4.73,625.0,İzmir,Bayındır
BEZELYE,2019,800.0,500.0,Summer,6.38,1486.33,3.39,625.0,İzmir,Bayındır
BEZELYE,2019,800.0,500.0,Fall,6.53,1486.33,4.0600000000000005,625.0,İzmir,Bayındır
BEZELYE,2019,350.0,175.0,Winter,6.0,1486.33,4.0600000000000005,500.0,İzmir,Bergama
BEZELYE,2019,350.0,175.0,Spring,6.44,1486.33,4.73,500.0,İzmir,Bergama
BEZELYE,2019,350.0,175.0,Summer,6.38,1486.33,3.39,500.0,İzmir,Bergama
BEZELYE,2019,350.0,175.0,Fall,6.53,1486.33,4.0600000000000005,500.0,İzmir,Bergama
BEZELYE,2019,2000.0,1600.0,Winter,6.0,1486.33,4.0600000000000005,800.0,İzmir,Tire
BEZELYE,2019,2000.0,1600.0,Spring,6.44,1486.33,4.73,800.0,İzmir,Tire
BEZELYE,2019,2000.0,1600.0,Summer,6.38,1486.33,3.39,800.0,İzmir,Tire
BEZELYE,2019,2000.0,1600.0,Fall,6.53,1486.33,4.0600000000000005,800.0,İzmir,Tire
BEZELYE,2019,1500.0,1800.0,Winter,6.0,1486.33,4.0600000000000005,1200.0,İzmir,Torbalı
BEZELYE,2019,1500.0,1800.0,Spring,6.44,1486.33,4.73,1200.0,İzmir,Torbalı
BEZELYE,2019,1500.0,1800.0,Summer,6.38,1486.33,3.39,1200.0,İzmir,Torbalı
BEZELYE,2019,1500.0,1800.0,Fall,6.53,1486.33,4.0600000000000005,1200.0,İzmir,Torbalı
BEZELYE,2019,2000.0,3500.0,Winter,6.0,1486.33,4.0600000000000005,1750.0,İzmir,Ödemiş
BEZELYE,2019,2000.0,3500.0,Spring,6.44,1486.33,4.73,1750.0,İzmir,Ödemiş
BEZELYE,2019,2000.0,3500.0,Summer,6.38,1486.33,3.39,1750.0,İzmir,Ödemiş
BEZELYE,2019,2000.0,3500.0,Fall,6.53,1486.33,4.0600000000000005,1750.0,İzmir,Ödemiş
BEZELYE,2020,300.0,300.0,Winter,6.57,2226.67,2.9850000000000003,1000.0,İzmir,Bayındır
BEZELYE,2020,300.0,300.0,Spring,5.51,2226.67,2.75,1000.0,İzmir,Bayındır
BEZELYE,2020,300.0,300.0,Summer,5.98,2226.67,3.22,1000.0,İzmir,Bayındır
BEZELYE,2020,300.0,300.0,Fall,6.2,2226.67,2.9850000000000003,1000.0,İzmir,Bayındır
BEZELYE,2020,350.0,175.0,Winter,6.57,2226.67,2.9850000000000003,500.0,İzmir,Bergama
BEZELYE,2020,350.0,175.0,Spring,5.51,2226.67,2.75,500.0,İzmir,Bergama
BEZELYE,2020,350.0,175.0,Summer,5.98,2226.67,3.22,500.0,İzmir,Bergama
BEZELYE,2020,350.0,175.0,Fall,6.2,2226.67,2.9850000000000003,500.0,İzmir,Bergama
BEZELYE,2020,1130.0,904.0,Winter,6.57,2226.67,2.9850000000000003,800.0,İzmir,Tire
BEZELYE,2020,1130.0,904.0,Spring,5.51,2226.67,2.75,800.0,İzmir,Tire
BEZELYE,2020,1130.0,904.0,Summer,5.98,2226.67,3.22,800.0,İzmir,Tire
BEZELYE,2020,1130.0,904.0,Fall,6.2,2226.67,2.9850000000000003,800.0,İzmir,Tire
BEZELYE,2020,6150.0,7686.0,Winter,6.57,2226.67,2.9850000000000003,1249.7560975609756,İzmir,Torbalı
BEZELYE,2020,6150.0,7686.0,Spring,5.51,2226.67,2.75,1249.7560975609756,İzmir,Torbalı
BEZELYE,2020,6150.0,7686.0,Summer,5.98,2226.67,3.22,1249.7560975609756,İzmir,Torbalı
BEZELYE,2020,6150.0,7686.0,Fall,6.2,2226.67,2.9850000000000003,1249.7560975609756,İzmir,Torbalı
BEZELYE,2020,750.0,1313.0,Winter,6.57,2226.67,2.9850000000000003,1750.6666666666667,İzmir,Ödemiş
BEZELYE,2020,750.0,1313.0,Spring,5.51,2226.67,2.75,1750.6666666666667,İzmir,Ödemiş
BEZELYE,2020,750.0,1313.0,Summer,5.98,2226.67,3.22,1750.6666666666667,İzmir,Ödemiş
BEZELYE,2020,750.0,1313.0,Fall,6.2,2226.67,2.9850000000000003,1750.6666666666667,İzmir,Ödemiş
BEZELYE,2021,650.0,650.0,Winter,6.71,6709.0,3.475,1000.0,İzmir,Bayındır
BEZELYE,2021,650.0,650.0,Spring,6.69,6709.0,4.21,1000.0,İzmir,Bayındır
BEZELYE,2021,650.0,650.0,Summer,7.34,6709.0,2.74,1000.0,İzmir,Bayındır
BEZELYE,2021,650.0,650.0,Fall,7.99,6709.0,3.475,1000.0,İzmir,Bayındır
BEZELYE,2021,39.0,20.0,Winter,6.71,6709.0,3.475,512.8205128205128,İzmir,Bergama
BEZELYE,2021,39.0,20.0,Spring,6.69,6709.0,4.21,512.8205128205128,İzmir,Bergama
BEZELYE,2021,39.0,20.0,Summer,7.34,6709.0,2.74,512.8205128205128,İzmir,Bergama
BEZELYE,2021,39.0,20.0,Fall,7.99,6709.0,3.475,512.8205128205128,İzmir,Bergama
BEZELYE,2021,1021.0,817.0,Winter,6.71,6709.0,3.475,800.1958863858962,İzmir,Tire
BEZELYE,2021,1021.0,817.0,Spring,6.69,6709.0,4.21,800.1958863858962,İzmir,Tire
BEZELYE,2021,1021.0,817.0,Summer,7.34,6709.0,2.74,800.1958863858962,İzmir,Tire
BEZELYE,2021,1021.0,817.0,Fall,7.99,6709.0,3.475,800.1958863858962,İzmir,Tire
BEZELYE,2021,5500.0,6875.0,Winter,6.71,6709.0,3.475,1250.0,İzmir,Torbalı
BEZELYE,2021,5500.0,6875.0,Spring,6.69,6709.0,4.21,1250.0,İzmir,Torbalı
BEZELYE,2021,5500.0,6875.0,Summer,7.34,6709.0,2.74,1250.0,İzmir,Torbalı
BEZELYE,2021,5500.0,6875.0,Fall,7.99,6709.0,3.475,1250.0,İzmir,Torbalı
BEZELYE,2021,900.0,1575.0,Winter,6.71,6709.0,3.475,1750.0,İzmir,Ödemiş
BEZELYE,2021,900.0,1575.0,Spring,6.69,6709.0,4.21,1750.0,İzmir,Ödemiş
BEZELYE,2021,900.0,1575.0,Summer,7.34,6709.0,2.74,1750.0,İzmir,Ödemiş
BEZELYE,2021,900.0,1575.0,Fall,7.99,6709.0,3.475,1750.0,İzmir,Ödemiş
BEZELYE,2022,210.0,315.0,Winter,13.29,15353.33,9.575,1500.0,İzmir,Bayındır
BEZELYE,2022,210.0,315.0,Spring,21.62,15353.33,11.09,1500.0,İzmir,Bayındır
BEZELYE,2022,210.0,315.0,Summer,26.18,15353.33,8.06,1500.0,İzmir,Bayındır
BEZELYE,2022,210.0,315.0,Fall,25.49,15353.33,9.575,1500.0,İzmir,Bayındır
BEZELYE,2022,3.0,2.0,Winter,13.29,15353.33,9.575,666.6666666666666,İzmir,Bergama
BEZELYE,2022,3.0,2.0,Spring,21.62,15353.33,11.09,666.6666666666666,İzmir,Bergama
BEZELYE,2022,3.0,2.0,Summer,26.18,15353.33,8.06,666.6666666666666,İzmir,Bergama
BEZELYE,2022,3.0,2.0,Fall,25.49,15353.33,9.575,666.6666666666666,İzmir,Bergama
BEZELYE,2022,1369.0,1095.0,Winter,13.29,15353.33,9.575,799.853907962016,İzmir,Tire
BEZELYE,2022,1369.0,1095.0,Spring,21.62,15353.33,11.09,799.853907962016,İzmir,Tire
BEZELYE,2022,1369.0,1095.0,Summer,26.18,15353.33,8.06,799.853907962016,İzmir,Tire
BEZELYE,2022,1369.0,1095.0,Fall,25.49,15353.33,9.575,799.853907962016,İzmir,Tire
BEZELYE,2022,5750.0,7188.0,Winter,13.29,15353.33,9.575,1250.0869565217392,İzmir,Torbalı
BEZELYE,2022,5750.0,7188.0,Spring,21.62,15353.33,11.09,1250.0869565217392,İzmir,Torbalı
BEZELYE,2022,5750.0,7188.0,Summer,26.18,15353.33,8.06,1250.0869565217392,İzmir,Torbalı
BEZELYE,2022,5750.0,7188.0,Fall,25.49,15353.33,9.575,1250.0869565217392,İzmir,Torbalı
BEZELYE,2022,800.0,1400.0,Winter,13.29,15353.33,9.575,1750.0,İzmir,Ödemiş
BEZELYE,2022,800.0,1400.0,Spring,21.62,15353.33,11.09,1750.0,İzmir,Ödemiş
BEZELYE,2022,800.0,1400.0,Summer,26.18,15353.33,8.06,1750.0,İzmir,Ödemiş
BEZELYE,2022,800.0,1400.0,Fall,25.49,15353.33,9.575,1750.0,İzmir,Ödemiş
BEZELYE,2023,400.0,600.0,Winter,22.27,10488.0,12.63,1500.0,İzmir,Bayındır
BEZELYE,2023,400.0,600.0,Spring,20.55,10488.0,15.59,1500.0,İzmir,Bayındır
BEZELYE,2023,400.0,600.0,Summer,30.3,10488.0,15.12,1500.0,İzmir,Bayındır
BEZELYE,2023,400.0,600.0,Fall,39.39,10488.0,12.91,1500.0,İzmir,Bayındır
BEZELYE,2023,84.0,56.0,Winter,22.27,10488.0,12.63,666.6666666666666,İzmir,Bergama
BEZELYE,2023,84.0,56.0,Spring,20.55,10488.0,15.59,666.6666666666666,İzmir,Bergama
BEZELYE,2023,84.0,56.0,Summer,30.3,10488.0,15.12,666.6666666666666,İzmir,Bergama
BEZELYE,2023,84.0,56.0,Fall,39.39,10488.0,12.91,666.6666666666666,İzmir,Bergama
BEZELYE,2023,1297.0,1038.0,Winter,22.27,10488.0,12.63,800.3084040092522,İzmir,Tire
BEZELYE,2023,1297.0,1038.0,Spring,20.55,10488.0,15.59,800.3084040092522,İzmir,Tire
BEZELYE,2023,1297.0,1038.0,Summer,30.3,10488.0,15.12,800.3084040092522,İzmir,Tire
BEZELYE,2023,1297.0,1038.0,Fall,39.39,10488.0,12.91,800.3084040092522,İzmir,Tire
BEZELYE,2023,6575.0,7890.0,Winter,22.27,10488.0,12.63,1200.0,İzmir,Torbalı
BEZELYE,2023,6575.0,7890.0,Spring,20.55,10488.0,15.59,1200.0,İzmir,Torbalı
BEZELYE,2023,6575.0,7890.0,Summer,30.3,10488.0,15.12,1200.0,İzmir,Torbalı
BEZELYE,2023,6575.0,7890.0,Fall,39.39,10488.0,12.91,1200.0,İzmir,Torbalı
BEZELYE,2023,2000.0,3500.0,Winter,22.27,10488.0,12.63,1750.0,İzmir,Ödemiş
BEZELYE,2023,2000.0,3500.0,Spring,20.55,10488.0,15.59,1750.0,İzmir,Ödemiş
BEZELYE,2023,2000.0,3500.0,Summer,30.3,10488.0,15.12,1750.0,İzmir,Ödemiş
BEZELYE,2023,2000.0,3500.0,Fall,39.39,10488.0,12.91,1750.0,İzmir,Ödemiş
BEZELYE,2024,300.0,450.0,Winter,40.18,11266.67,25.8,1500.0,İzmir,Bayındır
BEZELYE,2024,300.0,450.0,Spring,42.39,11266.67,23.94,1500.0,İzmir,Bayındır
BEZELYE,2024,300.0,450.0,Summer,44.12,11266.67,23.65,1500.0,İzmir,Bayındır
BEZELYE,2024,300.0,450.0,Fall,43.82,11266.67,22.42,1500.0,İzmir,Bayındır
BEZELYE,2024,150.0,100.0,Winter,40.18,11266.67,25.8,666.6666666666666,İzmir,Bergama
BEZELYE,2024,150.0,100.0,Spring,42.39,11266.67,23.94,666.6666666666666,İzmir,Bergama
BEZELYE,2024,150.0,100.0,Summer,44.12,11266.67,23.65,666.6666666666666,İzmir,Bergama
BEZELYE,2024,150.0,100.0,Fall,43.82,11266.67,22.42,666.6666666666666,İzmir,Bergama
BEZELYE,2024,1250.0,1000.0,Winter,40.18,11266.67,25.8,800.0,İzmir,Tire
BEZELYE,2024,1250.0,1000.0,Spring,42.39,11266.67,23.94,800.0,İzmir,Tire
BEZELYE,2024,1250.0,1000.0,Summer,44.12,11266.67,23.65,800.0,İzmir,Tire
BEZELYE,2024,1250.0,1000.0,Fall,43.82,11266.67,22.42,800.0,İzmir,Tire
BEZELYE,2024,6550.0,8188.0,Winter,40.18,11266.67,25.8,1250.0763358778627,İzmir,Torbalı
BEZELYE,2024,6550.0,8188.0,Spring,42.39,11266.67,23.94,1250.0763358778627,İzmir,Torbalı
BEZELYE,2024,6550.0,8188.0,Summer,44.12,11266.67,23.65,1250.0763358778627,İzmir,Torbalı
BEZELYE,2024,6550.0,8188.0,Fall,43.82,11266.67,22.42,1250.0763358778627,İzmir,Torbalı
BEZELYE,2024,1750.0,2625.0,Winter,40.18,11266.67,25.8,1500.0,İzmir,Ödemiş
BEZELYE,2024,1750.0,2625.0,Spring,42.39,11266.67,23.94,1500.0,İzmir,Ödemiş
BEZELYE,2024,1750.0,2625.0,Summer,44.12,11266.67,23.65,1500.0,İzmir,Ödemiş
BEZELYE,2024,1750.0,2625.0,Fall,43.82,11266.67,22.42,1500.0,İzmir,Ödemiş
BEZELYE,2025,324.0,486.0,Winter,46.61,14550.0,22.62,1500.0,İzmir,Bayındır
BEZELYE,2025,324.0,486.0,Spring,46.68,14550.0,34.67,1500.0,İzmir,Bayındır
BEZELYE,2025,324.0,486.0,Summer,52.69,14550.0,23.4,1500.0,İzmir,Bayındır
BEZELYE,2025,324.0,486.0,Fall,56.39,14550.0,29.06,1500.0,İzmir,Bayındır
BEZELYE,2025,90.0,60.0,Winter,46.61,14550.0,22.62,666.6666666666666,İzmir,Bergama
BEZELYE,2025,90.0,60.0,Spring,46.68,14550.0,34.67,666.6666666666666,İzmir,Bergama
BEZELYE,2025,90.0,60.0,Summer,52.69,14550.0,23.4,666.6666666666666,İzmir,Bergama
BEZELYE,2025,90.0,60.0,Fall,56.39,14550.0,29.06,666.6666666666666,İzmir,Bergama
BEZELYE,2025,1850.0,2775.0,Winter,46.61,14550.0,22.62,1500.0,İzmir,Tire
BEZELYE,2025,1850.0,2775.0,Spring,46.68,14550.0,34.67,1500.0,İzmir,Tire
BEZELYE,2025,1850.0,2775.0,Summer,52.69,14550.0,23.4,1500.0,İzmir,Tire
BEZELYE,2025,1850.0,2775.0,Fall,56.39,14550.0,29.06,1500.0,İzmir,Tire
BEZELYE,2025,6750.0,10125.0,Winter,46.61,14550.0,22.62,1500.0,İzmir,Torbalı
BEZELYE,2025,6750.0,10125.0,Spring,46.68,14550.0,34.67,1500.0,İzmir,Torbalı
BEZELYE,2025,6750.0,10125.0,Summer,52.69,14550.0,23.4,1500.0,İzmir,Torbalı
BEZELYE,2025,6750.0,10125.0,Fall,56.39,14550.0,29.06,1500.0,İzmir,Torbalı
BEZELYE,2025,500.0,750.0,Winter,46.61,14550.0,22.62,1500.0,İzmir,Ödemiş
BEZELYE,2025,500.0,750.0,Spring,46.68,14550.0,34.67,1500.0,İzmir,Ödemiş
BEZELYE,2025,500.0,750.0,Summer,52.69,14550.0,23.4,1500.0,İzmir,Ödemiş
BEZELYE,2025,500.0,750.0,Fall,56.39,14550.0,29.06,1500.0,İzmir,Ödemiş
BIBER SIVRI,2014,2300.0,7360.0,Winter,4.54,886.0,2.5,3200.0,İzmir,Bayındır
BIBER SIVRI,2014,2300.0,7360.0,Spring,4.58,886.0,1.81,3200.0,İzmir,Bayındır
BIBER SIVRI,2014,2300.0,7360.0,Summer,4.38,886.0,1.13,3200.0,İzmir,Bayındır
BIBER SIVRI,2014,2300.0,7360.0,Fall,4.24,886.0,1.34,3200.0,İzmir,Bayındır
BIBER SIVRI,2014,1500.0,1500.0,Winter,4.54,886.0,2.5,1000.0,İzmir,Bergama
BIBER SIVRI,2014,1500.0,1500.0,Spring,4.58,886.0,1.81,1000.0,İzmir,Bergama
BIBER SIVRI,2014,1500.0,1500.0,Summer,4.38,886.0,1.13,1000.0,İzmir,Bergama
BIBER SIVRI,2014,1500.0,1500.0,Fall,4.24,886.0,1.34,1000.0,İzmir,Bergama
BIBER SIVRI,2014,1020.0,1900.0,Winter,4.54,886.0,2.5,1862.7450980392157,İzmir,Menderes
BIBER SIVRI,2014,1020.0,1900.0,Spring,4.58,886.0,1.81,1862.7450980392157,İzmir,Menderes
BIBER SIVRI,2014,1020.0,1900.0,Summer,4.38,886.0,1.13,1862.7450980392157,İzmir,Menderes
BIBER SIVRI,2014,1020.0,1900.0,Fall,4.24,886.0,1.34,1862.7450980392157,İzmir,Menderes
BIBER SIVRI,2014,1400.0,2100.0,Winter,4.54,886.0,2.5,1500.0,İzmir,Tire
BIBER SIVRI,2014,1400.0,2100.0,Spring,4.58,886.0,1.81,1500.0,İzmir,Tire
BIBER SIVRI,2014,1400.0,2100.0,Summer,4.38,886.0,1.13,1500.0,İzmir,Tire
BIBER SIVRI,2014,1400.0,2100.0,Fall,4.24,886.0,1.34,1500.0,İzmir,Tire
BIBER SIVRI,2014,1967.0,4926.0,Winter,4.54,886.0,2.5,2504.3213014743264,İzmir,Torbalı
BIBER SIVRI,2014,1967.0,4926.0,Spring,4.58,886.0,1.81,2504.3213014743264,İzmir,Torbalı
BIBER SIVRI,2014,1967.0,4926.0,Summer,4.38,886.0,1.13,2504.3213014743264,İzmir,Torbalı
BIBER SIVRI,2014,1967.0,4926.0,Fall,4.24,886.0,1.34,2504.3213014743264,İzmir,Torbalı
BIBER SIVRI,2014,1500.0,4500.0,Winter,4.54,886.0,2.5,3000.0,İzmir,Ödemiş
BIBER SIVRI,2014,1500.0,4500.0,Spring,4.58,886.0,1.81,3000.0,İzmir,Ödemiş
BIBER SIVRI,2014,1500.0,4500.0,Summer,4.38,886.0,1.13,3000.0,İzmir,Ödemiş
BIBER SIVRI,2014,1500.0,4500.0,Fall,4.24,886.0,1.34,3000.0,İzmir,Ödemiş
BIBER SIVRI,2015,1800.0,5760.0,Winter,3.75,903.33,2.18,3200.0,İzmir,Bayındır
BIBER SIVRI,2015,1800.0,5760.0,Spring,3.93,903.33,2.68,3200.0,İzmir,Bayındır
BIBER SIVRI,2015,1800.0,5760.0,Summer,3.9,903.33,1.12,3200.0,İzmir,Bayındır
BIBER SIVRI,2015,1800.0,5760.0,Fall,3.84,903.33,1.4,3200.0,İzmir,Bayındır
BIBER SIVRI,2015,1500.0,1500.0,Winter,3.75,903.33,2.18,1000.0,İzmir,Bergama
BIBER SIVRI,2015,1500.0,1500.0,Spring,3.93,903.33,2.68,1000.0,İzmir,Bergama
BIBER SIVRI,2015,1500.0,1500.0,Summer,3.9,903.33,1.12,1000.0,İzmir,Bergama
BIBER SIVRI,2015,1500.0,1500.0,Fall,3.84,903.33,1.4,1000.0,İzmir,Bergama
BIBER SIVRI,2015,2014.0,4474.0,Winter,3.75,903.33,2.18,2221.449851042701,İzmir,Menderes
BIBER SIVRI,2015,2014.0,4474.0,Spring,3.93,903.33,2.68,2221.449851042701,İzmir,Menderes
BIBER SIVRI,2015,2014.0,4474.0,Summer,3.9,903.33,1.12,2221.449851042701,İzmir,Menderes
BIBER SIVRI,2015,2014.0,4474.0,Fall,3.84,903.33,1.4,2221.449851042701,İzmir,Menderes
BIBER SIVRI,2015,1350.0,2025.0,Winter,3.75,903.33,2.18,1500.0,İzmir,Tire
BIBER SIVRI,2015,1350.0,2025.0,Spring,3.93,903.33,2.68,1500.0,İzmir,Tire
BIBER SIVRI,2015,1350.0,2025.0,Summer,3.9,903.33,1.12,1500.0,İzmir,Tire
BIBER SIVRI,2015,1350.0,2025.0,Fall,3.84,903.33,1.4,1500.0,İzmir,Tire
BIBER SIVRI,2015,1667.0,5495.0,Winter,3.75,903.33,2.18,3296.340731853629,İzmir,Torbalı
BIBER SIVRI,2015,1667.0,5495.0,Spring,3.93,903.33,2.68,3296.340731853629,İzmir,Torbalı
BIBER SIVRI,2015,1667.0,5495.0,Summer,3.9,903.33,1.12,3296.340731853629,İzmir,Torbalı
BIBER SIVRI,2015,1667.0,5495.0,Fall,3.84,903.33,1.4,3296.340731853629,İzmir,Torbalı
BIBER SIVRI,2015,1500.0,4500.0,Winter,3.75,903.33,2.18,3000.0,İzmir,Ödemiş
BIBER SIVRI,2015,1500.0,4500.0,Spring,3.93,903.33,2.68,3000.0,İzmir,Ödemiş
BIBER SIVRI,2015,1500.0,4500.0,Summer,3.9,903.33,1.12,3000.0,İzmir,Ödemiş
BIBER SIVRI,2015,1500.0,4500.0,Fall,3.84,903.33,1.4,3000.0,İzmir,Ödemiş
BIBER SIVRI,2016,1800.0,5749.0,Winter,3.48,822.67,2.46,3193.8888888888887,İzmir,Bayındır
BIBER SIVRI,2016,1800.0,5749.0,Spring,3.63,822.67,2.09,3193.8888888888887,İzmir,Bayındır
BIBER SIVRI,2016,1800.0,5749.0,Summer,3.79,822.67,1.42,3193.8888888888887,İzmir,Bayındır
BIBER SIVRI,2016,1800.0,5749.0,Fall,4.13,822.67,1.79,3193.8888888888887,İzmir,Bayındır
BIBER SIVRI,2016,1500.0,1497.0,Winter,3.48,822.67,2.46,998.0,İzmir,Bergama
BIBER SIVRI,2016,1500.0,1497.0,Spring,3.63,822.67,2.09,998.0,İzmir,Bergama
BIBER SIVRI,2016,1500.0,1497.0,Summer,3.79,822.67,1.42,998.0,İzmir,Bergama
BIBER SIVRI,2016,1500.0,1497.0,Fall,4.13,822.67,1.79,998.0,İzmir,Bergama
BIBER SIVRI,2016,2064.0,4600.0,Winter,3.48,822.67,2.46,2228.6821705426355,İzmir,Menderes
BIBER SIVRI,2016,2064.0,4600.0,Spring,3.63,822.67,2.09,2228.6821705426355,İzmir,Menderes
BIBER SIVRI,2016,2064.0,4600.0,Summer,3.79,822.67,1.42,2228.6821705426355,İzmir,Menderes
BIBER SIVRI,2016,2064.0,4600.0,Fall,4.13,822.67,1.79,2228.6821705426355,İzmir,Menderes
BIBER SIVRI,2016,1350.0,2021.0,Winter,3.48,822.67,2.46,1497.037037037037,İzmir,Tire
BIBER SIVRI,2016,1350.0,2021.0,Spring,3.63,822.67,2.09,1497.037037037037,İzmir,Tire
BIBER SIVRI,2016,1350.0,2021.0,Summer,3.79,822.67,1.42,1497.037037037037,İzmir,Tire
BIBER SIVRI,2016,1350.0,2021.0,Fall,4.13,822.67,1.79,1497.037037037037,İzmir,Tire
BIBER SIVRI,2016,1570.0,5164.0,Winter,3.48,822.67,2.46,3289.171974522293,İzmir,Torbalı
BIBER SIVRI,2016,1570.0,5164.0,Spring,3.63,822.67,2.09,3289.171974522293,İzmir,Torbalı
BIBER SIVRI,2016,1570.0,5164.0,Summer,3.79,822.67,1.42,3289.171974522293,İzmir,Torbalı
BIBER SIVRI,2016,1570.0,5164.0,Fall,4.13,822.67,1.79,3289.171974522293,İzmir,Torbalı
BIBER SIVRI,2016,1500.0,4491.0,Winter,3.48,822.67,2.46,2994.0,İzmir,Ödemiş
BIBER SIVRI,2016,1500.0,4491.0,Spring,3.63,822.67,2.09,2994.0,İzmir,Ödemiş
BIBER SIVRI,2016,1500.0,4491.0,Summer,3.79,822.67,1.42,2994.0,İzmir,Ödemiş
BIBER SIVRI,2016,1500.0,4491.0,Fall,4.13,822.67,1.79,2994.0,İzmir,Ödemiş
BIBER SIVRI,2017,800.0,2560.0,Winter,4.59,906.33,3.38,3200.0,İzmir,Bayındır
BIBER SIVRI,2017,800.0,2560.0,Spring,4.55,906.33,3.45,3200.0,İzmir,Bayındır
BIBER SIVRI,2017,800.0,2560.0,Summer,4.48,906.33,1.58,3200.0,İzmir,Bayındır
BIBER SIVRI,2017,800.0,2560.0,Fall,4.83,906.33,2.23,3200.0,İzmir,Bayındır
BIBER SIVRI,2017,1500.0,1500.0,Winter,4.59,906.33,3.38,1000.0,İzmir,Bergama
BIBER SIVRI,2017,1500.0,1500.0,Spring,4.55,906.33,3.45,1000.0,İzmir,Bergama
BIBER SIVRI,2017,1500.0,1500.0,Summer,4.48,906.33,1.58,1000.0,İzmir,Bergama
BIBER SIVRI,2017,1500.0,1500.0,Fall,4.83,906.33,2.23,1000.0,İzmir,Bergama
BIBER SIVRI,2017,2320.0,5011.0,Winter,4.59,906.33,3.38,2159.9137931034484,İzmir,Menderes
BIBER SIVRI,2017,2320.0,5011.0,Spring,4.55,906.33,3.45,2159.9137931034484,İzmir,Menderes
BIBER SIVRI,2017,2320.0,5011.0,Summer,4.48,906.33,1.58,2159.9137931034484,İzmir,Menderes
BIBER SIVRI,2017,2320.0,5011.0,Fall,4.83,906.33,2.23,2159.9137931034484,İzmir,Menderes
BIBER SIVRI,2017,1200.0,1800.0,Winter,4.59,906.33,3.38,1500.0,İzmir,Tire
BIBER SIVRI,2017,1200.0,1800.0,Spring,4.55,906.33,3.45,1500.0,İzmir,Tire
BIBER SIVRI,2017,1200.0,1800.0,Summer,4.48,906.33,1.58,1500.0,İzmir,Tire
BIBER SIVRI,2017,1200.0,1800.0,Fall,4.83,906.33,2.23,1500.0,İzmir,Tire
BIBER SIVRI,2017,1560.0,5065.0,Winter,4.59,906.33,3.38,3246.7948717948716,İzmir,Torbalı
BIBER SIVRI,2017,1560.0,5065.0,Spring,4.55,906.33,3.45,3246.7948717948716,İzmir,Torbalı
BIBER SIVRI,2017,1560.0,5065.0,Summer,4.48,906.33,1.58,3246.7948717948716,İzmir,Torbalı
BIBER SIVRI,2017,1560.0,5065.0,Fall,4.83,906.33,2.23,3246.7948717948716,İzmir,Torbalı
BIBER SIVRI,2017,1500.0,4499.0,Winter,4.59,906.33,3.38,2999.3333333333335,İzmir,Ödemiş
BIBER SIVRI,2017,1500.0,4499.0,Spring,4.55,906.33,3.45,2999.3333333333335,İzmir,Ödemiş
BIBER SIVRI,2017,1500.0,4499.0,Summer,4.48,906.33,1.58,2999.3333333333335,İzmir,Ödemiş
BIBER SIVRI,2017,1500.0,4499.0,Fall,4.83,906.33,2.23,2999.3333333333335,İzmir,Ödemiş
BIBER SIVRI,2018,800.0,2560.0,Winter,5.11,1217.33,2.18,3200.0,İzmir,Bayındır
BIBER SIVRI,2018,800.0,2560.0,Spring,5.46,1217.33,2.16,3200.0,İzmir,Bayındır
BIBER SIVRI,2018,800.0,2560.0,Summer,5.81,1217.33,1.85,3200.0,İzmir,Bayındır
BIBER SIVRI,2018,800.0,2560.0,Fall,6.34,1217.33,2.67,3200.0,İzmir,Bayındır
BIBER SIVRI,2018,1500.0,1500.0,Winter,5.11,1217.33,2.18,1000.0,İzmir,Bergama
BIBER SIVRI,2018,1500.0,1500.0,Spring,5.46,1217.33,2.16,1000.0,İzmir,Bergama
BIBER SIVRI,2018,1500.0,1500.0,Summer,5.81,1217.33,1.85,1000.0,İzmir,Bergama
BIBER SIVRI,2018,1500.0,1500.0,Fall,6.34,1217.33,2.67,1000.0,İzmir,Bergama
BIBER SIVRI,2018,2320.0,5006.0,Winter,5.11,1217.33,2.18,2157.7586206896553,İzmir,Menderes
BIBER SIVRI,2018,2320.0,5006.0,Spring,5.46,1217.33,2.16,2157.7586206896553,İzmir,Menderes
BIBER SIVRI,2018,2320.0,5006.0,Summer,5.81,1217.33,1.85,2157.7586206896553,İzmir,Menderes
BIBER SIVRI,2018,2320.0,5006.0,Fall,6.34,1217.33,2.67,2157.7586206896553,İzmir,Menderes
BIBER SIVRI,2018,1000.0,1500.0,Winter,5.11,1217.33,2.18,1500.0,İzmir,Tire
BIBER SIVRI,2018,1000.0,1500.0,Spring,5.46,1217.33,2.16,1500.0,İzmir,Tire
BIBER SIVRI,2018,1000.0,1500.0,Summer,5.81,1217.33,1.85,1500.0,İzmir,Tire
BIBER SIVRI,2018,1000.0,1500.0,Fall,6.34,1217.33,2.67,1500.0,İzmir,Tire
BIBER SIVRI,2018,1703.0,5529.0,Winter,5.11,1217.33,2.18,3246.6236054022315,İzmir,Torbalı
BIBER SIVRI,2018,1703.0,5529.0,Spring,5.46,1217.33,2.16,3246.6236054022315,İzmir,Torbalı
BIBER SIVRI,2018,1703.0,5529.0,Summer,5.81,1217.33,1.85,3246.6236054022315,İzmir,Torbalı
BIBER SIVRI,2018,1703.0,5529.0,Fall,6.34,1217.33,2.67,3246.6236054022315,İzmir,Torbalı
BIBER SIVRI,2018,1750.0,5248.0,Winter,5.11,1217.33,2.18,2998.8571428571427,İzmir,Ödemiş
BIBER SIVRI,2018,1750.0,5248.0,Spring,5.46,1217.33,2.16,2998.8571428571427,İzmir,Ödemiş
BIBER SIVRI,2018,1750.0,5248.0,Summer,5.81,1217.33,1.85,2998.8571428571427,İzmir,Ödemiş
BIBER SIVRI,2018,1750.0,5248.0,Fall,6.34,1217.33,2.67,2998.8571428571427,İzmir,Ödemiş
BIBER SIVRI,2019,800.0,2560.0,Winter,6.0,1486.33,5.19,3200.0,İzmir,Bayındır
BIBER SIVRI,2019,800.0,2560.0,Spring,6.44,1486.33,5.6,3200.0,İzmir,Bayındır
BIBER SIVRI,2019,800.0,2560.0,Summer,6.38,1486.33,2.48,3200.0,İzmir,Bayındır
BIBER SIVRI,2019,800.0,2560.0,Fall,6.53,1486.33,2.35,3200.0,İzmir,Bayındır
BIBER SIVRI,2019,1500.0,1500.0,Winter,6.0,1486.33,5.19,1000.0,İzmir,Bergama
BIBER SIVRI,2019,1500.0,1500.0,Spring,6.44,1486.33,5.6,1000.0,İzmir,Bergama
BIBER SIVRI,2019,1500.0,1500.0,Summer,6.38,1486.33,2.48,1000.0,İzmir,Bergama
BIBER SIVRI,2019,1500.0,1500.0,Fall,6.53,1486.33,2.35,1000.0,İzmir,Bergama
BIBER SIVRI,2019,2170.0,4616.0,Winter,6.0,1486.33,5.19,2127.188940092166,İzmir,Menderes
BIBER SIVRI,2019,2170.0,4616.0,Spring,6.44,1486.33,5.6,2127.188940092166,İzmir,Menderes
BIBER SIVRI,2019,2170.0,4616.0,Summer,6.38,1486.33,2.48,2127.188940092166,İzmir,Menderes
BIBER SIVRI,2019,2170.0,4616.0,Fall,6.53,1486.33,2.35,2127.188940092166,İzmir,Menderes
BIBER SIVRI,2019,1000.0,1500.0,Winter,6.0,1486.33,5.19,1500.0,İzmir,Tire
BIBER SIVRI,2019,1000.0,1500.0,Spring,6.44,1486.33,5.6,1500.0,İzmir,Tire
BIBER SIVRI,2019,1000.0,1500.0,Summer,6.38,1486.33,2.48,1500.0,İzmir,Tire
BIBER SIVRI,2019,1000.0,1500.0,Fall,6.53,1486.33,2.35,1500.0,İzmir,Tire
BIBER SIVRI,2019,1795.0,6095.0,Winter,6.0,1486.33,5.19,3395.5431754874653,İzmir,Torbalı
BIBER SIVRI,2019,1795.0,6095.0,Spring,6.44,1486.33,5.6,3395.5431754874653,İzmir,Torbalı
BIBER SIVRI,2019,1795.0,6095.0,Summer,6.38,1486.33,2.48,3395.5431754874653,İzmir,Torbalı
BIBER SIVRI,2019,1795.0,6095.0,Fall,6.53,1486.33,2.35,3395.5431754874653,İzmir,Torbalı
BIBER SIVRI,2019,2000.0,6000.0,Winter,6.0,1486.33,5.19,3000.0,İzmir,Ödemiş
BIBER SIVRI,2019,2000.0,6000.0,Spring,6.44,1486.33,5.6,3000.0,İzmir,Ödemiş
BIBER SIVRI,2019,2000.0,6000.0,Summer,6.38,1486.33,2.48,3000.0,İzmir,Ödemiş
BIBER SIVRI,2019,2000.0,6000.0,Fall,6.53,1486.33,2.35,3000.0,İzmir,Ödemiş
BIBER SIVRI,2020,2300.0,9200.0,Winter,6.57,2226.67,3.48,4000.0,İzmir,Bayındır
BIBER SIVRI,2020,2300.0,9200.0,Spring,5.51,2226.67,4.75,4000.0,İzmir,Bayındır
BIBER SIVRI,2020,2300.0,9200.0,Summer,5.98,2226.67,3.42,4000.0,İzmir,Bayındır
BIBER SIVRI,2020,2300.0,9200.0,Fall,6.2,2226.67,4.06,4000.0,İzmir,Bayındır
BIBER SIVRI,2020,1500.0,1500.0,Winter,6.57,2226.67,3.48,1000.0,İzmir,Bergama
BIBER SIVRI,2020,1500.0,1500.0,Spring,5.51,2226.67,4.75,1000.0,İzmir,Bergama
BIBER SIVRI,2020,1500.0,1500.0,Summer,5.98,2226.67,3.42,1000.0,İzmir,Bergama
BIBER SIVRI,2020,1500.0,1500.0,Fall,6.2,2226.67,4.06,1000.0,İzmir,Bergama
BIBER SIVRI,2020,2170.0,5764.0,Winter,6.57,2226.67,3.48,2656.221198156682,İzmir,Menderes
BIBER SIVRI,2020,2170.0,5764.0,Spring,5.51,2226.67,4.75,2656.221198156682,İzmir,Menderes
BIBER SIVRI,2020,2170.0,5764.0,Summer,5.98,2226.67,3.42,2656.221198156682,İzmir,Menderes
BIBER SIVRI,2020,2170.0,5764.0,Fall,6.2,2226.67,4.06,2656.221198156682,İzmir,Menderes
BIBER SIVRI,2020,315.0,473.0,Winter,6.57,2226.67,3.48,1501.5873015873017,İzmir,Tire
BIBER SIVRI,2020,315.0,473.0,Spring,5.51,2226.67,4.75,1501.5873015873017,İzmir,Tire
BIBER SIVRI,2020,315.0,473.0,Summer,5.98,2226.67,3.42,1501.5873015873017,İzmir,Tire
BIBER SIVRI,2020,315.0,473.0,Fall,6.2,2226.67,4.06,1501.5873015873017,İzmir,Tire
BIBER SIVRI,2020,1660.0,5558.0,Winter,6.57,2226.67,3.48,3348.1927710843374,İzmir,Torbalı
BIBER SIVRI,2020,1660.0,5558.0,Spring,5.51,2226.67,4.75,3348.1927710843374,İzmir,Torbalı
BIBER SIVRI,2020,1660.0,5558.0,Summer,5.98,2226.67,3.42,3348.1927710843374,İzmir,Torbalı
BIBER SIVRI,2020,1660.0,5558.0,Fall,6.2,2226.67,4.06,3348.1927710843374,İzmir,Torbalı
BIBER SIVRI,2020,1500.0,6000.0,Winter,6.57,2226.67,3.48,4000.0,İzmir,Ödemiş
BIBER SIVRI,2020,1500.0,6000.0,Spring,5.51,2226.67,4.75,4000.0,İzmir,Ödemiş
BIBER SIVRI,2020,1500.0,6000.0,Summer,5.98,2226.67,3.42,4000.0,İzmir,Ödemiş
BIBER SIVRI,2020,1500.0,6000.0,Fall,6.2,2226.67,4.06,4000.0,İzmir,Ödemiş
BIBER SIVRI,2021,1900.0,7600.0,Winter,6.71,6709.0,4.69,4000.0,İzmir,Bayındır
BIBER SIVRI,2021,1900.0,7600.0,Spring,6.69,6709.0,5.87,4000.0,İzmir,Bayındır
BIBER SIVRI,2021,1900.0,7600.0,Summer,7.34,6709.0,3.52,4000.0,İzmir,Bayındır
BIBER SIVRI,2021,1900.0,7600.0,Fall,7.99,6709.0,4.73,4000.0,İzmir,Bayındır
BIBER SIVRI,2021,108.0,108.0,Winter,6.71,6709.0,4.69,1000.0,İzmir,Bergama
BIBER SIVRI,2021,108.0,108.0,Spring,6.69,6709.0,5.87,1000.0,İzmir,Bergama
BIBER SIVRI,2021,108.0,108.0,Summer,7.34,6709.0,3.52,1000.0,İzmir,Bergama
BIBER SIVRI,2021,108.0,108.0,Fall,7.99,6709.0,4.73,1000.0,İzmir,Bergama
BIBER SIVRI,2021,2170.0,5764.0,Winter,6.71,6709.0,4.69,2656.221198156682,İzmir,Menderes
BIBER SIVRI,2021,2170.0,5764.0,Spring,6.69,6709.0,5.87,2656.221198156682,İzmir,Menderes
BIBER SIVRI,2021,2170.0,5764.0,Summer,7.34,6709.0,3.52,2656.221198156682,İzmir,Menderes
BIBER SIVRI,2021,2170.0,5764.0,Fall,7.99,6709.0,4.73,2656.221198156682,İzmir,Menderes
BIBER SIVRI,2021,379.0,569.0,Winter,6.71,6709.0,4.69,1501.3192612137202,İzmir,Tire
BIBER SIVRI,2021,379.0,569.0,Spring,6.69,6709.0,5.87,1501.3192612137202,İzmir,Tire
BIBER SIVRI,2021,379.0,569.0,Summer,7.34,6709.0,3.52,1501.3192612137202,İzmir,Tire
BIBER SIVRI,2021,379.0,569.0,Fall,7.99,6709.0,4.73,1501.3192612137202,İzmir,Tire
BIBER SIVRI,2021,1758.0,5712.0,Winter,6.71,6709.0,4.69,3249.146757679181,İzmir,Torbalı
BIBER SIVRI,2021,1758.0,5712.0,Spring,6.69,6709.0,5.87,3249.146757679181,İzmir,Torbalı
BIBER SIVRI,2021,1758.0,5712.0,Summer,7.34,6709.0,3.52,3249.146757679181,İzmir,Torbalı
BIBER SIVRI,2021,1758.0,5712.0,Fall,7.99,6709.0,4.73,3249.146757679181,İzmir,Torbalı
BIBER SIVRI,2021,500.0,2000.0,Winter,6.71,6709.0,4.69,4000.0,İzmir,Ödemiş
BIBER SIVRI,2021,500.0,2000.0,Spring,6.69,6709.0,5.87,4000.0,İzmir,Ödemiş
BIBER SIVRI,2021,500.0,2000.0,Summer,7.34,6709.0,3.52,4000.0,İzmir,Ödemiş
BIBER SIVRI,2021,500.0,2000.0,Fall,7.99,6709.0,4.73,4000.0,İzmir,Ödemiş
BIBER SIVRI,2022,1515.0,6060.0,Winter,13.29,15353.33,10.67,4000.0,İzmir,Bayındır
BIBER SIVRI,2022,1515.0,6060.0,Spring,21.62,15353.33,15.08,4000.0,İzmir,Bayındır
BIBER SIVRI,2022,1515.0,6060.0,Summer,26.18,15353.33,10.97,4000.0,İzmir,Bayındır
BIBER SIVRI,2022,1515.0,6060.0,Fall,25.49,15353.33,17.68,4000.0,İzmir,Bayındır
BIBER SIVRI,2022,127.0,127.0,Winter,13.29,15353.33,10.67,1000.0,İzmir,Bergama
BIBER SIVRI,2022,127.0,127.0,Spring,21.62,15353.33,15.08,1000.0,İzmir,Bergama
BIBER SIVRI,2022,127.0,127.0,Summer,26.18,15353.33,10.97,1000.0,İzmir,Bergama
BIBER SIVRI,2022,127.0,127.0,Fall,25.49,15353.33,17.68,1000.0,İzmir,Bergama
BIBER SIVRI,2022,2170.0,5764.0,Winter,13.29,15353.33,10.67,2656.221198156682,İzmir,Menderes
BIBER SIVRI,2022,2170.0,5764.0,Spring,21.62,15353.33,15.08,2656.221198156682,İzmir,Menderes
BIBER SIVRI,2022,2170.0,5764.0,Summer,26.18,15353.33,10.97,2656.221198156682,İzmir,Menderes
BIBER SIVRI,2022,2170.0,5764.0,Fall,25.49,15353.33,17.68,2656.221198156682,İzmir,Menderes
BIBER SIVRI,2022,1781.0,6234.0,Winter,13.29,15353.33,10.67,3500.2807411566537,İzmir,Torbalı
BIBER SIVRI,2022,1781.0,6234.0,Spring,21.62,15353.33,15.08,3500.2807411566537,İzmir,Torbalı
BIBER SIVRI,2022,1781.0,6234.0,Summer,26.18,15353.33,10.97,3500.2807411566537,İzmir,Torbalı
BIBER SIVRI,2022,1781.0,6234.0,Fall,25.49,15353.33,17.68,3500.2807411566537,İzmir,Torbalı
BIBER SIVRI,2022,500.0,2000.0,Winter,13.29,15353.33,10.67,4000.0,İzmir,Ödemiş
BIBER SIVRI,2022,500.0,2000.0,Spring,21.62,15353.33,15.08,4000.0,İzmir,Ödemiş
BIBER SIVRI,2022,500.0,2000.0,Summer,26.18,15353.33,10.97,4000.0,İzmir,Ödemiş
BIBER SIVRI,2022,500.0,2000.0,Fall,25.49,15353.33,17.68,4000.0,İzmir,Ödemiş
BIBER SIVRI,2023,1450.0,4640.0,Winter,22.27,10488.0,22.27,3200.0,İzmir,Bayındır
BIBER SIVRI,2023,1450.0,4640.0,Spring,20.55,10488.0,23.24,3200.0,İzmir,Bayındır
BIBER SIVRI,2023,1450.0,4640.0,Summer,30.3,10488.0,21.74,3200.0,İzmir,Bayındır
BIBER SIVRI,2023,1450.0,4640.0,Fall,39.39,10488.0,23.72,3200.0,İzmir,Bayındır
BIBER SIVRI,2023,194.0,194.0,Winter,22.27,10488.0,22.27,1000.0,İzmir,Bergama
BIBER SIVRI,2023,194.0,194.0,Spring,20.55,10488.0,23.24,1000.0,İzmir,Bergama
BIBER SIVRI,2023,194.0,194.0,Summer,30.3,10488.0,21.74,1000.0,İzmir,Bergama
BIBER SIVRI,2023,194.0,194.0,Fall,39.39,10488.0,23.72,1000.0,İzmir,Bergama
BIBER SIVRI,2023,1929.0,5342.0,Winter,22.27,10488.0,22.27,2769.310523587351,İzmir,Menderes
BIBER SIVRI,2023,1929.0,5342.0,Spring,20.55,10488.0,23.24,2769.310523587351,İzmir,Menderes
BIBER SIVRI,2023,1929.0,5342.0,Summer,30.3,10488.0,21.74,2769.310523587351,İzmir,Menderes
BIBER SIVRI,2023,1929.0,5342.0,Fall,39.39,10488.0,23.72,2769.310523587351,İzmir,Menderes
BIBER SIVRI,2023,1460.0,4380.0,Winter,22.27,10488.0,22.27,3000.0,İzmir,Torbalı
BIBER SIVRI,2023,1460.0,4380.0,Spring,20.55,10488.0,23.24,3000.0,İzmir,Torbalı
BIBER SIVRI,2023,1460.0,4380.0,Summer,30.3,10488.0,21.74,3000.0,İzmir,Torbalı
BIBER SIVRI,2023,1460.0,4380.0,Fall,39.39,10488.0,23.72,3000.0,İzmir,Torbalı
BIBER SIVRI,2023,1500.0,6000.0,Winter,22.27,10488.0,22.27,4000.0,İzmir,Ödemiş
BIBER SIVRI,2023,1500.0,6000.0,Spring,20.55,10488.0,23.24,4000.0,İzmir,Ödemiş
BIBER SIVRI,2023,1500.0,6000.0,Summer,30.3,10488.0,21.74,4000.0,İzmir,Ödemiş
BIBER SIVRI,2023,1500.0,6000.0,Fall,39.39,10488.0,23.72,4000.0,İzmir,Ödemiş
BIBER SIVRI,2024,1400.0,4480.0,Winter,40.18,11266.67,37.88,3200.0,İzmir,Bayındır
BIBER SIVRI,2024,1400.0,4480.0,Spring,42.39,11266.67,31.64,3200.0,İzmir,Bayındır
BIBER SIVRI,2024,1400.0,4480.0,Summer,44.12,11266.67,35.37,3200.0,İzmir,Bayındır
BIBER SIVRI,2024,1400.0,4480.0,Fall,43.82,11266.67,42.75,3200.0,İzmir,Bayındır
BIBER SIVRI,2024,719.0,719.0,Winter,40.18,11266.67,37.88,1000.0,İzmir,Bergama
BIBER SIVRI,2024,719.0,719.0,Spring,42.39,11266.67,31.64,1000.0,İzmir,Bergama
BIBER SIVRI,2024,719.0,719.0,Summer,44.12,11266.67,35.37,1000.0,İzmir,Bergama
BIBER SIVRI,2024,719.0,719.0,Fall,43.82,11266.67,42.75,1000.0,İzmir,Bergama
BIBER SIVRI,2024,1361.0,3152.0,Winter,40.18,11266.67,37.88,2315.944158706833,İzmir,Menderes
BIBER SIVRI,2024,1361.0,3152.0,Spring,42.39,11266.67,31.64,2315.944158706833,İzmir,Menderes
BIBER SIVRI,2024,1361.0,3152.0,Summer,44.12,11266.67,35.37,2315.944158706833,İzmir,Menderes
BIBER SIVRI,2024,1361.0,3152.0,Fall,43.82,11266.67,42.75,2315.944158706833,İzmir,Menderes
BIBER SIVRI,2024,1845.0,5535.0,Winter,40.18,11266.67,37.88,3000.0,İzmir,Torbalı
BIBER SIVRI,2024,1845.0,5535.0,Spring,42.39,11266.67,31.64,3000.0,İzmir,Torbalı
BIBER SIVRI,2024,1845.0,5535.0,Summer,44.12,11266.67,35.37,3000.0,İzmir,Torbalı
BIBER SIVRI,2024,1845.0,5535.0,Fall,43.82,11266.67,42.75,3000.0,İzmir,Torbalı
BIBER SIVRI,2024,1500.0,5250.0,Winter,40.18,11266.67,37.88,3500.0,İzmir,Ödemiş
BIBER SIVRI,2024,1500.0,5250.0,Spring,42.39,11266.67,31.64,3500.0,İzmir,Ödemiş
BIBER SIVRI,2024,1500.0,5250.0,Summer,44.12,11266.67,35.37,3500.0,İzmir,Ödemiş
BIBER SIVRI,2024,1500.0,5250.0,Fall,43.82,11266.67,42.75,3500.0,İzmir,Ödemiş
BIBER SIVRI,2025,1521.0,4867.0,Winter,46.61,14550.0,59.69,3199.868507560815,İzmir,Bayındır
BIBER SIVRI,2025,1521.0,4867.0,Spring,46.68,14550.0,59.46,3199.868507560815,İzmir,Bayındır
BIBER SIVRI,2025,1521.0,4867.0,Summer,52.69,14550.0,36.48,3199.868507560815,İzmir,Bayındır
BIBER SIVRI,2025,1521.0,4867.0,Fall,56.39,14550.0,39.12,3199.868507560815,İzmir,Bayındır
BIBER SIVRI,2025,779.0,779.0,Winter,46.61,14550.0,59.69,1000.0,İzmir,Bergama
BIBER SIVRI,2025,779.0,779.0,Spring,46.68,14550.0,59.46,1000.0,İzmir,Bergama
BIBER SIVRI,2025,779.0,779.0,Summer,52.69,14550.0,36.48,1000.0,İzmir,Bergama
BIBER SIVRI,2025,779.0,779.0,Fall,56.39,14550.0,39.12,1000.0,İzmir,Bergama
BIBER SIVRI,2025,810.0,1944.0,Winter,46.61,14550.0,59.69,2400.0,İzmir,Menderes
BIBER SIVRI,2025,810.0,1944.0,Spring,46.68,14550.0,59.46,2400.0,İzmir,Menderes
BIBER SIVRI,2025,810.0,1944.0,Summer,52.69,14550.0,36.48,2400.0,İzmir,Menderes
BIBER SIVRI,2025,810.0,1944.0,Fall,56.39,14550.0,39.12,2400.0,İzmir,Menderes
BIBER SIVRI,2025,1900.0,5700.0,Winter,46.61,14550.0,59.69,3000.0,İzmir,Torbalı
BIBER SIVRI,2025,1900.0,5700.0,Spring,46.68,14550.0,59.46,3000.0,İzmir,Torbalı
BIBER SIVRI,2025,1900.0,5700.0,Summer,52.69,14550.0,36.48,3000.0,İzmir,Torbalı
BIBER SIVRI,2025,1900.0,5700.0,Fall,56.39,14550.0,39.12,3000.0,İzmir,Torbalı
BIBER SIVRI,2025,1000.0,3500.0,Winter,46.61,14550.0,59.69,3500.0,İzmir,Ödemiş
BIBER SIVRI,2025,1000.0,3500.0,Spring,46.68,14550.0,59.46,3500.0,İzmir,Ödemiş
BIBER SIVRI,2025,1000.0,3500.0,Summer,52.69,14550.0,36.48,3500.0,İzmir,Ödemiş
BIBER SIVRI,2025,1000.0,3500.0,Fall,56.39,14550.0,39.12,3500.0,İzmir,Ödemiş
BROKOLI,2014,250.0,625.0,Winter,4.54,886.0,1.19,2500.0,İzmir,Bergama
BROKOLI,2014,250.0,625.0,Spring,4.58,886.0,2.05,2500.0,İzmir,Bergama
BROKOLI,2014,250.0,625.0,Summer,4.38,886.0,1.79,2500.0,İzmir,Bergama
BROKOLI,2014,250.0,625.0,Fall,4.24,886.0,1.66,2500.0,İzmir,Bergama
BROKOLI,2014,200.0,380.0,Winter,4.54,886.0,1.19,1900.0,İzmir,Menderes
BROKOLI,2014,200.0,380.0,Spring,4.58,886.0,2.05,1900.0,İzmir,Menderes
BROKOLI,2014,200.0,380.0,Summer,4.38,886.0,1.79,1900.0,İzmir,Menderes
BROKOLI,2014,200.0,380.0,Fall,4.24,886.0,1.66,1900.0,İzmir,Menderes
BROKOLI,2014,100.0,150.0,Winter,4.54,886.0,1.19,1500.0,İzmir,Tire
BROKOLI,2014,100.0,150.0,Spring,4.58,886.0,2.05,1500.0,İzmir,Tire
BROKOLI,2014,100.0,150.0,Summer,4.38,886.0,1.79,1500.0,İzmir,Tire
BROKOLI,2014,100.0,150.0,Fall,4.24,886.0,1.66,1500.0,İzmir,Tire
BROKOLI,2014,510.0,918.0,Winter,4.54,886.0,1.19,1800.0,İzmir,Torbalı
BROKOLI,2014,510.0,918.0,Spring,4.58,886.0,2.05,1800.0,İzmir,Torbalı
BROKOLI,2014,510.0,918.0,Summer,4.38,886.0,1.79,1800.0,İzmir,Torbalı
BROKOLI,2014,510.0,918.0,Fall,4.24,886.0,1.66,1800.0,İzmir,Torbalı
BROKOLI,2014,2000.0,5000.0,Winter,4.54,886.0,1.19,2500.0,İzmir,Ödemiş
BROKOLI,2014,2000.0,5000.0,Spring,4.58,886.0,2.05,2500.0,İzmir,Ödemiş
BROKOLI,2014,2000.0,5000.0,Summer,4.38,886.0,1.79,2500.0,İzmir,Ödemiş
BROKOLI,2014,2000.0,5000.0,Fall,4.24,886.0,1.66,2500.0,İzmir,Ödemiş
BROKOLI,2015,250.0,625.0,Winter,3.75,903.33,1.58,2500.0,İzmir,Bergama
BROKOLI,2015,250.0,625.0,Spring,3.93,903.33,2.46,2500.0,İzmir,Bergama
BROKOLI,2015,250.0,625.0,Summer,3.9,903.33,2.39,2500.0,İzmir,Bergama
BROKOLI,2015,250.0,625.0,Fall,3.84,903.33,1.72,2500.0,İzmir,Bergama
BROKOLI,2015,200.0,380.0,Winter,3.75,903.33,1.58,1900.0,İzmir,Menderes
BROKOLI,2015,200.0,380.0,Spring,3.93,903.33,2.46,1900.0,İzmir,Menderes
BROKOLI,2015,200.0,380.0,Summer,3.9,903.33,2.39,1900.0,İzmir,Menderes
BROKOLI,2015,200.0,380.0,Fall,3.84,903.33,1.72,1900.0,İzmir,Menderes
BROKOLI,2015,110.0,165.0,Winter,3.75,903.33,1.58,1500.0,İzmir,Tire
BROKOLI,2015,110.0,165.0,Spring,3.93,903.33,2.46,1500.0,İzmir,Tire
BROKOLI,2015,110.0,165.0,Summer,3.9,903.33,2.39,1500.0,İzmir,Tire
BROKOLI,2015,110.0,165.0,Fall,3.84,903.33,1.72,1500.0,İzmir,Tire
BROKOLI,2015,3280.0,5904.0,Winter,3.75,903.33,1.58,1800.0,İzmir,Torbalı
BROKOLI,2015,3280.0,5904.0,Spring,3.93,903.33,2.46,1800.0,İzmir,Torbalı
BROKOLI,2015,3280.0,5904.0,Summer,3.9,903.33,2.39,1800.0,İzmir,Torbalı
BROKOLI,2015,3280.0,5904.0,Fall,3.84,903.33,1.72,1800.0,İzmir,Torbalı
BROKOLI,2015,2000.0,5000.0,Winter,3.75,903.33,1.58,2500.0,İzmir,Ödemiş
BROKOLI,2015,2000.0,5000.0,Spring,3.93,903.33,2.46,2500.0,İzmir,Ödemiş
BROKOLI,2015,2000.0,5000.0,Summer,3.9,903.33,2.39,2500.0,İzmir,Ödemiş
BROKOLI,2015,2000.0,5000.0,Fall,3.84,903.33,1.72,2500.0,İzmir,Ödemiş
BROKOLI,2016,250.0,625.0,Winter,3.48,822.67,1.49,2500.0,İzmir,Bergama
BROKOLI,2016,250.0,625.0,Spring,3.63,822.67,1.94,2500.0,İzmir,Bergama
BROKOLI,2016,250.0,625.0,Summer,3.79,822.67,2.85,2500.0,İzmir,Bergama
BROKOLI,2016,250.0,625.0,Fall,4.13,822.67,1.91,2500.0,İzmir,Bergama
BROKOLI,2016,200.0,380.0,Winter,3.48,822.67,1.49,1900.0,İzmir,Menderes
BROKOLI,2016,200.0,380.0,Spring,3.63,822.67,1.94,1900.0,İzmir,Menderes
BROKOLI,2016,200.0,380.0,Summer,3.79,822.67,2.85,1900.0,İzmir,Menderes
BROKOLI,2016,200.0,380.0,Fall,4.13,822.67,1.91,1900.0,İzmir,Menderes
BROKOLI,2016,150.0,225.0,Winter,3.48,822.67,1.49,1500.0,İzmir,Tire
BROKOLI,2016,150.0,225.0,Spring,3.63,822.67,1.94,1500.0,İzmir,Tire
BROKOLI,2016,150.0,225.0,Summer,3.79,822.67,2.85,1500.0,İzmir,Tire
BROKOLI,2016,150.0,225.0,Fall,4.13,822.67,1.91,1500.0,İzmir,Tire
BROKOLI,2016,5350.0,10700.0,Winter,3.48,822.67,1.49,2000.0,İzmir,Torbalı
BROKOLI,2016,5350.0,10700.0,Spring,3.63,822.67,1.94,2000.0,İzmir,Torbalı
BROKOLI,2016,5350.0,10700.0,Summer,3.79,822.67,2.85,2000.0,İzmir,Torbalı
BROKOLI,2016,5350.0,10700.0,Fall,4.13,822.67,1.91,2000.0,İzmir,Torbalı
BROKOLI,2016,2520.0,6300.0,Winter,3.48,822.67,1.49,2500.0,İzmir,Ödemiş
BROKOLI,2016,2520.0,6300.0,Spring,3.63,822.67,1.94,2500.0,İzmir,Ödemiş
BROKOLI,2016,2520.0,6300.0,Summer,3.79,822.67,2.85,2500.0,İzmir,Ödemiş
BROKOLI,2016,2520.0,6300.0,Fall,4.13,822.67,1.91,2500.0,İzmir,Ödemiş
BROKOLI,2017,250.0,625.0,Winter,4.59,906.33,1.89,2500.0,İzmir,Bergama
BROKOLI,2017,250.0,625.0,Spring,4.55,906.33,1.9,2500.0,İzmir,Bergama
BROKOLI,2017,250.0,625.0,Summer,4.48,906.33,2.06,2500.0,İzmir,Bergama
BROKOLI,2017,250.0,625.0,Fall,4.83,906.33,2.39,2500.0,İzmir,Bergama
BROKOLI,2017,180.0,342.0,Winter,4.59,906.33,1.89,1900.0,İzmir,Menderes
BROKOLI,2017,180.0,342.0,Spring,4.55,906.33,1.9,1900.0,İzmir,Menderes
BROKOLI,2017,180.0,342.0,Summer,4.48,906.33,2.06,1900.0,İzmir,Menderes
BROKOLI,2017,180.0,342.0,Fall,4.83,906.33,2.39,1900.0,İzmir,Menderes
BROKOLI,2017,150.0,225.0,Winter,4.59,906.33,1.89,1500.0,İzmir,Tire
BROKOLI,2017,150.0,225.0,Spring,4.55,906.33,1.9,1500.0,İzmir,Tire
BROKOLI,2017,150.0,225.0,Summer,4.48,906.33,2.06,1500.0,İzmir,Tire
BROKOLI,2017,150.0,225.0,Fall,4.83,906.33,2.39,1500.0,İzmir,Tire
BROKOLI,2017,8165.0,19188.0,Winter,4.59,906.33,1.89,2350.0306184935703,İzmir,Torbalı
BROKOLI,2017,8165.0,19188.0,Spring,4.55,906.33,1.9,2350.0306184935703,İzmir,Torbalı
BROKOLI,2017,8165.0,19188.0,Summer,4.48,906.33,2.06,2350.0306184935703,İzmir,Torbalı
BROKOLI,2017,8165.0,19188.0,Fall,4.83,906.33,2.39,2350.0306184935703,İzmir,Torbalı
BROKOLI,2017,2520.0,6300.0,Winter,4.59,906.33,1.89,2500.0,İzmir,Ödemiş
BROKOLI,2017,2520.0,6300.0,Spring,4.55,906.33,1.9,2500.0,İzmir,Ödemiş
BROKOLI,2017,2520.0,6300.0,Summer,4.48,906.33,2.06,2500.0,İzmir,Ödemiş
BROKOLI,2017,2520.0,6300.0,Fall,4.83,906.33,2.39,2500.0,İzmir,Ödemiş
BROKOLI,2018,100.0,250.0,Winter,5.11,1217.33,1.48,2500.0,İzmir,Bergama
BROKOLI,2018,100.0,250.0,Spring,5.46,1217.33,3.38,2500.0,İzmir,Bergama
BROKOLI,2018,100.0,250.0,Summer,5.81,1217.33,2.4466666666666668,2500.0,İzmir,Bergama
BROKOLI,2018,100.0,250.0,Fall,6.34,1217.33,2.48,2500.0,İzmir,Bergama
BROKOLI,2018,180.0,342.0,Winter,5.11,1217.33,1.48,1900.0,İzmir,Menderes
BROKOLI,2018,180.0,342.0,Spring,5.46,1217.33,3.38,1900.0,İzmir,Menderes
BROKOLI,2018,180.0,342.0,Summer,5.81,1217.33,2.4466666666666668,1900.0,İzmir,Menderes
BROKOLI,2018,180.0,342.0,Fall,6.34,1217.33,2.48,1900.0,İzmir,Menderes
BROKOLI,2018,1000.0,1500.0,Winter,5.11,1217.33,1.48,1500.0,İzmir,Tire
BROKOLI,2018,1000.0,1500.0,Spring,5.46,1217.33,3.38,1500.0,İzmir,Tire
BROKOLI,2018,1000.0,1500.0,Summer,5.81,1217.33,2.4466666666666668,1500.0,İzmir,Tire
BROKOLI,2018,1000.0,1500.0,Fall,6.34,1217.33,2.48,1500.0,İzmir,Tire
BROKOLI,2018,8950.0,17900.0,Winter,5.11,1217.33,1.48,2000.0,İzmir,Torbalı
BROKOLI,2018,8950.0,17900.0,Spring,5.46,1217.33,3.38,2000.0,İzmir,Torbalı
BROKOLI,2018,8950.0,17900.0,Summer,5.81,1217.33,2.4466666666666668,2000.0,İzmir,Torbalı
BROKOLI,2018,8950.0,17900.0,Fall,6.34,1217.33,2.48,2000.0,İzmir,Torbalı
BROKOLI,2018,2500.0,6250.0,Winter,5.11,1217.33,1.48,2500.0,İzmir,Ödemiş
BROKOLI,2018,2500.0,6250.0,Spring,5.46,1217.33,3.38,2500.0,İzmir,Ödemiş
BROKOLI,2018,2500.0,6250.0,Summer,5.81,1217.33,2.4466666666666668,2500.0,İzmir,Ödemiş
BROKOLI,2018,2500.0,6250.0,Fall,6.34,1217.33,2.48,2500.0,İzmir,Ödemiş
BROKOLI,2019,2000.0,4000.0,Winter,6.0,1486.33,2.71,2000.0,İzmir,Bayındır
BROKOLI,2019,2000.0,4000.0,Spring,6.44,1486.33,3.5,2000.0,İzmir,Bayındır
BROKOLI,2019,2000.0,4000.0,Summer,6.38,1486.33,3.62,2000.0,İzmir,Bayındır
BROKOLI,2019,2000.0,4000.0,Fall,6.53,1486.33,3.21,2000.0,İzmir,Bayındır
BROKOLI,2019,100.0,250.0,Winter,6.0,1486.33,2.71,2500.0,İzmir,Bergama
BROKOLI,2019,100.0,250.0,Spring,6.44,1486.33,3.5,2500.0,İzmir,Bergama
BROKOLI,2019,100.0,250.0,Summer,6.38,1486.33,3.62,2500.0,İzmir,Bergama
BROKOLI,2019,100.0,250.0,Fall,6.53,1486.33,3.21,2500.0,İzmir,Bergama
BROKOLI,2019,180.0,342.0,Winter,6.0,1486.33,2.71,1900.0,İzmir,Menderes
BROKOLI,2019,180.0,342.0,Spring,6.44,1486.33,3.5,1900.0,İzmir,Menderes
BROKOLI,2019,180.0,342.0,Summer,6.38,1486.33,3.62,1900.0,İzmir,Menderes
BROKOLI,2019,180.0,342.0,Fall,6.53,1486.33,3.21,1900.0,İzmir,Menderes
BROKOLI,2019,1000.0,1500.0,Winter,6.0,1486.33,2.71,1500.0,İzmir,Tire
BROKOLI,2019,1000.0,1500.0,Spring,6.44,1486.33,3.5,1500.0,İzmir,Tire
BROKOLI,2019,1000.0,1500.0,Summer,6.38,1486.33,3.62,1500.0,İzmir,Tire
BROKOLI,2019,1000.0,1500.0,Fall,6.53,1486.33,3.21,1500.0,İzmir,Tire
BROKOLI,2019,8950.0,22375.0,Winter,6.0,1486.33,2.71,2500.0,İzmir,Torbalı
BROKOLI,2019,8950.0,22375.0,Spring,6.44,1486.33,3.5,2500.0,İzmir,Torbalı
BROKOLI,2019,8950.0,22375.0,Summer,6.38,1486.33,3.62,2500.0,İzmir,Torbalı
BROKOLI,2019,8950.0,22375.0,Fall,6.53,1486.33,3.21,2500.0,İzmir,Torbalı
BROKOLI,2019,2500.0,6250.0,Winter,6.0,1486.33,2.71,2500.0,İzmir,Ödemiş
BROKOLI,2019,2500.0,6250.0,Spring,6.44,1486.33,3.5,2500.0,İzmir,Ödemiş
BROKOLI,2019,2500.0,6250.0,Summer,6.38,1486.33,3.62,2500.0,İzmir,Ödemiş
BROKOLI,2019,2500.0,6250.0,Fall,6.53,1486.33,3.21,2500.0,İzmir,Ödemiş
BROKOLI,2020,1390.0,2780.0,Winter,6.57,2226.67,2.14,2000.0,İzmir,Bayındır
BROKOLI,2020,1390.0,2780.0,Spring,5.51,2226.67,6.42,2000.0,İzmir,Bayındır
BROKOLI,2020,1390.0,2780.0,Summer,5.98,2226.67,4.303333333333334,2000.0,İzmir,Bayındır
BROKOLI,2020,1390.0,2780.0,Fall,6.2,2226.67,4.35,2000.0,İzmir,Bayındır
BROKOLI,2020,100.0,250.0,Winter,6.57,2226.67,2.14,2500.0,İzmir,Bergama
BROKOLI,2020,100.0,250.0,Spring,5.51,2226.67,6.42,2500.0,İzmir,Bergama
BROKOLI,2020,100.0,250.0,Summer,5.98,2226.67,4.303333333333334,2500.0,İzmir,Bergama
BROKOLI,2020,100.0,250.0,Fall,6.2,2226.67,4.35,2500.0,İzmir,Bergama
BROKOLI,2020,130.0,247.0,Winter,6.57,2226.67,2.14,1900.0,İzmir,Menderes
BROKOLI,2020,130.0,247.0,Spring,5.51,2226.67,6.42,1900.0,İzmir,Menderes
BROKOLI,2020,130.0,247.0,Summer,5.98,2226.67,4.303333333333334,1900.0,İzmir,Menderes
BROKOLI,2020,130.0,247.0,Fall,6.2,2226.67,4.35,1900.0,İzmir,Menderes
BROKOLI,2020,1000.0,1500.0,Winter,6.57,2226.67,2.14,1500.0,İzmir,Tire
BROKOLI,2020,1000.0,1500.0,Spring,5.51,2226.67,6.42,1500.0,İzmir,Tire
BROKOLI,2020,1000.0,1500.0,Summer,5.98,2226.67,4.303333333333334,1500.0,İzmir,Tire
BROKOLI,2020,1000.0,1500.0,Fall,6.2,2226.67,4.35,1500.0,İzmir,Tire
BROKOLI,2020,11190.0,27966.0,Winter,6.57,2226.67,2.14,2499.195710455764,İzmir,Torbalı
BROKOLI,2020,11190.0,27966.0,Spring,5.51,2226.67,6.42,2499.195710455764,İzmir,Torbalı
BROKOLI,2020,11190.0,27966.0,Summer,5.98,2226.67,4.303333333333334,2499.195710455764,İzmir,Torbalı
BROKOLI,2020,11190.0,27966.0,Fall,6.2,2226.67,4.35,2499.195710455764,İzmir,Torbalı
BROKOLI,2020,2500.0,6250.0,Winter,6.57,2226.67,2.14,2500.0,İzmir,Ödemiş
BROKOLI,2020,2500.0,6250.0,Spring,5.51,2226.67,6.42,2500.0,İzmir,Ödemiş
BROKOLI,2020,2500.0,6250.0,Summer,5.98,2226.67,4.303333333333334,2500.0,İzmir,Ödemiş
BROKOLI,2020,2500.0,6250.0,Fall,6.2,2226.67,4.35,2500.0,İzmir,Ödemiş
BROKOLI,2021,1500.0,3000.0,Winter,6.71,6709.0,2.7,2000.0,İzmir,Bayındır
BROKOLI,2021,1500.0,3000.0,Spring,6.69,6709.0,4.26,2000.0,İzmir,Bayındır
BROKOLI,2021,1500.0,3000.0,Summer,7.34,6709.0,6.21,2000.0,İzmir,Bayındır
BROKOLI,2021,1500.0,3000.0,Fall,7.99,6709.0,5.57,2000.0,İzmir,Bayındır
BROKOLI,2021,782.0,1955.0,Winter,6.71,6709.0,2.7,2500.0,İzmir,Bergama
BROKOLI,2021,782.0,1955.0,Spring,6.69,6709.0,4.26,2500.0,İzmir,Bergama
BROKOLI,2021,782.0,1955.0,Summer,7.34,6709.0,6.21,2500.0,İzmir,Bergama
BROKOLI,2021,782.0,1955.0,Fall,7.99,6709.0,5.57,2500.0,İzmir,Bergama
BROKOLI,2021,162.0,308.0,Winter,6.71,6709.0,2.7,1901.2345679012346,İzmir,Menderes
BROKOLI,2021,162.0,308.0,Spring,6.69,6709.0,4.26,1901.2345679012346,İzmir,Menderes
BROKOLI,2021,162.0,308.0,Summer,7.34,6709.0,6.21,1901.2345679012346,İzmir,Menderes
BROKOLI,2021,162.0,308.0,Fall,7.99,6709.0,5.57,1901.2345679012346,İzmir,Menderes
BROKOLI,2021,2025.0,5063.0,Winter,6.71,6709.0,2.7,2500.246913580247,İzmir,Tire
BROKOLI,2021,2025.0,5063.0,Spring,6.69,6709.0,4.26,2500.246913580247,İzmir,Tire
BROKOLI,2021,2025.0,5063.0,Summer,7.34,6709.0,6.21,2500.246913580247,İzmir,Tire
BROKOLI,2021,2025.0,5063.0,Fall,7.99,6709.0,5.57,2500.246913580247,İzmir,Tire
BROKOLI,2021,11750.0,27025.0,Winter,6.71,6709.0,2.7,2300.0,İzmir,Torbalı
BROKOLI,2021,11750.0,27025.0,Spring,6.69,6709.0,4.26,2300.0,İzmir,Torbalı
BROKOLI,2021,11750.0,27025.0,Summer,7.34,6709.0,6.21,2300.0,İzmir,Torbalı
BROKOLI,2021,11750.0,27025.0,Fall,7.99,6709.0,5.57,2300.0,İzmir,Torbalı
BROKOLI,2021,3250.0,8125.0,Winter,6.71,6709.0,2.7,2500.0,İzmir,Ödemiş
BROKOLI,2021,3250.0,8125.0,Spring,6.69,6709.0,4.26,2500.0,İzmir,Ödemiş
BROKOLI,2021,3250.0,8125.0,Summer,7.34,6709.0,6.21,2500.0,İzmir,Ödemiş
BROKOLI,2021,3250.0,8125.0,Fall,7.99,6709.0,5.57,2500.0,İzmir,Ödemiş
BROKOLI,2022,1750.0,3500.0,Winter,13.29,15353.33,5.8,2000.0,İzmir,Bayındır
BROKOLI,2022,1750.0,3500.0,Spring,21.62,15353.33,8.64,2000.0,İzmir,Bayındır
BROKOLI,2022,1750.0,3500.0,Summer,26.18,15353.33,12.27,2000.0,İzmir,Bayındır
BROKOLI,2022,1750.0,3500.0,Fall,25.49,15353.33,10.37,2000.0,İzmir,Bayındır
BROKOLI,2022,785.0,1963.0,Winter,13.29,15353.33,5.8,2500.6369426751594,İzmir,Bergama
BROKOLI,2022,785.0,1963.0,Spring,21.62,15353.33,8.64,2500.6369426751594,İzmir,Bergama
BROKOLI,2022,785.0,1963.0,Summer,26.18,15353.33,12.27,2500.6369426751594,İzmir,Bergama
BROKOLI,2022,785.0,1963.0,Fall,25.49,15353.33,10.37,2500.6369426751594,İzmir,Bergama
BROKOLI,2022,162.0,308.0,Winter,13.29,15353.33,5.8,1901.2345679012346,İzmir,Menderes
BROKOLI,2022,162.0,308.0,Spring,21.62,15353.33,8.64,1901.2345679012346,İzmir,Menderes
BROKOLI,2022,162.0,308.0,Summer,26.18,15353.33,12.27,1901.2345679012346,İzmir,Menderes
BROKOLI,2022,162.0,308.0,Fall,25.49,15353.33,10.37,1901.2345679012346,İzmir,Menderes
BROKOLI,2022,3086.0,7715.0,Winter,13.29,15353.33,5.8,2500.0,İzmir,Tire
BROKOLI,2022,3086.0,7715.0,Spring,21.62,15353.33,8.64,2500.0,İzmir,Tire
BROKOLI,2022,3086.0,7715.0,Summer,26.18,15353.33,12.27,2500.0,İzmir,Tire
BROKOLI,2022,3086.0,7715.0,Fall,25.49,15353.33,10.37,2500.0,İzmir,Tire
BROKOLI,2022,9760.0,24400.0,Winter,13.29,15353.33,5.8,2500.0,İzmir,Torbalı
BROKOLI,2022,9760.0,24400.0,Spring,21.62,15353.33,8.64,2500.0,İzmir,Torbalı
BROKOLI,2022,9760.0,24400.0,Summer,26.18,15353.33,12.27,2500.0,İzmir,Torbalı
BROKOLI,2022,9760.0,24400.0,Fall,25.49,15353.33,10.37,2500.0,İzmir,Torbalı
BROKOLI,2022,3500.0,8750.0,Winter,13.29,15353.33,5.8,2500.0,İzmir,Ödemiş
BROKOLI,2022,3500.0,8750.0,Spring,21.62,15353.33,8.64,2500.0,İzmir,Ödemiş
BROKOLI,2022,3500.0,8750.0,Summer,26.18,15353.33,12.27,2500.0,İzmir,Ödemiş
BROKOLI,2022,3500.0,8750.0,Fall,25.49,15353.33,10.37,2500.0,İzmir,Ödemiş
BROKOLI,2023,1900.0,3800.0,Winter,22.27,10488.0,8.64,2000.0,İzmir,Bayındır
BROKOLI,2023,1900.0,3800.0,Spring,20.55,10488.0,14.9,2000.0,İzmir,Bayındır
BROKOLI,2023,1900.0,3800.0,Summer,30.3,10488.0,31.76,2000.0,İzmir,Bayındır
BROKOLI,2023,1900.0,3800.0,Fall,39.39,10488.0,23.83,2000.0,İzmir,Bayındır
BROKOLI,2023,667.0,1668.0,Winter,22.27,10488.0,8.64,2500.7496251874063,İzmir,Bergama
BROKOLI,2023,667.0,1668.0,Spring,20.55,10488.0,14.9,2500.7496251874063,İzmir,Bergama
BROKOLI,2023,667.0,1668.0,Summer,30.3,10488.0,31.76,2500.7496251874063,İzmir,Bergama
BROKOLI,2023,667.0,1668.0,Fall,39.39,10488.0,23.83,2500.7496251874063,İzmir,Bergama
BROKOLI,2023,162.0,308.0,Winter,22.27,10488.0,8.64,1901.2345679012346,İzmir,Menderes
BROKOLI,2023,162.0,308.0,Spring,20.55,10488.0,14.9,1901.2345679012346,İzmir,Menderes
BROKOLI,2023,162.0,308.0,Summer,30.3,10488.0,31.76,1901.2345679012346,İzmir,Menderes
BROKOLI,2023,162.0,308.0,Fall,39.39,10488.0,23.83,1901.2345679012346,İzmir,Menderes
BROKOLI,2023,2700.0,6750.0,Winter,22.27,10488.0,8.64,2500.0,İzmir,Tire
BROKOLI,2023,2700.0,6750.0,Spring,20.55,10488.0,14.9,2500.0,İzmir,Tire
BROKOLI,2023,2700.0,6750.0,Summer,30.3,10488.0,31.76,2500.0,İzmir,Tire
BROKOLI,2023,2700.0,6750.0,Fall,39.39,10488.0,23.83,2500.0,İzmir,Tire
BROKOLI,2023,9475.0,20845.0,Winter,22.27,10488.0,8.64,2200.0,İzmir,Torbalı
BROKOLI,2023,9475.0,20845.0,Spring,20.55,10488.0,14.9,2200.0,İzmir,Torbalı
BROKOLI,2023,9475.0,20845.0,Summer,30.3,10488.0,31.76,2200.0,İzmir,Torbalı
BROKOLI,2023,9475.0,20845.0,Fall,39.39,10488.0,23.83,2200.0,İzmir,Torbalı
BROKOLI,2023,4350.0,10875.0,Winter,22.27,10488.0,8.64,2500.0,İzmir,Ödemiş
BROKOLI,2023,4350.0,10875.0,Spring,20.55,10488.0,14.9,2500.0,İzmir,Ödemiş
BROKOLI,2023,4350.0,10875.0,Summer,30.3,10488.0,31.76,2500.0,İzmir,Ödemiş
BROKOLI,2023,4350.0,10875.0,Fall,39.39,10488.0,23.83,2500.0,İzmir,Ödemiş
BROKOLI,2024,1900.0,3800.0,Winter,40.18,11266.67,23.97,2000.0,İzmir,Bayındır
BROKOLI,2024,1900.0,3800.0,Spring,42.39,11266.67,27.12,2000.0,İzmir,Bayındır
BROKOLI,2024,1900.0,3800.0,Summer,44.12,11266.67,39.77,2000.0,İzmir,Bayındır
BROKOLI,2024,1900.0,3800.0,Fall,43.82,11266.67,37.9,2000.0,İzmir,Bayındır
BROKOLI,2024,819.0,2048.0,Winter,40.18,11266.67,23.97,2500.610500610501,İzmir,Bergama
BROKOLI,2024,819.0,2048.0,Spring,42.39,11266.67,27.12,2500.610500610501,İzmir,Bergama
BROKOLI,2024,819.0,2048.0,Summer,44.12,11266.67,39.77,2500.610500610501,İzmir,Bergama
BROKOLI,2024,819.0,2048.0,Fall,43.82,11266.67,37.9,2500.610500610501,İzmir,Bergama
BROKOLI,2024,400.0,760.0,Winter,40.18,11266.67,23.97,1900.0,İzmir,Menderes
BROKOLI,2024,400.0,760.0,Spring,42.39,11266.67,27.12,1900.0,İzmir,Menderes
BROKOLI,2024,400.0,760.0,Summer,44.12,11266.67,39.77,1900.0,İzmir,Menderes
BROKOLI,2024,400.0,760.0,Fall,43.82,11266.67,37.9,1900.0,İzmir,Menderes
BROKOLI,2024,5350.0,13375.0,Winter,40.18,11266.67,23.97,2500.0,İzmir,Tire
BROKOLI,2024,5350.0,13375.0,Spring,42.39,11266.67,27.12,2500.0,İzmir,Tire
BROKOLI,2024,5350.0,13375.0,Summer,44.12,11266.67,39.77,2500.0,İzmir,Tire
BROKOLI,2024,5350.0,13375.0,Fall,43.82,11266.67,37.9,2500.0,İzmir,Tire
BROKOLI,2024,10950.0,27375.0,Winter,40.18,11266.67,23.97,2500.0,İzmir,Torbalı
BROKOLI,2024,10950.0,27375.0,Spring,42.39,11266.67,27.12,2500.0,İzmir,Torbalı
BROKOLI,2024,10950.0,27375.0,Summer,44.12,11266.67,39.77,2500.0,İzmir,Torbalı
BROKOLI,2024,10950.0,27375.0,Fall,43.82,11266.67,37.9,2500.0,İzmir,Torbalı
BROKOLI,2024,4500.0,11250.0,Winter,40.18,11266.67,23.97,2500.0,İzmir,Ödemiş
BROKOLI,2024,4500.0,11250.0,Spring,42.39,11266.67,27.12,2500.0,İzmir,Ödemiş
BROKOLI,2024,4500.0,11250.0,Summer,44.12,11266.67,39.77,2500.0,İzmir,Ödemiş
BROKOLI,2024,4500.0,11250.0,Fall,43.82,11266.67,37.9,2500.0,İzmir,Ödemiş
BROKOLI,2025,1968.0,4920.0,Winter,46.61,14550.0,36.0,2500.0,İzmir,Bayındır
BROKOLI,2025,1968.0,4920.0,Spring,46.68,14550.0,32.54,2500.0,İzmir,Bayındır
BROKOLI,2025,1968.0,4920.0,Summer,52.69,14550.0,40.33,2500.0,İzmir,Bayındır
BROKOLI,2025,1968.0,4920.0,Fall,56.39,14550.0,43.65,2500.0,İzmir,Bayındır
BROKOLI,2025,2299.0,5750.0,Winter,46.61,14550.0,36.0,2501.0874293170946,İzmir,Bergama
BROKOLI,2025,2299.0,5750.0,Spring,46.68,14550.0,32.54,2501.0874293170946,İzmir,Bergama
BROKOLI,2025,2299.0,5750.0,Summer,52.69,14550.0,40.33,2501.0874293170946,İzmir,Bergama
BROKOLI,2025,2299.0,5750.0,Fall,56.39,14550.0,43.65,2501.0874293170946,İzmir,Bergama
BROKOLI,2025,900.0,1710.0,Winter,46.61,14550.0,36.0,1900.0,İzmir,Menderes
BROKOLI,2025,900.0,1710.0,Spring,46.68,14550.0,32.54,1900.0,İzmir,Menderes
BROKOLI,2025,900.0,1710.0,Summer,52.69,14550.0,40.33,1900.0,İzmir,Menderes
BROKOLI,2025,900.0,1710.0,Fall,56.39,14550.0,43.65,1900.0,İzmir,Menderes
BROKOLI,2025,6450.0,16125.0,Winter,46.61,14550.0,36.0,2500.0,İzmir,Tire
BROKOLI,2025,6450.0,16125.0,Spring,46.68,14550.0,32.54,2500.0,İzmir,Tire
BROKOLI,2025,6450.0,16125.0,Summer,52.69,14550.0,40.33,2500.0,İzmir,Tire
BROKOLI,2025,6450.0,16125.0,Fall,56.39,14550.0,43.65,2500.0,İzmir,Tire
BROKOLI,2025,18250.0,45625.0,Winter,46.61,14550.0,36.0,2500.0,İzmir,Torbalı
BROKOLI,2025,18250.0,45625.0,Spring,46.68,14550.0,32.54,2500.0,İzmir,Torbalı
BROKOLI,2025,18250.0,45625.0,Summer,52.69,14550.0,40.33,2500.0,İzmir,Torbalı
BROKOLI,2025,18250.0,45625.0,Fall,56.39,14550.0,43.65,2500.0,İzmir,Torbalı
BROKOLI,2025,5000.0,12500.0,Winter,46.61,14550.0,36.0,2500.0,İzmir,Ödemiş
BROKOLI,2025,5000.0,12500.0,Spring,46.68,14550.0,32.54,2500.0,İzmir,Ödemiş
BROKOLI,2025,5000.0,12500.0,Summer,52.69,14550.0,40.33,2500.0,İzmir,Ödemiş
BROKOLI,2025,5000.0,12500.0,Fall,56.39,14550.0,43.65,2500.0,İzmir,Ödemiş
DOMATES SALKIM,2014,2200.0,15224.0,Winter,4.54,886.0,2.32,6920.0,İzmir,Bayındır
DOMATES SALKIM,2014,2200.0,15224.0,Spring,4.58,886.0,2.01,6920.0,İzmir,Bayındır
DOMATES SALKIM,2014,2200.0,15224.0,Summer,4.38,886.0,1.27,6920.0,İzmir,Bayındır
DOMATES SALKIM,2014,2200.0,15224.0,Fall,4.24,886.0,2.25,6920.0,İzmir,Bayındır
DOMATES SALKIM,2014,11779.0,84121.0,Winter,4.54,886.0,2.32,7141.607946345191,İzmir,Bergama
DOMATES SALKIM,2014,11779.0,84121.0,Spring,4.58,886.0,2.01,7141.607946345191,İzmir,Bergama
DOMATES SALKIM,2014,11779.0,84121.0,Summer,4.38,886.0,1.27,7141.607946345191,İzmir,Bergama
DOMATES SALKIM,2014,11779.0,84121.0,Fall,4.24,886.0,2.25,7141.607946345191,İzmir,Bergama
DOMATES SALKIM,2014,1383.0,5045.0,Winter,4.54,886.0,2.32,3647.8669558929864,İzmir,Menderes
DOMATES SALKIM,2014,1383.0,5045.0,Spring,4.58,886.0,2.01,3647.8669558929864,İzmir,Menderes
DOMATES SALKIM,2014,1383.0,5045.0,Summer,4.38,886.0,1.27,3647.8669558929864,İzmir,Menderes
DOMATES SALKIM,2014,1383.0,5045.0,Fall,4.24,886.0,2.25,3647.8669558929864,İzmir,Menderes
DOMATES SALKIM,2014,550.0,2239.0,Winter,4.54,886.0,2.32,4070.909090909091,İzmir,Tire
DOMATES SALKIM,2014,550.0,2239.0,Spring,4.58,886.0,2.01,4070.909090909091,İzmir,Tire
DOMATES SALKIM,2014,550.0,2239.0,Summer,4.38,886.0,1.27,4070.909090909091,İzmir,Tire
DOMATES SALKIM,2014,550.0,2239.0,Fall,4.24,886.0,2.25,4070.909090909091,İzmir,Tire
DOMATES SALKIM,2014,6485.0,42987.0,Winter,4.54,886.0,2.32,6628.681572860447,İzmir,Torbalı
DOMATES SALKIM,2014,6485.0,42987.0,Spring,4.58,886.0,2.01,6628.681572860447,İzmir,Torbalı
DOMATES SALKIM,2014,6485.0,42987.0,Summer,4.38,886.0,1.27,6628.681572860447,İzmir,Torbalı
DOMATES SALKIM,2014,6485.0,42987.0,Fall,4.24,886.0,2.25,6628.681572860447,İzmir,Torbalı
DOMATES SALKIM,2014,3052.0,23413.0,Winter,4.54,886.0,2.32,7671.363040629096,İzmir,Ödemiş
DOMATES SALKIM,2014,3052.0,23413.0,Spring,4.58,886.0,2.01,7671.363040629096,İzmir,Ödemiş
DOMATES SALKIM,2014,3052.0,23413.0,Summer,4.38,886.0,1.27,7671.363040629096,İzmir,Ödemiş
DOMATES SALKIM,2014,3052.0,23413.0,Fall,4.24,886.0,2.25,7671.363040629096,İzmir,Ödemiş
DOMATES SALKIM,2015,2000.0,13726.0,Winter,3.75,903.33,2.21,6863.0,İzmir,Bayındır
DOMATES SALKIM,2015,2000.0,13726.0,Spring,3.93,903.33,2.32,6863.0,İzmir,Bayındır
DOMATES SALKIM,2015,2000.0,13726.0,Summer,3.9,903.33,1.3,6863.0,İzmir,Bayındır
DOMATES SALKIM,2015,2000.0,13726.0,Fall,3.84,903.33,2.09,6863.0,İzmir,Bayındır
DOMATES SALKIM,2015,11864.0,85315.0,Winter,3.75,903.33,2.21,7191.08226567768,İzmir,Bergama
DOMATES SALKIM,2015,11864.0,85315.0,Spring,3.93,903.33,2.32,7191.08226567768,İzmir,Bergama
DOMATES SALKIM,2015,11864.0,85315.0,Summer,3.9,903.33,1.3,7191.08226567768,İzmir,Bergama
DOMATES SALKIM,2015,11864.0,85315.0,Fall,3.84,903.33,2.09,7191.08226567768,İzmir,Bergama
DOMATES SALKIM,2015,1393.0,5028.0,Winter,3.75,903.33,2.21,3609.475951184494,İzmir,Menderes
DOMATES SALKIM,2015,1393.0,5028.0,Spring,3.93,903.33,2.32,3609.475951184494,İzmir,Menderes
DOMATES SALKIM,2015,1393.0,5028.0,Summer,3.9,903.33,1.3,3609.475951184494,İzmir,Menderes
DOMATES SALKIM,2015,1393.0,5028.0,Fall,3.84,903.33,2.09,3609.475951184494,İzmir,Menderes
DOMATES SALKIM,2015,550.0,2727.0,Winter,3.75,903.33,2.21,4958.181818181818,İzmir,Tire
DOMATES SALKIM,2015,550.0,2727.0,Spring,3.93,903.33,2.32,4958.181818181818,İzmir,Tire
DOMATES SALKIM,2015,550.0,2727.0,Summer,3.9,903.33,1.3,4958.181818181818,İzmir,Tire
DOMATES SALKIM,2015,550.0,2727.0,Fall,3.84,903.33,2.09,4958.181818181818,İzmir,Tire
DOMATES SALKIM,2015,4862.0,31456.0,Winter,3.75,903.33,2.21,6469.765528589058,İzmir,Torbalı
DOMATES SALKIM,2015,4862.0,31456.0,Spring,3.93,903.33,2.32,6469.765528589058,İzmir,Torbalı
DOMATES SALKIM,2015,4862.0,31456.0,Summer,3.9,903.33,1.3,6469.765528589058,İzmir,Torbalı
DOMATES SALKIM,2015,4862.0,31456.0,Fall,3.84,903.33,2.09,6469.765528589058,İzmir,Torbalı
DOMATES SALKIM,2015,3052.0,22833.0,Winter,3.75,903.33,2.21,7481.32372214941,İzmir,Ödemiş
DOMATES SALKIM,2015,3052.0,22833.0,Spring,3.93,903.33,2.32,7481.32372214941,İzmir,Ödemiş
DOMATES SALKIM,2015,3052.0,22833.0,Summer,3.9,903.33,1.3,7481.32372214941,İzmir,Ödemiş
DOMATES SALKIM,2015,3052.0,22833.0,Fall,3.84,903.33,2.09,7481.32372214941,İzmir,Ödemiş
DOMATES SALKIM,2016,2000.0,14202.0,Winter,3.48,822.67,2.39,7101.0,İzmir,Bayındır
DOMATES SALKIM,2016,2000.0,14202.0,Spring,3.63,822.67,1.92,7101.0,İzmir,Bayındır
DOMATES SALKIM,2016,2000.0,14202.0,Summer,3.79,822.67,1.85,7101.0,İzmir,Bayındır
DOMATES SALKIM,2016,2000.0,14202.0,Fall,4.13,822.67,2.78,7101.0,İzmir,Bayındır
DOMATES SALKIM,2016,10664.0,103170.0,Winter,3.48,822.67,2.39,9674.606151537884,İzmir,Bergama
DOMATES SALKIM,2016,10664.0,103170.0,Spring,3.63,822.67,1.92,9674.606151537884,İzmir,Bergama
DOMATES SALKIM,2016,10664.0,103170.0,Summer,3.79,822.67,1.85,9674.606151537884,İzmir,Bergama
DOMATES SALKIM,2016,10664.0,103170.0,Fall,4.13,822.67,2.78,9674.606151537884,İzmir,Bergama
DOMATES SALKIM,2016,1503.0,6750.0,Winter,3.48,822.67,2.39,4491.017964071856,İzmir,Menderes
DOMATES SALKIM,2016,1503.0,6750.0,Spring,3.63,822.67,1.92,4491.017964071856,İzmir,Menderes
DOMATES SALKIM,2016,1503.0,6750.0,Summer,3.79,822.67,1.85,4491.017964071856,İzmir,Menderes
DOMATES SALKIM,2016,1503.0,6750.0,Fall,4.13,822.67,2.78,4491.017964071856,İzmir,Menderes
DOMATES SALKIM,2016,600.0,3135.0,Winter,3.48,822.67,2.39,5225.0,İzmir,Tire
DOMATES SALKIM,2016,600.0,3135.0,Spring,3.63,822.67,1.92,5225.0,İzmir,Tire
DOMATES SALKIM,2016,600.0,3135.0,Summer,3.79,822.67,1.85,5225.0,İzmir,Tire
DOMATES SALKIM,2016,600.0,3135.0,Fall,4.13,822.67,2.78,5225.0,İzmir,Tire
DOMATES SALKIM,2016,4530.0,30563.0,Winter,3.48,822.67,2.39,6746.799116997792,İzmir,Torbalı
DOMATES SALKIM,2016,4530.0,30563.0,Spring,3.63,822.67,1.92,6746.799116997792,İzmir,Torbalı
DOMATES SALKIM,2016,4530.0,30563.0,Summer,3.79,822.67,1.85,6746.799116997792,İzmir,Torbalı
DOMATES SALKIM,2016,4530.0,30563.0,Fall,4.13,822.67,2.78,6746.799116997792,İzmir,Torbalı
DOMATES SALKIM,2016,5052.0,39316.0,Winter,3.48,822.67,2.39,7782.264449722882,İzmir,Ödemiş
DOMATES SALKIM,2016,5052.0,39316.0,Spring,3.63,822.67,1.92,7782.264449722882,İzmir,Ödemiş
DOMATES SALKIM,2016,5052.0,39316.0,Summer,3.79,822.67,1.85,7782.264449722882,İzmir,Ödemiş
DOMATES SALKIM,2016,5052.0,39316.0,Fall,4.13,822.67,2.78,7782.264449722882,İzmir,Ödemiş
DOMATES SALKIM,2017,2000.0,13882.0,Winter,4.59,906.33,3.27,6941.0,İzmir,Bayındır
DOMATES SALKIM,2017,2000.0,13882.0,Spring,4.55,906.33,3.2,6941.0,İzmir,Bayındır
DOMATES SALKIM,2017,2000.0,13882.0,Summer,4.48,906.33,1.65,6941.0,İzmir,Bayındır
DOMATES SALKIM,2017,2000.0,13882.0,Fall,4.83,906.33,2.87,6941.0,İzmir,Bayındır
DOMATES SALKIM,2017,10935.0,103441.0,Winter,4.59,906.33,3.27,9459.625057155921,İzmir,Bergama
DOMATES SALKIM,2017,10935.0,103441.0,Spring,4.55,906.33,3.2,9459.625057155921,İzmir,Bergama
DOMATES SALKIM,2017,10935.0,103441.0,Summer,4.48,906.33,1.65,9459.625057155921,İzmir,Bergama
DOMATES SALKIM,2017,10935.0,103441.0,Fall,4.83,906.33,2.87,9459.625057155921,İzmir,Bergama
DOMATES SALKIM,2017,1200.0,5668.0,Winter,4.59,906.33,3.27,4723.333333333333,İzmir,Menderes
DOMATES SALKIM,2017,1200.0,5668.0,Spring,4.55,906.33,3.2,4723.333333333333,İzmir,Menderes
DOMATES SALKIM,2017,1200.0,5668.0,Summer,4.48,906.33,1.65,4723.333333333333,İzmir,Menderes
DOMATES SALKIM,2017,1200.0,5668.0,Fall,4.83,906.33,2.87,4723.333333333333,İzmir,Menderes
DOMATES SALKIM,2017,600.0,3034.0,Winter,4.59,906.33,3.27,5056.666666666667,İzmir,Tire
DOMATES SALKIM,2017,600.0,3034.0,Spring,4.55,906.33,3.2,5056.666666666667,İzmir,Tire
DOMATES SALKIM,2017,600.0,3034.0,Summer,4.48,906.33,1.65,5056.666666666667,İzmir,Tire
DOMATES SALKIM,2017,600.0,3034.0,Fall,4.83,906.33,2.87,5056.666666666667,İzmir,Tire
DOMATES SALKIM,2017,3400.0,22625.0,Winter,4.59,906.33,3.27,6654.411764705882,İzmir,Torbalı
DOMATES SALKIM,2017,3400.0,22625.0,Spring,4.55,906.33,3.2,6654.411764705882,İzmir,Torbalı
DOMATES SALKIM,2017,3400.0,22625.0,Summer,4.48,906.33,1.65,6654.411764705882,İzmir,Torbalı
DOMATES SALKIM,2017,3400.0,22625.0,Fall,4.83,906.33,2.87,6654.411764705882,İzmir,Torbalı
DOMATES SALKIM,2017,6052.0,46028.0,Winter,4.59,906.33,3.27,7605.419695968275,İzmir,Ödemiş
DOMATES SALKIM,2017,6052.0,46028.0,Spring,4.55,906.33,3.2,7605.419695968275,İzmir,Ödemiş
DOMATES SALKIM,2017,6052.0,46028.0,Summer,4.48,906.33,1.65,7605.419695968275,İzmir,Ödemiş
DOMATES SALKIM,2017,6052.0,46028.0,Fall,4.83,906.33,2.87,7605.419695968275,İzmir,Ödemiş
DOMATES SALKIM,2018,1000.0,6954.0,Winter,5.11,1217.33,3.88,6954.0,İzmir,Bayındır
DOMATES SALKIM,2018,1000.0,6954.0,Spring,5.46,1217.33,2.91,6954.0,İzmir,Bayındır
DOMATES SALKIM,2018,1000.0,6954.0,Summer,5.81,1217.33,2.65,6954.0,İzmir,Bayındır
DOMATES SALKIM,2018,1000.0,6954.0,Fall,6.34,1217.33,4.06,6954.0,İzmir,Bayındır
DOMATES SALKIM,2018,8934.0,89351.0,Winter,5.11,1217.33,3.88,10001.23125139915,İzmir,Bergama
DOMATES SALKIM,2018,8934.0,89351.0,Spring,5.46,1217.33,2.91,10001.23125139915,İzmir,Bergama
DOMATES SALKIM,2018,8934.0,89351.0,Summer,5.81,1217.33,2.65,10001.23125139915,İzmir,Bergama
DOMATES SALKIM,2018,8934.0,89351.0,Fall,6.34,1217.33,4.06,10001.23125139915,İzmir,Bergama
DOMATES SALKIM,2018,1000.0,3669.0,Winter,5.11,1217.33,3.88,3669.0,İzmir,Menderes
DOMATES SALKIM,2018,1000.0,3669.0,Spring,5.46,1217.33,2.91,3669.0,İzmir,Menderes
DOMATES SALKIM,2018,1000.0,3669.0,Summer,5.81,1217.33,2.65,3669.0,İzmir,Menderes
DOMATES SALKIM,2018,1000.0,3669.0,Fall,6.34,1217.33,4.06,3669.0,İzmir,Menderes
DOMATES SALKIM,2018,1000.0,5066.0,Winter,5.11,1217.33,3.88,5066.0,İzmir,Tire
DOMATES SALKIM,2018,1000.0,5066.0,Spring,5.46,1217.33,2.91,5066.0,İzmir,Tire
DOMATES SALKIM,2018,1000.0,5066.0,Summer,5.81,1217.33,2.65,5066.0,İzmir,Tire
DOMATES SALKIM,2018,1000.0,5066.0,Fall,6.34,1217.33,4.06,5066.0,İzmir,Tire
DOMATES SALKIM,2018,1875.0,12434.0,Winter,5.11,1217.33,3.88,6631.466666666666,İzmir,Torbalı
DOMATES SALKIM,2018,1875.0,12434.0,Spring,5.46,1217.33,2.91,6631.466666666666,İzmir,Torbalı
DOMATES SALKIM,2018,1875.0,12434.0,Summer,5.81,1217.33,2.65,6631.466666666666,İzmir,Torbalı
DOMATES SALKIM,2018,1875.0,12434.0,Fall,6.34,1217.33,4.06,6631.466666666666,İzmir,Torbalı
DOMATES SALKIM,2018,6558.0,49971.0,Winter,5.11,1217.33,3.88,7619.853613906679,İzmir,Ödemiş
DOMATES SALKIM,2018,6558.0,49971.0,Spring,5.46,1217.33,2.91,7619.853613906679,İzmir,Ödemiş
DOMATES SALKIM,2018,6558.0,49971.0,Summer,5.81,1217.33,2.65,7619.853613906679,İzmir,Ödemiş
DOMATES SALKIM,2018,6558.0,49971.0,Fall,6.34,1217.33,4.06,7619.853613906679,İzmir,Ödemiş
DOMATES SALKIM,2019,1000.0,6954.0,Winter,6.0,1486.33,4.04,6954.0,İzmir,Bayındır
DOMATES SALKIM,2019,1000.0,6954.0,Spring,6.44,1486.33,3.9,6954.0,İzmir,Bayındır
DOMATES SALKIM,2019,1000.0,6954.0,Summer,6.38,1486.33,2.39,6954.0,İzmir,Bayındır
DOMATES SALKIM,2019,1000.0,6954.0,Fall,6.53,1486.33,3.27,6954.0,İzmir,Bayındır
DOMATES SALKIM,2019,8787.0,87380.0,Winter,6.0,1486.33,4.04,9944.235802890635,İzmir,Bergama
DOMATES SALKIM,2019,8787.0,87380.0,Spring,6.44,1486.33,3.9,9944.235802890635,İzmir,Bergama
DOMATES SALKIM,2019,8787.0,87380.0,Summer,6.38,1486.33,2.39,9944.235802890635,İzmir,Bergama
DOMATES SALKIM,2019,8787.0,87380.0,Fall,6.53,1486.33,3.27,9944.235802890635,İzmir,Bergama
DOMATES SALKIM,2019,1550.0,5910.0,Winter,6.0,1486.33,4.04,3812.9032258064517,İzmir,Menderes
DOMATES SALKIM,2019,1550.0,5910.0,Spring,6.44,1486.33,3.9,3812.9032258064517,İzmir,Menderes
DOMATES SALKIM,2019,1550.0,5910.0,Summer,6.38,1486.33,2.39,3812.9032258064517,İzmir,Menderes
DOMATES SALKIM,2019,1550.0,5910.0,Fall,6.53,1486.33,3.27,3812.9032258064517,İzmir,Menderes
DOMATES SALKIM,2019,1000.0,5050.0,Winter,6.0,1486.33,4.04,5050.0,İzmir,Tire
DOMATES SALKIM,2019,1000.0,5050.0,Spring,6.44,1486.33,3.9,5050.0,İzmir,Tire
DOMATES SALKIM,2019,1000.0,5050.0,Summer,6.38,1486.33,2.39,5050.0,İzmir,Tire
DOMATES SALKIM,2019,1000.0,5050.0,Fall,6.53,1486.33,3.27,5050.0,İzmir,Tire
DOMATES SALKIM,2019,810.0,6075.0,Winter,6.0,1486.33,4.04,7500.0,İzmir,Torbalı
DOMATES SALKIM,2019,810.0,6075.0,Spring,6.44,1486.33,3.9,7500.0,İzmir,Torbalı
DOMATES SALKIM,2019,810.0,6075.0,Summer,6.38,1486.33,2.39,7500.0,İzmir,Torbalı
DOMATES SALKIM,2019,810.0,6075.0,Fall,6.53,1486.33,3.27,7500.0,İzmir,Torbalı
DOMATES SALKIM,2019,6552.0,49266.0,Winter,6.0,1486.33,4.04,7519.2307692307695,İzmir,Ödemiş
DOMATES SALKIM,2019,6552.0,49266.0,Spring,6.44,1486.33,3.9,7519.2307692307695,İzmir,Ödemiş
DOMATES SALKIM,2019,6552.0,49266.0,Summer,6.38,1486.33,2.39,7519.2307692307695,İzmir,Ödemiş
DOMATES SALKIM,2019,6552.0,49266.0,Fall,6.53,1486.33,3.27,7519.2307692307695,İzmir,Ödemiş
DOMATES SALKIM,2020,700.0,3500.0,Winter,6.57,2226.67,4.6,5000.0,İzmir,Bayındır
DOMATES SALKIM,2020,700.0,3500.0,Spring,5.51,2226.67,3.27,5000.0,İzmir,Bayındır
DOMATES SALKIM,2020,700.0,3500.0,Summer,5.98,2226.67,2.19,5000.0,İzmir,Bayındır
DOMATES SALKIM,2020,700.0,3500.0,Fall,6.2,2226.67,2.91,5000.0,İzmir,Bayındır
DOMATES SALKIM,2020,8854.0,85810.0,Winter,6.57,2226.67,4.6,9691.664784278293,İzmir,Bergama
DOMATES SALKIM,2020,8854.0,85810.0,Spring,5.51,2226.67,3.27,9691.664784278293,İzmir,Bergama
DOMATES SALKIM,2020,8854.0,85810.0,Summer,5.98,2226.67,2.19,9691.664784278293,İzmir,Bergama
DOMATES SALKIM,2020,8854.0,85810.0,Fall,6.2,2226.67,2.91,9691.664784278293,İzmir,Bergama
DOMATES SALKIM,2020,4611.0,15010.0,Winter,6.57,2226.67,4.6,3255.2591628713944,İzmir,Menderes
DOMATES SALKIM,2020,4611.0,15010.0,Spring,5.51,2226.67,3.27,3255.2591628713944,İzmir,Menderes
DOMATES SALKIM,2020,4611.0,15010.0,Summer,5.98,2226.67,2.19,3255.2591628713944,İzmir,Menderes
DOMATES SALKIM,2020,4611.0,15010.0,Fall,6.2,2226.67,2.91,3255.2591628713944,İzmir,Menderes
DOMATES SALKIM,2020,400.0,2020.0,Winter,6.57,2226.67,4.6,5050.0,İzmir,Tire
DOMATES SALKIM,2020,400.0,2020.0,Spring,5.51,2226.67,3.27,5050.0,İzmir,Tire
DOMATES SALKIM,2020,400.0,2020.0,Summer,5.98,2226.67,2.19,5050.0,İzmir,Tire
DOMATES SALKIM,2020,400.0,2020.0,Fall,6.2,2226.67,2.91,5050.0,İzmir,Tire
DOMATES SALKIM,2020,1165.0,7678.0,Winter,6.57,2226.67,4.6,6590.557939914163,İzmir,Torbalı
DOMATES SALKIM,2020,1165.0,7678.0,Spring,5.51,2226.67,3.27,6590.557939914163,İzmir,Torbalı
DOMATES SALKIM,2020,1165.0,7678.0,Summer,5.98,2226.67,2.19,6590.557939914163,İzmir,Torbalı
DOMATES SALKIM,2020,1165.0,7678.0,Fall,6.2,2226.67,2.91,6590.557939914163,İzmir,Torbalı
DOMATES SALKIM,2020,6000.0,45000.0,Winter,6.57,2226.67,4.6,7500.0,İzmir,Ödemiş
DOMATES SALKIM,2020,6000.0,45000.0,Spring,5.51,2226.67,3.27,7500.0,İzmir,Ödemiş
DOMATES SALKIM,2020,6000.0,45000.0,Summer,5.98,2226.67,2.19,7500.0,İzmir,Ödemiş
DOMATES SALKIM,2020,6000.0,45000.0,Fall,6.2,2226.67,2.91,7500.0,İzmir,Ödemiş
DOMATES SALKIM,2021,500.0,2500.0,Winter,6.71,6709.0,2.95,5000.0,İzmir,Bayındır
DOMATES SALKIM,2021,500.0,2500.0,Spring,6.69,6709.0,3.86,5000.0,İzmir,Bayındır
DOMATES SALKIM,2021,500.0,2500.0,Summer,7.34,6709.0,3.49,5000.0,İzmir,Bayındır
DOMATES SALKIM,2021,500.0,2500.0,Fall,7.99,6709.0,6.36,5000.0,İzmir,Bayındır
DOMATES SALKIM,2021,1854.0,34068.0,Winter,6.71,6709.0,2.95,18375.404530744338,İzmir,Bergama
DOMATES SALKIM,2021,1854.0,34068.0,Spring,6.69,6709.0,3.86,18375.404530744338,İzmir,Bergama
DOMATES SALKIM,2021,1854.0,34068.0,Summer,7.34,6709.0,3.49,18375.404530744338,İzmir,Bergama
DOMATES SALKIM,2021,1854.0,34068.0,Fall,7.99,6709.0,6.36,18375.404530744338,İzmir,Bergama
DOMATES SALKIM,2021,3833.0,12559.0,Winter,6.71,6709.0,2.95,3276.545786590138,İzmir,Menderes
DOMATES SALKIM,2021,3833.0,12559.0,Spring,6.69,6709.0,3.86,3276.545786590138,İzmir,Menderes
DOMATES SALKIM,2021,3833.0,12559.0,Summer,7.34,6709.0,3.49,3276.545786590138,İzmir,Menderes
DOMATES SALKIM,2021,3833.0,12559.0,Fall,7.99,6709.0,6.36,3276.545786590138,İzmir,Menderes
DOMATES SALKIM,2021,796.0,4020.0,Winter,6.71,6709.0,2.95,5050.251256281407,İzmir,Tire
DOMATES SALKIM,2021,796.0,4020.0,Spring,6.69,6709.0,3.86,5050.251256281407,İzmir,Tire
DOMATES SALKIM,2021,796.0,4020.0,Summer,7.34,6709.0,3.49,5050.251256281407,İzmir,Tire
DOMATES SALKIM,2021,796.0,4020.0,Fall,7.99,6709.0,6.36,5050.251256281407,İzmir,Tire
DOMATES SALKIM,2021,1680.0,8963.0,Winter,6.71,6709.0,2.95,5335.119047619048,İzmir,Torbalı
DOMATES SALKIM,2021,1680.0,8963.0,Spring,6.69,6709.0,3.86,5335.119047619048,İzmir,Torbalı
DOMATES SALKIM,2021,1680.0,8963.0,Summer,7.34,6709.0,3.49,5335.119047619048,İzmir,Torbalı
DOMATES SALKIM,2021,1680.0,8963.0,Fall,7.99,6709.0,6.36,5335.119047619048,İzmir,Torbalı
DOMATES SALKIM,2021,2000.0,14000.0,Winter,6.71,6709.0,2.95,7000.0,İzmir,Ödemiş
DOMATES SALKIM,2021,2000.0,14000.0,Spring,6.69,6709.0,3.86,7000.0,İzmir,Ödemiş
DOMATES SALKIM,2021,2000.0,14000.0,Summer,7.34,6709.0,3.49,7000.0,İzmir,Ödemiş
DOMATES SALKIM,2021,2000.0,14000.0,Fall,7.99,6709.0,6.36,7000.0,İzmir,Ödemiş
DOMATES SALKIM,2022,300.0,1507.0,Winter,13.29,15353.33,8.01,5023.333333333333,İzmir,Bayındır
DOMATES SALKIM,2022,300.0,1507.0,Spring,21.62,15353.33,11.63,5023.333333333333,İzmir,Bayındır
DOMATES SALKIM,2022,300.0,1507.0,Summer,26.18,15353.33,9.26,5023.333333333333,İzmir,Bayındır
DOMATES SALKIM,2022,300.0,1507.0,Fall,25.49,15353.33,11.75,5023.333333333333,İzmir,Bayındır
DOMATES SALKIM,2022,1839.0,34754.0,Winter,13.29,15353.33,8.01,18898.31430125068,İzmir,Bergama
DOMATES SALKIM,2022,1839.0,34754.0,Spring,21.62,15353.33,11.63,18898.31430125068,İzmir,Bergama
DOMATES SALKIM,2022,1839.0,34754.0,Summer,26.18,15353.33,9.26,18898.31430125068,İzmir,Bergama
DOMATES SALKIM,2022,1839.0,34754.0,Fall,25.49,15353.33,11.75,18898.31430125068,İzmir,Bergama
DOMATES SALKIM,2022,2077.0,7057.0,Winter,13.29,15353.33,8.01,3397.6889744824266,İzmir,Menderes
DOMATES SALKIM,2022,2077.0,7057.0,Spring,21.62,15353.33,11.63,3397.6889744824266,İzmir,Menderes
DOMATES SALKIM,2022,2077.0,7057.0,Summer,26.18,15353.33,9.26,3397.6889744824266,İzmir,Menderes
DOMATES SALKIM,2022,2077.0,7057.0,Fall,25.49,15353.33,11.75,3397.6889744824266,İzmir,Menderes
DOMATES SALKIM,2022,1165.0,5970.0,Winter,13.29,15353.33,8.01,5124.4635193133045,İzmir,Tire
DOMATES SALKIM,2022,1165.0,5970.0,Spring,21.62,15353.33,11.63,5124.4635193133045,İzmir,Tire
DOMATES SALKIM,2022,1165.0,5970.0,Summer,26.18,15353.33,9.26,5124.4635193133045,İzmir,Tire
DOMATES SALKIM,2022,1165.0,5970.0,Fall,25.49,15353.33,11.75,5124.4635193133045,İzmir,Tire
DOMATES SALKIM,2022,1005.0,6138.0,Winter,13.29,15353.33,8.01,6107.462686567164,İzmir,Torbalı
DOMATES SALKIM,2022,1005.0,6138.0,Spring,21.62,15353.33,11.63,6107.462686567164,İzmir,Torbalı
DOMATES SALKIM,2022,1005.0,6138.0,Summer,26.18,15353.33,9.26,6107.462686567164,İzmir,Torbalı
DOMATES SALKIM,2022,1005.0,6138.0,Fall,25.49,15353.33,11.75,6107.462686567164,İzmir,Torbalı
DOMATES SALKIM,2022,3000.0,22606.0,Winter,13.29,15353.33,8.01,7535.333333333333,İzmir,Ödemiş
DOMATES SALKIM,2022,3000.0,22606.0,Spring,21.62,15353.33,11.63,7535.333333333333,İzmir,Ödemiş
DOMATES SALKIM,2022,3000.0,22606.0,Summer,26.18,15353.33,9.26,7535.333333333333,İzmir,Ödemiş
DOMATES SALKIM,2022,3000.0,22606.0,Fall,25.49,15353.33,11.75,7535.333333333333,İzmir,Ödemiş
DOMATES SALKIM,2023,300.0,1507.0,Winter,22.27,10488.0,14.81,5023.333333333333,İzmir,Bayındır
DOMATES SALKIM,2023,300.0,1507.0,Spring,20.55,10488.0,14.96,5023.333333333333,İzmir,Bayındır
DOMATES SALKIM,2023,300.0,1507.0,Summer,30.3,10488.0,20.95,5023.333333333333,İzmir,Bayındır
DOMATES SALKIM,2023,300.0,1507.0,Fall,39.39,10488.0,22.53,5023.333333333333,İzmir,Bayındır
DOMATES SALKIM,2023,1894.0,23954.0,Winter,22.27,10488.0,14.81,12647.307286166842,İzmir,Bergama
DOMATES SALKIM,2023,1894.0,23954.0,Spring,20.55,10488.0,14.96,12647.307286166842,İzmir,Bergama
DOMATES SALKIM,2023,1894.0,23954.0,Summer,30.3,10488.0,20.95,12647.307286166842,İzmir,Bergama
DOMATES SALKIM,2023,1894.0,23954.0,Fall,39.39,10488.0,22.53,12647.307286166842,İzmir,Bergama
DOMATES SALKIM,2023,1080.0,3790.0,Winter,22.27,10488.0,14.81,3509.259259259259,İzmir,Menderes
DOMATES SALKIM,2023,1080.0,3790.0,Spring,20.55,10488.0,14.96,3509.259259259259,İzmir,Menderes
DOMATES SALKIM,2023,1080.0,3790.0,Summer,30.3,10488.0,20.95,3509.259259259259,İzmir,Menderes
DOMATES SALKIM,2023,1080.0,3790.0,Fall,39.39,10488.0,22.53,3509.259259259259,İzmir,Menderes
DOMATES SALKIM,2023,950.0,4845.0,Winter,22.27,10488.0,14.81,5100.0,İzmir,Tire
DOMATES SALKIM,2023,950.0,4845.0,Spring,20.55,10488.0,14.96,5100.0,İzmir,Tire
DOMATES SALKIM,2023,950.0,4845.0,Summer,30.3,10488.0,20.95,5100.0,İzmir,Tire
DOMATES SALKIM,2023,950.0,4845.0,Fall,39.39,10488.0,22.53,5100.0,İzmir,Tire
DOMATES SALKIM,2023,1305.0,6625.0,Winter,22.27,10488.0,14.81,5076.628352490421,İzmir,Torbalı
DOMATES SALKIM,2023,1305.0,6625.0,Spring,20.55,10488.0,14.96,5076.628352490421,İzmir,Torbalı
DOMATES SALKIM,2023,1305.0,6625.0,Summer,30.3,10488.0,20.95,5076.628352490421,İzmir,Torbalı
DOMATES SALKIM,2023,1305.0,6625.0,Fall,39.39,10488.0,22.53,5076.628352490421,İzmir,Torbalı
DOMATES SALKIM,2023,3500.0,35000.0,Winter,22.27,10488.0,14.81,10000.0,İzmir,Ödemiş
DOMATES SALKIM,2023,3500.0,35000.0,Spring,20.55,10488.0,14.96,10000.0,İzmir,Ödemiş
DOMATES SALKIM,2023,3500.0,35000.0,Summer,30.3,10488.0,20.95,10000.0,İzmir,Ödemiş
DOMATES SALKIM,2023,3500.0,35000.0,Fall,39.39,10488.0,22.53,10000.0,İzmir,Ödemiş
DOMATES SALKIM,2024,1000.0,5000.0,Winter,40.18,11266.67,26.17,5000.0,İzmir,Bayındır
DOMATES SALKIM,2024,1000.0,5000.0,Spring,42.39,11266.67,24.06,5000.0,İzmir,Bayındır
DOMATES SALKIM,2024,1000.0,5000.0,Summer,44.12,11266.67,26.24,5000.0,İzmir,Bayındır
DOMATES SALKIM,2024,1000.0,5000.0,Fall,43.82,11266.67,34.42,5000.0,İzmir,Bayındır
DOMATES SALKIM,2024,11969.0,90970.0,Winter,40.18,11266.67,26.17,7600.467875344641,İzmir,Bergama
DOMATES SALKIM,2024,11969.0,90970.0,Spring,42.39,11266.67,24.06,7600.467875344641,İzmir,Bergama
DOMATES SALKIM,2024,11969.0,90970.0,Summer,44.12,11266.67,26.24,7600.467875344641,İzmir,Bergama
DOMATES SALKIM,2024,11969.0,90970.0,Fall,43.82,11266.67,34.42,7600.467875344641,İzmir,Bergama
DOMATES SALKIM,2024,1070.0,4680.0,Winter,40.18,11266.67,26.17,4373.8317757009345,İzmir,Menderes
DOMATES SALKIM,2024,1070.0,4680.0,Spring,42.39,11266.67,24.06,4373.8317757009345,İzmir,Menderes
DOMATES SALKIM,2024,1070.0,4680.0,Summer,44.12,11266.67,26.24,4373.8317757009345,İzmir,Menderes
DOMATES SALKIM,2024,1070.0,4680.0,Fall,43.82,11266.67,34.42,4373.8317757009345,İzmir,Menderes
DOMATES SALKIM,2024,850.0,4335.0,Winter,40.18,11266.67,26.17,5100.0,İzmir,Tire
DOMATES SALKIM,2024,850.0,4335.0,Spring,42.39,11266.67,24.06,5100.0,İzmir,Tire
DOMATES SALKIM,2024,850.0,4335.0,Summer,44.12,11266.67,26.24,5100.0,İzmir,Tire
DOMATES SALKIM,2024,850.0,4335.0,Fall,43.82,11266.67,34.42,5100.0,İzmir,Tire
DOMATES SALKIM,2024,3276.0,18109.0,Winter,40.18,11266.67,26.17,5527.777777777777,İzmir,Torbalı
DOMATES SALKIM,2024,3276.0,18109.0,Spring,42.39,11266.67,24.06,5527.777777777777,İzmir,Torbalı
DOMATES SALKIM,2024,3276.0,18109.0,Summer,44.12,11266.67,26.24,5527.777777777777,İzmir,Torbalı
DOMATES SALKIM,2024,3276.0,18109.0,Fall,43.82,11266.67,34.42,5527.777777777777,İzmir,Torbalı
DOMATES SALKIM,2024,2000.0,16000.0,Winter,40.18,11266.67,26.17,8000.0,İzmir,Ödemiş
DOMATES SALKIM,2024,2000.0,16000.0,Spring,42.39,11266.67,24.06,8000.0,İzmir,Ödemiş
DOMATES SALKIM,2024,2000.0,16000.0,Summer,44.12,11266.67,26.24,8000.0,İzmir,Ödemiş
DOMATES SALKIM,2024,2000.0,16000.0,Fall,43.82,11266.67,34.42,8000.0,İzmir,Ödemiş
DOMATES SALKIM,2025,785.0,5107.0,Winter,46.61,14550.0,41.45,6505.732484076433,İzmir,Bayındır
DOMATES SALKIM,2025,785.0,5107.0,Spring,46.68,14550.0,32.06,6505.732484076433,İzmir,Bayındır
DOMATES SALKIM,2025,785.0,5107.0,Summer,52.69,14550.0,28.35,6505.732484076433,İzmir,Bayındır
DOMATES SALKIM,2025,785.0,5107.0,Fall,56.39,14550.0,34.5,6505.732484076433,İzmir,Bayındır
DOMATES SALKIM,2025,11268.0,90043.0,Winter,46.61,14550.0,41.45,7991.036563720269,İzmir,Bergama
DOMATES SALKIM,2025,11268.0,90043.0,Spring,46.68,14550.0,32.06,7991.036563720269,İzmir,Bergama
DOMATES SALKIM,2025,11268.0,90043.0,Summer,52.69,14550.0,28.35,7991.036563720269,İzmir,Bergama
DOMATES SALKIM,2025,11268.0,90043.0,Fall,56.39,14550.0,34.5,7991.036563720269,İzmir,Bergama
DOMATES SALKIM,2025,610.0,2457.0,Winter,46.61,14550.0,41.45,4027.8688524590166,İzmir,Menderes
DOMATES SALKIM,2025,610.0,2457.0,Spring,46.68,14550.0,32.06,4027.8688524590166,İzmir,Menderes
DOMATES SALKIM,2025,610.0,2457.0,Summer,52.69,14550.0,28.35,4027.8688524590166,İzmir,Menderes
DOMATES SALKIM,2025,610.0,2457.0,Fall,56.39,14550.0,34.5,4027.8688524590166,İzmir,Menderes
DOMATES SALKIM,2025,1650.0,10732.0,Winter,46.61,14550.0,41.45,6504.242424242424,İzmir,Tire
DOMATES SALKIM,2025,1650.0,10732.0,Spring,46.68,14550.0,32.06,6504.242424242424,İzmir,Tire
DOMATES SALKIM,2025,1650.0,10732.0,Summer,52.69,14550.0,28.35,6504.242424242424,İzmir,Tire
DOMATES SALKIM,2025,1650.0,10732.0,Fall,56.39,14550.0,34.5,6504.242424242424,İzmir,Tire
DOMATES SALKIM,2025,6580.0,39597.0,Winter,46.61,14550.0,41.45,6017.781155015197,İzmir,Torbalı
DOMATES SALKIM,2025,6580.0,39597.0,Spring,46.68,14550.0,32.06,6017.781155015197,İzmir,Torbalı
DOMATES SALKIM,2025,6580.0,39597.0,Summer,52.69,14550.0,28.35,6017.781155015197,İzmir,Torbalı
DOMATES SALKIM,2025,6580.0,39597.0,Fall,56.39,14550.0,34.5,6017.781155015197,İzmir,Torbalı
DOMATES SALKIM,2025,2000.0,15010.0,Winter,46.61,14550.0,41.45,7505.0,İzmir,Ödemiş
DOMATES SALKIM,2025,2000.0,15010.0,Spring,46.68,14550.0,32.06,7505.0,İzmir,Ödemiş
DOMATES SALKIM,2025,2000.0,15010.0,Summer,52.69,14550.0,28.35,7505.0,İzmir,Ödemiş
DOMATES SALKIM,2025,2000.0,15010.0,Fall,56.39,14550.0,34.5,7505.0,İzmir,Ödemiş
SALATALIK SILOR,2014,5000.0,21500.0,Winter,4.54,886.0,2.98,4300.0,İzmir,Bayındır
SALATALIK SILOR,2014,5000.0,21500.0,Spring,4.58,886.0,2.03,4300.0,İzmir,Bayındır
SALATALIK SILOR,2014,5000.0,21500.0,Summer,4.38,886.0,1.35,4300.0,İzmir,Bayındır
SALATALIK SILOR,2014,5000.0,21500.0,Fall,4.24,886.0,1.35,4300.0,İzmir,Bayındır
SALATALIK SILOR,2014,1404.0,2404.0,Winter,4.54,886.0,2.98,1712.2507122507122,İzmir,Bergama
SALATALIK SILOR,2014,1404.0,2404.0,Spring,4.58,886.0,2.03,1712.2507122507122,İzmir,Bergama
SALATALIK SILOR,2014,1404.0,2404.0,Summer,4.38,886.0,1.35,1712.2507122507122,İzmir,Bergama
SALATALIK SILOR,2014,1404.0,2404.0,Fall,4.24,886.0,1.35,1712.2507122507122,İzmir,Bergama
SALATALIK SILOR,2014,6337.0,152088.0,Winter,4.54,886.0,2.98,24000.0,İzmir,Menderes
SALATALIK SILOR,2014,6337.0,152088.0,Spring,4.58,886.0,2.03,24000.0,İzmir,Menderes
SALATALIK SILOR,2014,6337.0,152088.0,Summer,4.38,886.0,1.35,24000.0,İzmir,Menderes
SALATALIK SILOR,2014,6337.0,152088.0,Fall,4.24,886.0,1.35,24000.0,İzmir,Menderes
SALATALIK SILOR,2014,600.0,1200.0,Winter,4.54,886.0,2.98,2000.0,İzmir,Tire
SALATALIK SILOR,2014,600.0,1200.0,Spring,4.58,886.0,2.03,2000.0,İzmir,Tire
SALATALIK SILOR,2014,600.0,1200.0,Summer,4.38,886.0,1.35,2000.0,İzmir,Tire
SALATALIK SILOR,2014,600.0,1200.0,Fall,4.24,886.0,1.35,2000.0,İzmir,Tire
SALATALIK SILOR,2014,395.0,2250.0,Winter,4.54,886.0,2.98,5696.202531645569,İzmir,Torbalı
SALATALIK SILOR,2014,395.0,2250.0,Spring,4.58,886.0,2.03,5696.202531645569,İzmir,Torbalı
SALATALIK SILOR,2014,395.0,2250.0,Summer,4.38,886.0,1.35,5696.202531645569,İzmir,Torbalı
SALATALIK SILOR,2014,395.0,2250.0,Fall,4.24,886.0,1.35,5696.202531645569,İzmir,Torbalı
SALATALIK SILOR,2014,5070.0,6400.0,Winter,4.54,886.0,2.98,1262.32741617357,İzmir,Ödemiş
SALATALIK SILOR,2014,5070.0,6400.0,Spring,4.58,886.0,2.03,1262.32741617357,İzmir,Ödemiş
SALATALIK SILOR,2014,5070.0,6400.0,Summer,4.38,886.0,1.35,1262.32741617357,İzmir,Ödemiş
SALATALIK SILOR,2014,5070.0,6400.0,Fall,4.24,886.0,1.35,1262.32741617357,İzmir,Ödemiş
SALATALIK SILOR,2015,5000.0,21500.0,Winter,3.75,903.33,3.17,4300.0,İzmir,Bayındır
SALATALIK SILOR,2015,5000.0,21500.0,Spring,3.93,903.33,1.79,4300.0,İzmir,Bayındır
SALATALIK SILOR,2015,5000.0,21500.0,Summer,3.9,903.33,1.42,4300.0,İzmir,Bayındır
SALATALIK SILOR,2015,5000.0,21500.0,Fall,3.84,903.33,1.49,4300.0,İzmir,Bayındır
SALATALIK SILOR,2015,1404.0,2404.0,Winter,3.75,903.33,3.17,1712.2507122507122,İzmir,Bergama
SALATALIK SILOR,2015,1404.0,2404.0,Spring,3.93,903.33,1.79,1712.2507122507122,İzmir,Bergama
SALATALIK SILOR,2015,1404.0,2404.0,Summer,3.9,903.33,1.42,1712.2507122507122,İzmir,Bergama
SALATALIK SILOR,2015,1404.0,2404.0,Fall,3.84,903.33,1.49,1712.2507122507122,İzmir,Bergama
SALATALIK SILOR,2015,4691.0,112584.0,Winter,3.75,903.33,3.17,24000.0,İzmir,Menderes
SALATALIK SILOR,2015,4691.0,112584.0,Spring,3.93,903.33,1.79,24000.0,İzmir,Menderes
SALATALIK SILOR,2015,4691.0,112584.0,Summer,3.9,903.33,1.42,24000.0,İzmir,Menderes
SALATALIK SILOR,2015,4691.0,112584.0,Fall,3.84,903.33,1.49,24000.0,İzmir,Menderes
SALATALIK SILOR,2015,600.0,1200.0,Winter,3.75,903.33,3.17,2000.0,İzmir,Tire
SALATALIK SILOR,2015,600.0,1200.0,Spring,3.93,903.33,1.79,2000.0,İzmir,Tire
SALATALIK SILOR,2015,600.0,1200.0,Summer,3.9,903.33,1.42,2000.0,İzmir,Tire
SALATALIK SILOR,2015,600.0,1200.0,Fall,3.84,903.33,1.49,2000.0,İzmir,Tire
SALATALIK SILOR,2015,513.0,2708.0,Winter,3.75,903.33,3.17,5278.752436647173,İzmir,Torbalı
SALATALIK SILOR,2015,513.0,2708.0,Spring,3.93,903.33,1.79,5278.752436647173,İzmir,Torbalı
SALATALIK SILOR,2015,513.0,2708.0,Summer,3.9,903.33,1.42,5278.752436647173,İzmir,Torbalı
SALATALIK SILOR,2015,513.0,2708.0,Fall,3.84,903.33,1.49,5278.752436647173,İzmir,Torbalı
SALATALIK SILOR,2015,5070.0,6400.0,Winter,3.75,903.33,3.17,1262.32741617357,İzmir,Ödemiş
SALATALIK SILOR,2015,5070.0,6400.0,Spring,3.93,903.33,1.79,1262.32741617357,İzmir,Ödemiş
SALATALIK SILOR,2015,5070.0,6400.0,Summer,3.9,903.33,1.42,1262.32741617357,İzmir,Ödemiş
SALATALIK SILOR,2015,5070.0,6400.0,Fall,3.84,903.33,1.49,1262.32741617357,İzmir,Ödemiş
SALATALIK SILOR,2016,3000.0,12900.0,Winter,3.48,822.67,2.93,4300.0,İzmir,Bayındır
SALATALIK SILOR,2016,3000.0,12900.0,Spring,3.63,822.67,1.56,4300.0,İzmir,Bayındır
SALATALIK SILOR,2016,3000.0,12900.0,Summer,3.79,822.67,1.23,4300.0,İzmir,Bayındır
SALATALIK SILOR,2016,3000.0,12900.0,Fall,4.13,822.67,1.59,4300.0,İzmir,Bayındır
SALATALIK SILOR,2016,1404.0,2404.0,Winter,3.48,822.67,2.93,1712.2507122507122,İzmir,Bergama
SALATALIK SILOR,2016,1404.0,2404.0,Spring,3.63,822.67,1.56,1712.2507122507122,İzmir,Bergama
SALATALIK SILOR,2016,1404.0,2404.0,Summer,3.79,822.67,1.23,1712.2507122507122,İzmir,Bergama
SALATALIK SILOR,2016,1404.0,2404.0,Fall,4.13,822.67,1.59,1712.2507122507122,İzmir,Bergama
SALATALIK SILOR,2016,4871.0,116904.0,Winter,3.48,822.67,2.93,24000.0,İzmir,Menderes
SALATALIK SILOR,2016,4871.0,116904.0,Spring,3.63,822.67,1.56,24000.0,İzmir,Menderes
SALATALIK SILOR,2016,4871.0,116904.0,Summer,3.79,822.67,1.23,24000.0,İzmir,Menderes
SALATALIK SILOR,2016,4871.0,116904.0,Fall,4.13,822.67,1.59,24000.0,İzmir,Menderes
SALATALIK SILOR,2016,600.0,1200.0,Winter,3.48,822.67,2.93,2000.0,İzmir,Tire
SALATALIK SILOR,2016,600.0,1200.0,Spring,3.63,822.67,1.56,2000.0,İzmir,Tire
SALATALIK SILOR,2016,600.0,1200.0,Summer,3.79,822.67,1.23,2000.0,İzmir,Tire
SALATALIK SILOR,2016,600.0,1200.0,Fall,4.13,822.67,1.59,2000.0,İzmir,Tire
SALATALIK SILOR,2016,385.0,2170.0,Winter,3.48,822.67,2.93,5636.363636363636,İzmir,Torbalı
SALATALIK SILOR,2016,385.0,2170.0,Spring,3.63,822.67,1.56,5636.363636363636,İzmir,Torbalı
SALATALIK SILOR,2016,385.0,2170.0,Summer,3.79,822.67,1.23,5636.363636363636,İzmir,Torbalı
SALATALIK SILOR,2016,385.0,2170.0,Fall,4.13,822.67,1.59,5636.363636363636,İzmir,Torbalı
SALATALIK SILOR,2016,3070.0,5210.0,Winter,3.48,822.67,2.93,1697.0684039087948,İzmir,Ödemiş
SALATALIK SILOR,2016,3070.0,5210.0,Spring,3.63,822.67,1.56,1697.0684039087948,İzmir,Ödemiş
SALATALIK SILOR,2016,3070.0,5210.0,Summer,3.79,822.67,1.23,1697.0684039087948,İzmir,Ödemiş
SALATALIK SILOR,2016,3070.0,5210.0,Fall,4.13,822.67,1.59,1697.0684039087948,İzmir,Ödemiş
SALATALIK SILOR,2017,2000.0,8600.0,Winter,4.59,906.33,3.51,4300.0,İzmir,Bayındır
SALATALIK SILOR,2017,2000.0,8600.0,Spring,4.55,906.33,2.21,4300.0,İzmir,Bayındır
SALATALIK SILOR,2017,2000.0,8600.0,Summer,4.48,906.33,1.24,4300.0,İzmir,Bayındır
SALATALIK SILOR,2017,2000.0,8600.0,Fall,4.83,906.33,1.59,4300.0,İzmir,Bayındır
SALATALIK SILOR,2017,1226.0,2196.0,Winter,4.59,906.33,3.51,1791.1908646003262,İzmir,Bergama
SALATALIK SILOR,2017,1226.0,2196.0,Spring,4.55,906.33,2.21,1791.1908646003262,İzmir,Bergama
SALATALIK SILOR,2017,1226.0,2196.0,Summer,4.48,906.33,1.24,1791.1908646003262,İzmir,Bergama
SALATALIK SILOR,2017,1226.0,2196.0,Fall,4.83,906.33,1.59,1791.1908646003262,İzmir,Bergama
SALATALIK SILOR,2017,5039.0,120936.0,Winter,4.59,906.33,3.51,24000.0,İzmir,Menderes
SALATALIK SILOR,2017,5039.0,120936.0,Spring,4.55,906.33,2.21,24000.0,İzmir,Menderes
SALATALIK SILOR,2017,5039.0,120936.0,Summer,4.48,906.33,1.24,24000.0,İzmir,Menderes
SALATALIK SILOR,2017,5039.0,120936.0,Fall,4.83,906.33,1.59,24000.0,İzmir,Menderes
SALATALIK SILOR,2017,600.0,1200.0,Winter,4.59,906.33,3.51,2000.0,İzmir,Tire
SALATALIK SILOR,2017,600.0,1200.0,Spring,4.55,906.33,2.21,2000.0,İzmir,Tire
SALATALIK SILOR,2017,600.0,1200.0,Summer,4.48,906.33,1.24,2000.0,İzmir,Tire
SALATALIK SILOR,2017,600.0,1200.0,Fall,4.83,906.33,1.59,2000.0,İzmir,Tire
SALATALIK SILOR,2017,505.0,2710.0,Winter,4.59,906.33,3.51,5366.336633663366,İzmir,Torbalı
SALATALIK SILOR,2017,505.0,2710.0,Spring,4.55,906.33,2.21,5366.336633663366,İzmir,Torbalı
SALATALIK SILOR,2017,505.0,2710.0,Summer,4.48,906.33,1.24,5366.336633663366,İzmir,Torbalı
SALATALIK SILOR,2017,505.0,2710.0,Fall,4.83,906.33,1.59,5366.336633663366,İzmir,Torbalı
SALATALIK SILOR,2017,3070.0,5900.0,Winter,4.59,906.33,3.51,1921.8241042345278,İzmir,Ödemiş
SALATALIK SILOR,2017,3070.0,5900.0,Spring,4.55,906.33,2.21,1921.8241042345278,İzmir,Ödemiş
SALATALIK SILOR,2017,3070.0,5900.0,Summer,4.48,906.33,1.24,1921.8241042345278,İzmir,Ödemiş
SALATALIK SILOR,2017,3070.0,5900.0,Fall,4.83,906.33,1.59,1921.8241042345278,İzmir,Ödemiş
SALATALIK SILOR,2018,1500.0,6450.0,Winter,5.11,1217.33,2.99,4300.0,İzmir,Bayındır
SALATALIK SILOR,2018,1500.0,6450.0,Spring,5.46,1217.33,2.04,4300.0,İzmir,Bayındır
SALATALIK SILOR,2018,1500.0,6450.0,Summer,5.81,1217.33,2.05,4300.0,İzmir,Bayındır
SALATALIK SILOR,2018,1500.0,6450.0,Fall,6.34,1217.33,1.86,4300.0,İzmir,Bayındır
SALATALIK SILOR,2018,1026.0,1856.0,Winter,5.11,1217.33,2.99,1808.9668615984406,İzmir,Bergama
SALATALIK SILOR,2018,1026.0,1856.0,Spring,5.46,1217.33,2.04,1808.9668615984406,İzmir,Bergama
SALATALIK SILOR,2018,1026.0,1856.0,Summer,5.81,1217.33,2.05,1808.9668615984406,İzmir,Bergama
SALATALIK SILOR,2018,1026.0,1856.0,Fall,6.34,1217.33,1.86,1808.9668615984406,İzmir,Bergama
SALATALIK SILOR,2018,5079.0,101580.0,Winter,5.11,1217.33,2.99,20000.0,İzmir,Menderes
SALATALIK SILOR,2018,5079.0,101580.0,Spring,5.46,1217.33,2.04,20000.0,İzmir,Menderes
SALATALIK SILOR,2018,5079.0,101580.0,Summer,5.81,1217.33,2.05,20000.0,İzmir,Menderes
SALATALIK SILOR,2018,5079.0,101580.0,Fall,6.34,1217.33,1.86,20000.0,İzmir,Menderes
SALATALIK SILOR,2018,300.0,600.0,Winter,5.11,1217.33,2.99,2000.0,İzmir,Tire
SALATALIK SILOR,2018,300.0,600.0,Spring,5.46,1217.33,2.04,2000.0,İzmir,Tire
SALATALIK SILOR,2018,300.0,600.0,Summer,5.81,1217.33,2.05,2000.0,İzmir,Tire
SALATALIK SILOR,2018,300.0,600.0,Fall,6.34,1217.33,1.86,2000.0,İzmir,Tire
SALATALIK SILOR,2018,378.0,2138.0,Winter,5.11,1217.33,2.99,5656.084656084656,İzmir,Torbalı
SALATALIK SILOR,2018,378.0,2138.0,Spring,5.46,1217.33,2.04,5656.084656084656,İzmir,Torbalı
SALATALIK SILOR,2018,378.0,2138.0,Summer,5.81,1217.33,2.05,5656.084656084656,İzmir,Torbalı
SALATALIK SILOR,2018,378.0,2138.0,Fall,6.34,1217.33,1.86,5656.084656084656,İzmir,Torbalı
SALATALIK SILOR,2018,2080.0,4600.0,Winter,5.11,1217.33,2.99,2211.5384615384614,İzmir,Ödemiş
SALATALIK SILOR,2018,2080.0,4600.0,Spring,5.46,1217.33,2.04,2211.5384615384614,İzmir,Ödemiş
SALATALIK SILOR,2018,2080.0,4600.0,Summer,5.81,1217.33,2.05,2211.5384615384614,İzmir,Ödemiş
SALATALIK SILOR,2018,2080.0,4600.0,Fall,6.34,1217.33,1.86,2211.5384615384614,İzmir,Ödemiş
SALATALIK SILOR,2019,1000.0,4300.0,Winter,6.0,1486.33,4.25,4300.0,İzmir,Bayındır
SALATALIK SILOR,2019,1000.0,4300.0,Spring,6.44,1486.33,2.64,4300.0,İzmir,Bayındır
SALATALIK SILOR,2019,1000.0,4300.0,Summer,6.38,1486.33,1.44,4300.0,İzmir,Bayındır
SALATALIK SILOR,2019,1000.0,4300.0,Fall,6.53,1486.33,2.23,4300.0,İzmir,Bayındır
SALATALIK SILOR,2019,1018.0,1844.0,Winter,6.0,1486.33,4.25,1811.3948919449901,İzmir,Bergama
SALATALIK SILOR,2019,1018.0,1844.0,Spring,6.44,1486.33,2.64,1811.3948919449901,İzmir,Bergama
SALATALIK SILOR,2019,1018.0,1844.0,Summer,6.38,1486.33,1.44,1811.3948919449901,İzmir,Bergama
SALATALIK SILOR,2019,1018.0,1844.0,Fall,6.53,1486.33,2.23,1811.3948919449901,İzmir,Bergama
SALATALIK SILOR,2019,4930.0,98600.0,Winter,6.0,1486.33,4.25,20000.0,İzmir,Menderes
SALATALIK SILOR,2019,4930.0,98600.0,Spring,6.44,1486.33,2.64,20000.0,İzmir,Menderes
SALATALIK SILOR,2019,4930.0,98600.0,Summer,6.38,1486.33,1.44,20000.0,İzmir,Menderes
SALATALIK SILOR,2019,4930.0,98600.0,Fall,6.53,1486.33,2.23,20000.0,İzmir,Menderes
SALATALIK SILOR,2019,300.0,600.0,Winter,6.0,1486.33,4.25,2000.0,İzmir,Tire
SALATALIK SILOR,2019,300.0,600.0,Spring,6.44,1486.33,2.64,2000.0,İzmir,Tire
SALATALIK SILOR,2019,300.0,600.0,Summer,6.38,1486.33,1.44,2000.0,İzmir,Tire
SALATALIK SILOR,2019,300.0,600.0,Fall,6.53,1486.33,2.23,2000.0,İzmir,Tire
SALATALIK SILOR,2019,285.0,1623.0,Winter,6.0,1486.33,4.25,5694.736842105263,İzmir,Torbalı
SALATALIK SILOR,2019,285.0,1623.0,Spring,6.44,1486.33,2.64,5694.736842105263,İzmir,Torbalı
SALATALIK SILOR,2019,285.0,1623.0,Summer,6.38,1486.33,1.44,5694.736842105263,İzmir,Torbalı
SALATALIK SILOR,2019,285.0,1623.0,Fall,6.53,1486.33,2.23,5694.736842105263,İzmir,Torbalı
SALATALIK SILOR,2019,2070.0,4400.0,Winter,6.0,1486.33,4.25,2125.6038647342993,İzmir,Ödemiş
SALATALIK SILOR,2019,2070.0,4400.0,Spring,6.44,1486.33,2.64,2125.6038647342993,İzmir,Ödemiş
SALATALIK SILOR,2019,2070.0,4400.0,Summer,6.38,1486.33,1.44,2125.6038647342993,İzmir,Ödemiş
SALATALIK SILOR,2019,2070.0,4400.0,Fall,6.53,1486.33,2.23,2125.6038647342993,İzmir,Ödemiş
SALATALIK SILOR,2020,145.0,508.0,Winter,6.57,2226.67,4.48,3503.448275862069,İzmir,Bayındır
SALATALIK SILOR,2020,145.0,508.0,Spring,5.51,2226.67,3.39,3503.448275862069,İzmir,Bayındır
SALATALIK SILOR,2020,145.0,508.0,Summer,5.98,2226.67,2.1,3503.448275862069,İzmir,Bayındır
SALATALIK SILOR,2020,145.0,508.0,Fall,6.2,2226.67,2.54,3503.448275862069,İzmir,Bayındır
SALATALIK SILOR,2020,1011.0,1788.0,Winter,6.57,2226.67,4.48,1768.545994065282,İzmir,Bergama
SALATALIK SILOR,2020,1011.0,1788.0,Spring,5.51,2226.67,3.39,1768.545994065282,İzmir,Bergama
SALATALIK SILOR,2020,1011.0,1788.0,Summer,5.98,2226.67,2.1,1768.545994065282,İzmir,Bergama
SALATALIK SILOR,2020,1011.0,1788.0,Fall,6.2,2226.67,2.54,1768.545994065282,İzmir,Bergama
SALATALIK SILOR,2020,4930.0,98600.0,Winter,6.57,2226.67,4.48,20000.0,İzmir,Menderes
SALATALIK SILOR,2020,4930.0,98600.0,Spring,5.51,2226.67,3.39,20000.0,İzmir,Menderes
SALATALIK SILOR,2020,4930.0,98600.0,Summer,5.98,2226.67,2.1,20000.0,İzmir,Menderes
SALATALIK SILOR,2020,4930.0,98600.0,Fall,6.2,2226.67,2.54,20000.0,İzmir,Menderes
SALATALIK SILOR,2020,120.0,240.0,Winter,6.57,2226.67,4.48,2000.0,İzmir,Tire
SALATALIK SILOR,2020,120.0,240.0,Spring,5.51,2226.67,3.39,2000.0,İzmir,Tire
SALATALIK SILOR,2020,120.0,240.0,Summer,5.98,2226.67,2.1,2000.0,İzmir,Tire
SALATALIK SILOR,2020,120.0,240.0,Fall,6.2,2226.67,2.54,2000.0,İzmir,Tire
SALATALIK SILOR,2020,250.0,1331.0,Winter,6.57,2226.67,4.48,5324.0,İzmir,Torbalı
SALATALIK SILOR,2020,250.0,1331.0,Spring,5.51,2226.67,3.39,5324.0,İzmir,Torbalı
SALATALIK SILOR,2020,250.0,1331.0,Summer,5.98,2226.67,2.1,5324.0,İzmir,Torbalı
SALATALIK SILOR,2020,250.0,1331.0,Fall,6.2,2226.67,2.54,5324.0,İzmir,Torbalı
SALATALIK SILOR,2020,1000.0,4500.0,Winter,6.57,2226.67,4.48,4500.0,İzmir,Ödemiş
SALATALIK SILOR,2020,1000.0,4500.0,Spring,5.51,2226.67,3.39,4500.0,İzmir,Ödemiş
SALATALIK SILOR,2020,1000.0,4500.0,Summer,5.98,2226.67,2.1,4500.0,İzmir,Ödemiş
SALATALIK SILOR,2020,1000.0,4500.0,Fall,6.2,2226.67,2.54,4500.0,İzmir,Ödemiş
SALATALIK SILOR,2021,100.0,350.0,Winter,6.71,6709.0,5.21,3500.0,İzmir,Bayındır
SALATALIK SILOR,2021,100.0,350.0,Spring,6.69,6709.0,3.64,3500.0,İzmir,Bayındır
SALATALIK SILOR,2021,100.0,350.0,Summer,7.34,6709.0,3.16,3500.0,İzmir,Bayındır
SALATALIK SILOR,2021,100.0,350.0,Fall,7.99,6709.0,3.06,3500.0,İzmir,Bayındır
SALATALIK SILOR,2021,99.0,1432.0,Winter,6.71,6709.0,5.21,14464.646464646465,İzmir,Bergama
SALATALIK SILOR,2021,99.0,1432.0,Spring,6.69,6709.0,3.64,14464.646464646465,İzmir,Bergama
SALATALIK SILOR,2021,99.0,1432.0,Summer,7.34,6709.0,3.16,14464.646464646465,İzmir,Bergama
SALATALIK SILOR,2021,99.0,1432.0,Fall,7.99,6709.0,3.06,14464.646464646465,İzmir,Bergama
SALATALIK SILOR,2021,4930.0,98600.0,Winter,6.71,6709.0,5.21,20000.0,İzmir,Menderes
SALATALIK SILOR,2021,4930.0,98600.0,Spring,6.69,6709.0,3.64,20000.0,İzmir,Menderes
SALATALIK SILOR,2021,4930.0,98600.0,Summer,7.34,6709.0,3.16,20000.0,İzmir,Menderes
SALATALIK SILOR,2021,4930.0,98600.0,Fall,7.99,6709.0,3.06,20000.0,İzmir,Menderes
SALATALIK SILOR,2021,118.0,236.0,Winter,6.71,6709.0,5.21,2000.0,İzmir,Tire
SALATALIK SILOR,2021,118.0,236.0,Spring,6.69,6709.0,3.64,2000.0,İzmir,Tire
SALATALIK SILOR,2021,118.0,236.0,Summer,7.34,6709.0,3.16,2000.0,İzmir,Tire
SALATALIK SILOR,2021,118.0,236.0,Fall,7.99,6709.0,3.06,2000.0,İzmir,Tire
SALATALIK SILOR,2021,275.0,1225.0,Winter,6.71,6709.0,5.21,4454.545454545455,İzmir,Torbalı
SALATALIK SILOR,2021,275.0,1225.0,Spring,6.69,6709.0,3.64,4454.545454545455,İzmir,Torbalı
SALATALIK SILOR,2021,275.0,1225.0,Summer,7.34,6709.0,3.16,4454.545454545455,İzmir,Torbalı
SALATALIK SILOR,2021,275.0,1225.0,Fall,7.99,6709.0,3.06,4454.545454545455,İzmir,Torbalı
SALATALIK SILOR,2021,100.0,450.0,Winter,6.71,6709.0,5.21,4500.0,İzmir,Ödemiş
SALATALIK SILOR,2021,100.0,450.0,Spring,6.69,6709.0,3.64,4500.0,İzmir,Ödemiş
SALATALIK SILOR,2021,100.0,450.0,Summer,7.34,6709.0,3.16,4500.0,İzmir,Ödemiş
SALATALIK SILOR,2021,100.0,450.0,Fall,7.99,6709.0,3.06,4500.0,İzmir,Ödemiş
SALATALIK SILOR,2022,100.0,350.0,Winter,13.29,15353.33,8.95,3500.0,İzmir,Bayındır
SALATALIK SILOR,2022,100.0,350.0,Spring,21.62,15353.33,10.56,3500.0,İzmir,Bayındır
SALATALIK SILOR,2022,100.0,350.0,Summer,26.18,15353.33,5.39,3500.0,İzmir,Bayındır
SALATALIK SILOR,2022,100.0,350.0,Fall,25.49,15353.33,8.46,3500.0,İzmir,Bayındır
SALATALIK SILOR,2022,75.0,1583.0,Winter,13.29,15353.33,8.95,21106.666666666668,İzmir,Bergama
SALATALIK SILOR,2022,75.0,1583.0,Spring,21.62,15353.33,10.56,21106.666666666668,İzmir,Bergama
SALATALIK SILOR,2022,75.0,1583.0,Summer,26.18,15353.33,5.39,21106.666666666668,İzmir,Bergama
SALATALIK SILOR,2022,75.0,1583.0,Fall,25.49,15353.33,8.46,21106.666666666668,İzmir,Bergama
SALATALIK SILOR,2022,4930.0,98600.0,Winter,13.29,15353.33,8.95,20000.0,İzmir,Menderes
SALATALIK SILOR,2022,4930.0,98600.0,Spring,21.62,15353.33,10.56,20000.0,İzmir,Menderes
SALATALIK SILOR,2022,4930.0,98600.0,Summer,26.18,15353.33,5.39,20000.0,İzmir,Menderes
SALATALIK SILOR,2022,4930.0,98600.0,Fall,25.49,15353.33,8.46,20000.0,İzmir,Menderes
SALATALIK SILOR,2022,207.0,414.0,Winter,13.29,15353.33,8.95,2000.0,İzmir,Tire
SALATALIK SILOR,2022,207.0,414.0,Spring,21.62,15353.33,10.56,2000.0,İzmir,Tire
SALATALIK SILOR,2022,207.0,414.0,Summer,26.18,15353.33,5.39,2000.0,İzmir,Tire
SALATALIK SILOR,2022,207.0,414.0,Fall,25.49,15353.33,8.46,2000.0,İzmir,Tire
SALATALIK SILOR,2022,205.0,948.0,Winter,13.29,15353.33,8.95,4624.390243902439,İzmir,Torbalı
SALATALIK SILOR,2022,205.0,948.0,Spring,21.62,15353.33,10.56,4624.390243902439,İzmir,Torbalı
SALATALIK SILOR,2022,205.0,948.0,Summer,26.18,15353.33,5.39,4624.390243902439,İzmir,Torbalı
SALATALIK SILOR,2022,205.0,948.0,Fall,25.49,15353.33,8.46,4624.390243902439,İzmir,Torbalı
SALATALIK SILOR,2022,100.0,450.0,Winter,13.29,15353.33,8.95,4500.0,İzmir,Ödemiş
SALATALIK SILOR,2022,100.0,450.0,Spring,21.62,15353.33,10.56,4500.0,İzmir,Ödemiş
SALATALIK SILOR,2022,100.0,450.0,Summer,26.18,15353.33,5.39,4500.0,İzmir,Ödemiş
SALATALIK SILOR,2022,100.0,450.0,Fall,25.49,15353.33,8.46,4500.0,İzmir,Ödemiş
SALATALIK SILOR,2023,100.0,350.0,Winter,22.27,10488.0,15.92,3500.0,İzmir,Bayındır
SALATALIK SILOR,2023,100.0,350.0,Spring,20.55,10488.0,16.84,3500.0,İzmir,Bayındır
SALATALIK SILOR,2023,100.0,350.0,Summer,30.3,10488.0,15.44,3500.0,İzmir,Bayındır
SALATALIK SILOR,2023,100.0,350.0,Fall,39.39,10488.0,16.13,3500.0,İzmir,Bayındır
SALATALIK SILOR,2023,34.0,244.0,Winter,22.27,10488.0,15.92,7176.470588235294,İzmir,Bergama
SALATALIK SILOR,2023,34.0,244.0,Spring,20.55,10488.0,16.84,7176.470588235294,İzmir,Bergama
SALATALIK SILOR,2023,34.0,244.0,Summer,30.3,10488.0,15.44,7176.470588235294,İzmir,Bergama
SALATALIK SILOR,2023,34.0,244.0,Fall,39.39,10488.0,16.13,7176.470588235294,İzmir,Bergama
SALATALIK SILOR,2023,4950.0,99000.0,Winter,22.27,10488.0,15.92,20000.0,İzmir,Menderes
SALATALIK SILOR,2023,4950.0,99000.0,Spring,20.55,10488.0,16.84,20000.0,İzmir,Menderes
SALATALIK SILOR,2023,4950.0,99000.0,Summer,30.3,10488.0,15.44,20000.0,İzmir,Menderes
SALATALIK SILOR,2023,4950.0,99000.0,Fall,39.39,10488.0,16.13,20000.0,İzmir,Menderes
SALATALIK SILOR,2023,186.0,372.0,Winter,22.27,10488.0,15.92,2000.0,İzmir,Tire
SALATALIK SILOR,2023,186.0,372.0,Spring,20.55,10488.0,16.84,2000.0,İzmir,Tire
SALATALIK SILOR,2023,186.0,372.0,Summer,30.3,10488.0,15.44,2000.0,İzmir,Tire
SALATALIK SILOR,2023,186.0,372.0,Fall,39.39,10488.0,16.13,2000.0,İzmir,Tire
SALATALIK SILOR,2023,168.0,900.0,Winter,22.27,10488.0,15.92,5357.142857142857,İzmir,Torbalı
SALATALIK SILOR,2023,168.0,900.0,Spring,20.55,10488.0,16.84,5357.142857142857,İzmir,Torbalı
SALATALIK SILOR,2023,168.0,900.0,Summer,30.3,10488.0,15.44,5357.142857142857,İzmir,Torbalı
SALATALIK SILOR,2023,168.0,900.0,Fall,39.39,10488.0,16.13,5357.142857142857,İzmir,Torbalı
SALATALIK SILOR,2023,2000.0,9000.0,Winter,22.27,10488.0,15.92,4500.0,İzmir,Ödemiş
SALATALIK SILOR,2023,2000.0,9000.0,Spring,20.55,10488.0,16.84,4500.0,İzmir,Ödemiş
SALATALIK SILOR,2023,2000.0,9000.0,Summer,30.3,10488.0,15.44,4500.0,İzmir,Ödemiş
SALATALIK SILOR,2023,2000.0,9000.0,Fall,39.39,10488.0,16.13,4500.0,İzmir,Ödemiş
SALATALIK SILOR,2024,100.0,350.0,Winter,40.18,11266.67,27.05,3500.0,İzmir,Bayındır
SALATALIK SILOR,2024,100.0,350.0,Spring,42.39,11266.67,21.28,3500.0,İzmir,Bayındır
SALATALIK SILOR,2024,100.0,350.0,Summer,44.12,11266.67,24.5,3500.0,İzmir,Bayındır
SALATALIK SILOR,2024,100.0,350.0,Fall,43.82,11266.67,29.47,3500.0,İzmir,Bayındır
SALATALIK SILOR,2024,231.0,579.0,Winter,40.18,11266.67,27.05,2506.4935064935066,İzmir,Bergama
SALATALIK SILOR,2024,231.0,579.0,Spring,42.39,11266.67,21.28,2506.4935064935066,İzmir,Bergama
SALATALIK SILOR,2024,231.0,579.0,Summer,44.12,11266.67,24.5,2506.4935064935066,İzmir,Bergama
SALATALIK SILOR,2024,231.0,579.0,Fall,43.82,11266.67,29.47,2506.4935064935066,İzmir,Bergama
SALATALIK SILOR,2024,5400.0,108000.0,Winter,40.18,11266.67,27.05,20000.0,İzmir,Menderes
SALATALIK SILOR,2024,5400.0,108000.0,Spring,42.39,11266.67,21.28,20000.0,İzmir,Menderes
SALATALIK SILOR,2024,5400.0,108000.0,Summer,44.12,11266.67,24.5,20000.0,İzmir,Menderes
SALATALIK SILOR,2024,5400.0,108000.0,Fall,43.82,11266.67,29.47,20000.0,İzmir,Menderes
SALATALIK SILOR,2024,160.0,320.0,Winter,40.18,11266.67,27.05,2000.0,İzmir,Tire
SALATALIK SILOR,2024,160.0,320.0,Spring,42.39,11266.67,21.28,2000.0,İzmir,Tire
SALATALIK SILOR,2024,160.0,320.0,Summer,44.12,11266.67,24.5,2000.0,İzmir,Tire
SALATALIK SILOR,2024,160.0,320.0,Fall,43.82,11266.67,29.47,2000.0,İzmir,Tire
SALATALIK SILOR,2024,193.0,1035.0,Winter,40.18,11266.67,27.05,5362.694300518135,İzmir,Torbalı
SALATALIK SILOR,2024,193.0,1035.0,Spring,42.39,11266.67,21.28,5362.694300518135,İzmir,Torbalı
SALATALIK SILOR,2024,193.0,1035.0,Summer,44.12,11266.67,24.5,5362.694300518135,İzmir,Torbalı
SALATALIK SILOR,2024,193.0,1035.0,Fall,43.82,11266.67,29.47,5362.694300518135,İzmir,Torbalı
SALATALIK SILOR,2024,1500.0,6750.0,Winter,40.18,11266.67,27.05,4500.0,İzmir,Ödemiş
SALATALIK SILOR,2024,1500.0,6750.0,Spring,42.39,11266.67,21.28,4500.0,İzmir,Ödemiş
SALATALIK SILOR,2024,1500.0,6750.0,Summer,44.12,11266.67,24.5,4500.0,İzmir,Ödemiş
SALATALIK SILOR,2024,1500.0,6750.0,Fall,43.82,11266.67,29.47,4500.0,İzmir,Ödemiş
SALATALIK SILOR,2025,124.0,436.0,Winter,46.61,14550.0,37.05,3516.1290322580644,İzmir,Bayındır
SALATALIK SILOR,2025,124.0,436.0,Spring,46.68,14550.0,32.78,3516.1290322580644,İzmir,Bayındır
SALATALIK SILOR,2025,124.0,436.0,Summer,52.69,14550.0,23.85,3516.1290322580644,İzmir,Bayındır
SALATALIK SILOR,2025,124.0,436.0,Fall,56.39,14550.0,26.66,3516.1290322580644,İzmir,Bayındır
SALATALIK SILOR,2025,204.0,349.0,Winter,46.61,14550.0,37.05,1710.7843137254902,İzmir,Bergama
SALATALIK SILOR,2025,204.0,349.0,Spring,46.68,14550.0,32.78,1710.7843137254902,İzmir,Bergama
SALATALIK SILOR,2025,204.0,349.0,Summer,52.69,14550.0,23.85,1710.7843137254902,İzmir,Bergama
SALATALIK SILOR,2025,204.0,349.0,Fall,56.39,14550.0,26.66,1710.7843137254902,İzmir,Bergama
SALATALIK SILOR,2025,4400.0,88439.0,Winter,46.61,14550.0,37.05,20099.772727272728,İzmir,Menderes
SALATALIK SILOR,2025,4400.0,88439.0,Spring,46.68,14550.0,32.78,20099.772727272728,İzmir,Menderes
SALATALIK SILOR,2025,4400.0,88439.0,Summer,52.69,14550.0,23.85,20099.772727272728,İzmir,Menderes
SALATALIK SILOR,2025,4400.0,88439.0,Fall,56.39,14550.0,26.66,20099.772727272728,İzmir,Menderes
SALATALIK SILOR,2025,2100.0,9480.0,Winter,46.61,14550.0,37.05,4514.285714285715,İzmir,Tire
SALATALIK SILOR,2025,2100.0,9480.0,Spring,46.68,14550.0,32.78,4514.285714285715,İzmir,Tire
SALATALIK SILOR,2025,2100.0,9480.0,Summer,52.69,14550.0,23.85,4514.285714285715,İzmir,Tire
SALATALIK SILOR,2025,2100.0,9480.0,Fall,56.39,14550.0,26.66,4514.285714285715,İzmir,Tire
SALATALIK SILOR,2025,180.0,894.0,Winter,46.61,14550.0,37.05,4966.666666666667,İzmir,Torbalı
SALATALIK SILOR,2025,180.0,894.0,Spring,46.68,14550.0,32.78,4966.666666666667,İzmir,Torbalı
SALATALIK SILOR,2025,180.0,894.0,Summer,52.69,14550.0,23.85,4966.666666666667,İzmir,Torbalı
SALATALIK SILOR,2025,180.0,894.0,Fall,56.39,14550.0,26.66,4966.666666666667,İzmir,Torbalı
SALATALIK SILOR,2025,1000.0,4510.0,Winter,46.61,14550.0,37.05,4510.0,İzmir,Ödemiş
SALATALIK SILOR,2025,1000.0,4510.0,Spring,46.68,14550.0,32.78,4510.0,İzmir,Ödemiş
SALATALIK SILOR,2025,1000.0,4510.0,Summer,52.69,14550.0,23.85,4510.0,İzmir,Ödemiş
SALATALIK SILOR,2025,1000.0,4510.0,Fall,56.39,14550.0,26.66,4510.0,İzmir,Ödemiş
ISPANAK,2014,150.0,90.0,Winter,4.54,886.0,0.73,600.0,İzmir,Bayındır
ISPANAK,2014,150.0,90.0,Spring,4.58,886.0,0.77,600.0,İzmir,Bayındır
ISPANAK,2014,150.0,90.0,Summer,4.38,886.0,1.57,600.0,İzmir,Bayındır
ISPANAK,2014,150.0,90.0,Fall,4.24,886.0,1.34,600.0,İzmir,Bayındır
ISPANAK,2014,500.0,350.0,Winter,4.54,886.0,0.73,700.0,İzmir,Bergama
ISPANAK,2014,500.0,350.0,Spring,4.58,886.0,0.77,700.0,İzmir,Bergama
ISPANAK,2014,500.0,350.0,Summer,4.38,886.0,1.57,700.0,İzmir,Bergama
ISPANAK,2014,500.0,350.0,Fall,4.24,886.0,1.34,700.0,İzmir,Bergama
ISPANAK,2014,140.0,126.0,Winter,4.54,886.0,0.73,900.0,İzmir,Menderes
ISPANAK,2014,140.0,126.0,Spring,4.58,886.0,0.77,900.0,İzmir,Menderes
ISPANAK,2014,140.0,126.0,Summer,4.38,886.0,1.57,900.0,İzmir,Menderes
ISPANAK,2014,140.0,126.0,Fall,4.24,886.0,1.34,900.0,İzmir,Menderes
ISPANAK,2014,500.0,500.0,Winter,4.54,886.0,0.73,1000.0,İzmir,Tire
ISPANAK,2014,500.0,500.0,Spring,4.58,886.0,0.77,1000.0,İzmir,Tire
ISPANAK,2014,500.0,500.0,Summer,4.38,886.0,1.57,1000.0,İzmir,Tire
ISPANAK,2014,500.0,500.0,Fall,4.24,886.0,1.34,1000.0,İzmir,Tire
ISPANAK,2014,1110.0,1332.0,Winter,4.54,886.0,0.73,1200.0,İzmir,Torbalı
ISPANAK,2014,1110.0,1332.0,Spring,4.58,886.0,0.77,1200.0,İzmir,Torbalı
ISPANAK,2014,1110.0,1332.0,Summer,4.38,886.0,1.57,1200.0,İzmir,Torbalı
ISPANAK,2014,1110.0,1332.0,Fall,4.24,886.0,1.34,1200.0,İzmir,Torbalı
ISPANAK,2014,200.0,200.0,Winter,4.54,886.0,0.73,1000.0,İzmir,Ödemiş
ISPANAK,2014,200.0,200.0,Spring,4.58,886.0,0.77,1000.0,İzmir,Ödemiş
ISPANAK,2014,200.0,200.0,Summer,4.38,886.0,1.57,1000.0,İzmir,Ödemiş
ISPANAK,2014,200.0,200.0,Fall,4.24,886.0,1.34,1000.0,İzmir,Ödemiş
ISPANAK,2015,100.0,60.0,Winter,3.75,903.33,1.29,600.0,İzmir,Bayındır
ISPANAK,2015,100.0,60.0,Spring,3.93,903.33,1.19,600.0,İzmir,Bayındır
ISPANAK,2015,100.0,60.0,Summer,3.9,903.33,2.31,600.0,İzmir,Bayındır
ISPANAK,2015,100.0,60.0,Fall,3.84,903.33,1.8,600.0,İzmir,Bayındır
ISPANAK,2015,500.0,350.0,Winter,3.75,903.33,1.29,700.0,İzmir,Bergama
ISPANAK,2015,500.0,350.0,Spring,3.93,903.33,1.19,700.0,İzmir,Bergama
ISPANAK,2015,500.0,350.0,Summer,3.9,903.33,2.31,700.0,İzmir,Bergama
ISPANAK,2015,500.0,350.0,Fall,3.84,903.33,1.8,700.0,İzmir,Bergama
ISPANAK,2015,140.0,126.0,Winter,3.75,903.33,1.29,900.0,İzmir,Menderes
ISPANAK,2015,140.0,126.0,Spring,3.93,903.33,1.19,900.0,İzmir,Menderes
ISPANAK,2015,140.0,126.0,Summer,3.9,903.33,2.31,900.0,İzmir,Menderes
ISPANAK,2015,140.0,126.0,Fall,3.84,903.33,1.8,900.0,İzmir,Menderes
ISPANAK,2015,525.0,525.0,Winter,3.75,903.33,1.29,1000.0,İzmir,Tire
ISPANAK,2015,525.0,525.0,Spring,3.93,903.33,1.19,1000.0,İzmir,Tire
ISPANAK,2015,525.0,525.0,Summer,3.9,903.33,2.31,1000.0,İzmir,Tire
ISPANAK,2015,525.0,525.0,Fall,3.84,903.33,1.8,1000.0,İzmir,Tire
ISPANAK,2015,955.0,1146.0,Winter,3.75,903.33,1.29,1200.0,İzmir,Torbalı
ISPANAK,2015,955.0,1146.0,Spring,3.93,903.33,1.19,1200.0,İzmir,Torbalı
ISPANAK,2015,955.0,1146.0,Summer,3.9,903.33,2.31,1200.0,İzmir,Torbalı
ISPANAK,2015,955.0,1146.0,Fall,3.84,903.33,1.8,1200.0,İzmir,Torbalı
ISPANAK,2015,200.0,200.0,Winter,3.75,903.33,1.29,1000.0,İzmir,Ödemiş
ISPANAK,2015,200.0,200.0,Spring,3.93,903.33,1.19,1000.0,İzmir,Ödemiş
ISPANAK,2015,200.0,200.0,Summer,3.9,903.33,2.31,1000.0,İzmir,Ödemiş
ISPANAK,2015,200.0,200.0,Fall,3.84,903.33,1.8,1000.0,İzmir,Ödemiş
ISPANAK,2016,100.0,60.0,Winter,3.48,822.67,1.11,600.0,İzmir,Bayındır
ISPANAK,2016,100.0,60.0,Spring,3.63,822.67,0.97,600.0,İzmir,Bayındır
ISPANAK,2016,100.0,60.0,Summer,3.79,822.67,2.34,600.0,İzmir,Bayındır
ISPANAK,2016,100.0,60.0,Fall,4.13,822.67,1.51,600.0,İzmir,Bayındır
ISPANAK,2016,500.0,350.0,Winter,3.48,822.67,1.11,700.0,İzmir,Bergama
ISPANAK,2016,500.0,350.0,Spring,3.63,822.67,0.97,700.0,İzmir,Bergama
ISPANAK,2016,500.0,350.0,Summer,3.79,822.67,2.34,700.0,İzmir,Bergama
ISPANAK,2016,500.0,350.0,Fall,4.13,822.67,1.51,700.0,İzmir,Bergama
ISPANAK,2016,130.0,117.0,Winter,3.48,822.67,1.11,900.0,İzmir,Menderes
ISPANAK,2016,130.0,117.0,Spring,3.63,822.67,0.97,900.0,İzmir,Menderes
ISPANAK,2016,130.0,117.0,Summer,3.79,822.67,2.34,900.0,İzmir,Menderes
ISPANAK,2016,130.0,117.0,Fall,4.13,822.67,1.51,900.0,İzmir,Menderes
ISPANAK,2016,550.0,578.0,Winter,3.48,822.67,1.11,1050.909090909091,İzmir,Tire
ISPANAK,2016,550.0,578.0,Spring,3.63,822.67,0.97,1050.909090909091,İzmir,Tire
ISPANAK,2016,550.0,578.0,Summer,3.79,822.67,2.34,1050.909090909091,İzmir,Tire
ISPANAK,2016,550.0,578.0,Fall,4.13,822.67,1.51,1050.909090909091,İzmir,Tire
ISPANAK,2016,900.0,1125.0,Winter,3.48,822.67,1.11,1250.0,İzmir,Torbalı
ISPANAK,2016,900.0,1125.0,Spring,3.63,822.67,0.97,1250.0,İzmir,Torbalı
ISPANAK,2016,900.0,1125.0,Summer,3.79,822.67,2.34,1250.0,İzmir,Torbalı
ISPANAK,2016,900.0,1125.0,Fall,4.13,822.67,1.51,1250.0,İzmir,Torbalı
ISPANAK,2016,250.0,250.0,Winter,3.48,822.67,1.11,1000.0,İzmir,Ödemiş
ISPANAK,2016,250.0,250.0,Spring,3.63,822.67,0.97,1000.0,İzmir,Ödemiş
ISPANAK,2016,250.0,250.0,Summer,3.79,822.67,2.34,1000.0,İzmir,Ödemiş
ISPANAK,2016,250.0,250.0,Fall,4.13,822.67,1.51,1000.0,İzmir,Ödemiş
ISPANAK,2017,100.0,60.0,Winter,4.59,906.33,1.25,600.0,İzmir,Bayındır
ISPANAK,2017,100.0,60.0,Spring,4.55,906.33,1.08,600.0,İzmir,Bayındır
ISPANAK,2017,100.0,60.0,Summer,4.48,906.33,2.0,600.0,İzmir,Bayındır
ISPANAK,2017,100.0,60.0,Fall,4.83,906.33,1.74,600.0,İzmir,Bayındır
ISPANAK,2017,500.0,350.0,Winter,4.59,906.33,1.25,700.0,İzmir,Bergama
ISPANAK,2017,500.0,350.0,Spring,4.55,906.33,1.08,700.0,İzmir,Bergama
ISPANAK,2017,500.0,350.0,Summer,4.48,906.33,2.0,700.0,İzmir,Bergama
ISPANAK,2017,500.0,350.0,Fall,4.83,906.33,1.74,700.0,İzmir,Bergama
ISPANAK,2017,120.0,107.0,Winter,4.59,906.33,1.25,891.6666666666666,İzmir,Menderes
ISPANAK,2017,120.0,107.0,Spring,4.55,906.33,1.08,891.6666666666666,İzmir,Menderes
ISPANAK,2017,120.0,107.0,Summer,4.48,906.33,2.0,891.6666666666666,İzmir,Menderes
ISPANAK,2017,120.0,107.0,Fall,4.83,906.33,1.74,891.6666666666666,İzmir,Menderes
ISPANAK,2017,500.0,500.0,Winter,4.59,906.33,1.25,1000.0,İzmir,Tire
ISPANAK,2017,500.0,500.0,Spring,4.55,906.33,1.08,1000.0,İzmir,Tire
ISPANAK,2017,500.0,500.0,Summer,4.48,906.33,2.0,1000.0,İzmir,Tire
ISPANAK,2017,500.0,500.0,Fall,4.83,906.33,1.74,1000.0,İzmir,Tire
ISPANAK,2017,6135.0,7669.0,Winter,4.59,906.33,1.25,1250.040749796251,İzmir,Torbalı
ISPANAK,2017,6135.0,7669.0,Spring,4.55,906.33,1.08,1250.040749796251,İzmir,Torbalı
ISPANAK,2017,6135.0,7669.0,Summer,4.48,906.33,2.0,1250.040749796251,İzmir,Torbalı
ISPANAK,2017,6135.0,7669.0,Fall,4.83,906.33,1.74,1250.040749796251,İzmir,Torbalı
ISPANAK,2017,250.0,250.0,Winter,4.59,906.33,1.25,1000.0,İzmir,Ödemiş
ISPANAK,2017,250.0,250.0,Spring,4.55,906.33,1.08,1000.0,İzmir,Ödemiş
ISPANAK,2017,250.0,250.0,Summer,4.48,906.33,2.0,1000.0,İzmir,Ödemiş
ISPANAK,2017,250.0,250.0,Fall,4.83,906.33,1.74,1000.0,İzmir,Ödemiş
ISPANAK,2018,100.0,60.0,Winter,5.11,1217.33,0.95,600.0,İzmir,Bayındır
ISPANAK,2018,100.0,60.0,Spring,5.46,1217.33,1.51,600.0,İzmir,Bayındır
ISPANAK,2018,100.0,60.0,Summer,5.81,1217.33,3.07,600.0,İzmir,Bayındır
ISPANAK,2018,100.0,60.0,Fall,6.34,1217.33,1.94,600.0,İzmir,Bayındır
ISPANAK,2018,500.0,350.0,Winter,5.11,1217.33,0.95,700.0,İzmir,Bergama
ISPANAK,2018,500.0,350.0,Spring,5.46,1217.33,1.51,700.0,İzmir,Bergama
ISPANAK,2018,500.0,350.0,Summer,5.81,1217.33,3.07,700.0,İzmir,Bergama
ISPANAK,2018,500.0,350.0,Fall,6.34,1217.33,1.94,700.0,İzmir,Bergama
ISPANAK,2018,120.0,107.0,Winter,5.11,1217.33,0.95,891.6666666666666,İzmir,Menderes
ISPANAK,2018,120.0,107.0,Spring,5.46,1217.33,1.51,891.6666666666666,İzmir,Menderes
ISPANAK,2018,120.0,107.0,Summer,5.81,1217.33,3.07,891.6666666666666,İzmir,Menderes
ISPANAK,2018,120.0,107.0,Fall,6.34,1217.33,1.94,891.6666666666666,İzmir,Menderes
ISPANAK,2018,500.0,500.0,Winter,5.11,1217.33,0.95,1000.0,İzmir,Tire
ISPANAK,2018,500.0,500.0,Spring,5.46,1217.33,1.51,1000.0,İzmir,Tire
ISPANAK,2018,500.0,500.0,Summer,5.81,1217.33,3.07,1000.0,İzmir,Tire
ISPANAK,2018,500.0,500.0,Fall,6.34,1217.33,1.94,1000.0,İzmir,Tire
ISPANAK,2018,6200.0,7750.0,Winter,5.11,1217.33,0.95,1250.0,İzmir,Torbalı
ISPANAK,2018,6200.0,7750.0,Spring,5.46,1217.33,1.51,1250.0,İzmir,Torbalı
ISPANAK,2018,6200.0,7750.0,Summer,5.81,1217.33,3.07,1250.0,İzmir,Torbalı
ISPANAK,2018,6200.0,7750.0,Fall,6.34,1217.33,1.94,1250.0,İzmir,Torbalı
ISPANAK,2018,200.0,200.0,Winter,5.11,1217.33,0.95,1000.0,İzmir,Ödemiş
ISPANAK,2018,200.0,200.0,Spring,5.46,1217.33,1.51,1000.0,İzmir,Ödemiş
ISPANAK,2018,200.0,200.0,Summer,5.81,1217.33,3.07,1000.0,İzmir,Ödemiş
ISPANAK,2018,200.0,200.0,Fall,6.34,1217.33,1.94,1000.0,İzmir,Ödemiş
ISPANAK,2019,150.0,90.0,Winter,6.0,1486.33,2.66,600.0,İzmir,Bayındır
ISPANAK,2019,150.0,90.0,Spring,6.44,1486.33,1.87,600.0,İzmir,Bayındır
ISPANAK,2019,150.0,90.0,Summer,6.38,1486.33,2.99,600.0,İzmir,Bayındır
ISPANAK,2019,150.0,90.0,Fall,6.53,1486.33,2.09,600.0,İzmir,Bayındır
ISPANAK,2019,500.0,350.0,Winter,6.0,1486.33,2.66,700.0,İzmir,Bergama
ISPANAK,2019,500.0,350.0,Spring,6.44,1486.33,1.87,700.0,İzmir,Bergama
ISPANAK,2019,500.0,350.0,Summer,6.38,1486.33,2.99,700.0,İzmir,Bergama
ISPANAK,2019,500.0,350.0,Fall,6.53,1486.33,2.09,700.0,İzmir,Bergama
ISPANAK,2019,120.0,107.0,Winter,6.0,1486.33,2.66,891.6666666666666,İzmir,Menderes
ISPANAK,2019,120.0,107.0,Spring,6.44,1486.33,1.87,891.6666666666666,İzmir,Menderes
ISPANAK,2019,120.0,107.0,Summer,6.38,1486.33,2.99,891.6666666666666,İzmir,Menderes
ISPANAK,2019,120.0,107.0,Fall,6.53,1486.33,2.09,891.6666666666666,İzmir,Menderes
ISPANAK,2019,500.0,500.0,Winter,6.0,1486.33,2.66,1000.0,İzmir,Tire
ISPANAK,2019,500.0,500.0,Spring,6.44,1486.33,1.87,1000.0,İzmir,Tire
ISPANAK,2019,500.0,500.0,Summer,6.38,1486.33,2.99,1000.0,İzmir,Tire
ISPANAK,2019,500.0,500.0,Fall,6.53,1486.33,2.09,1000.0,İzmir,Tire
ISPANAK,2019,725.0,928.0,Winter,6.0,1486.33,2.66,1280.0,İzmir,Torbalı
ISPANAK,2019,725.0,928.0,Spring,6.44,1486.33,1.87,1280.0,İzmir,Torbalı
ISPANAK,2019,725.0,928.0,Summer,6.38,1486.33,2.99,1280.0,İzmir,Torbalı
ISPANAK,2019,725.0,928.0,Fall,6.53,1486.33,2.09,1280.0,İzmir,Torbalı
ISPANAK,2019,200.0,200.0,Winter,6.0,1486.33,2.66,1000.0,İzmir,Ödemiş
ISPANAK,2019,200.0,200.0,Spring,6.44,1486.33,1.87,1000.0,İzmir,Ödemiş
ISPANAK,2019,200.0,200.0,Summer,6.38,1486.33,2.99,1000.0,İzmir,Ödemiş
ISPANAK,2019,200.0,200.0,Fall,6.53,1486.33,2.09,1000.0,İzmir,Ödemiş
ISPANAK,2020,200.0,350.0,Winter,6.57,2226.67,1.21,1750.0,İzmir,Bayındır
ISPANAK,2020,200.0,350.0,Spring,5.51,2226.67,1.85,1750.0,İzmir,Bayındır
ISPANAK,2020,200.0,350.0,Summer,5.98,2226.67,2.89,1750.0,İzmir,Bayındır
ISPANAK,2020,200.0,350.0,Fall,6.2,2226.67,2.77,1750.0,İzmir,Bayındır
ISPANAK,2020,500.0,350.0,Winter,6.57,2226.67,1.21,700.0,İzmir,Bergama
ISPANAK,2020,500.0,350.0,Spring,5.51,2226.67,1.85,700.0,İzmir,Bergama
ISPANAK,2020,500.0,350.0,Summer,5.98,2226.67,2.89,700.0,İzmir,Bergama
ISPANAK,2020,500.0,350.0,Fall,6.2,2226.67,2.77,700.0,İzmir,Bergama
ISPANAK,2020,120.0,107.0,Winter,6.57,2226.67,1.21,891.6666666666666,İzmir,Menderes
ISPANAK,2020,120.0,107.0,Spring,5.51,2226.67,1.85,891.6666666666666,İzmir,Menderes
ISPANAK,2020,120.0,107.0,Summer,5.98,2226.67,2.89,891.6666666666666,İzmir,Menderes
ISPANAK,2020,120.0,107.0,Fall,6.2,2226.67,2.77,891.6666666666666,İzmir,Menderes
ISPANAK,2020,365.0,365.0,Winter,6.57,2226.67,1.21,1000.0,İzmir,Tire
ISPANAK,2020,365.0,365.0,Spring,5.51,2226.67,1.85,1000.0,İzmir,Tire
ISPANAK,2020,365.0,365.0,Summer,5.98,2226.67,2.89,1000.0,İzmir,Tire
ISPANAK,2020,365.0,365.0,Fall,6.2,2226.67,2.77,1000.0,İzmir,Tire
ISPANAK,2020,575.0,776.0,Winter,6.57,2226.67,1.21,1349.5652173913043,İzmir,Torbalı
ISPANAK,2020,575.0,776.0,Spring,5.51,2226.67,1.85,1349.5652173913043,İzmir,Torbalı
ISPANAK,2020,575.0,776.0,Summer,5.98,2226.67,2.89,1349.5652173913043,İzmir,Torbalı
ISPANAK,2020,575.0,776.0,Fall,6.2,2226.67,2.77,1349.5652173913043,İzmir,Torbalı
ISPANAK,2020,100.0,100.0,Winter,6.57,2226.67,1.21,1000.0,İzmir,Ödemiş
ISPANAK,2020,100.0,100.0,Spring,5.51,2226.67,1.85,1000.0,İzmir,Ödemiş
ISPANAK,2020,100.0,100.0,Summer,5.98,2226.67,2.89,1000.0,İzmir,Ödemiş
ISPANAK,2020,100.0,100.0,Fall,6.2,2226.67,2.77,1000.0,İzmir,Ödemiş
ISPANAK,2021,200.0,350.0,Winter,6.71,6709.0,2.22,1750.0,İzmir,Bayındır
ISPANAK,2021,200.0,350.0,Spring,6.69,6709.0,1.98,1750.0,İzmir,Bayındır
ISPANAK,2021,200.0,350.0,Summer,7.34,6709.0,3.5,1750.0,İzmir,Bayındır
ISPANAK,2021,200.0,350.0,Fall,7.99,6709.0,3.71,1750.0,İzmir,Bayındır
ISPANAK,2021,508.0,356.0,Winter,6.71,6709.0,2.22,700.7874015748032,İzmir,Bergama
ISPANAK,2021,508.0,356.0,Spring,6.69,6709.0,1.98,700.7874015748032,İzmir,Bergama
ISPANAK,2021,508.0,356.0,Summer,7.34,6709.0,3.5,700.7874015748032,İzmir,Bergama
ISPANAK,2021,508.0,356.0,Fall,7.99,6709.0,3.71,700.7874015748032,İzmir,Bergama
ISPANAK,2021,155.0,138.0,Winter,6.71,6709.0,2.22,890.3225806451613,İzmir,Menderes
ISPANAK,2021,155.0,138.0,Spring,6.69,6709.0,1.98,890.3225806451613,İzmir,Menderes
ISPANAK,2021,155.0,138.0,Summer,7.34,6709.0,3.5,890.3225806451613,İzmir,Menderes
ISPANAK,2021,155.0,138.0,Fall,7.99,6709.0,3.71,890.3225806451613,İzmir,Menderes
ISPANAK,2021,126.0,126.0,Winter,6.71,6709.0,2.22,1000.0,İzmir,Tire
ISPANAK,2021,126.0,126.0,Spring,6.69,6709.0,1.98,1000.0,İzmir,Tire
ISPANAK,2021,126.0,126.0,Summer,7.34,6709.0,3.5,1000.0,İzmir,Tire
ISPANAK,2021,126.0,126.0,Fall,7.99,6709.0,3.71,1000.0,İzmir,Tire
ISPANAK,2021,700.0,910.0,Winter,6.71,6709.0,2.22,1300.0,İzmir,Torbalı
ISPANAK,2021,700.0,910.0,Spring,6.69,6709.0,1.98,1300.0,İzmir,Torbalı
ISPANAK,2021,700.0,910.0,Summer,7.34,6709.0,3.5,1300.0,İzmir,Torbalı
ISPANAK,2021,700.0,910.0,Fall,7.99,6709.0,3.71,1300.0,İzmir,Torbalı
ISPANAK,2021,25.0,25.0,Winter,6.71,6709.0,2.22,1000.0,İzmir,Ödemiş
ISPANAK,2021,25.0,25.0,Spring,6.69,6709.0,1.98,1000.0,İzmir,Ödemiş
ISPANAK,2021,25.0,25.0,Summer,7.34,6709.0,3.5,1000.0,İzmir,Ödemiş
ISPANAK,2021,25.0,25.0,Fall,7.99,6709.0,3.71,1000.0,İzmir,Ödemiş
ISPANAK,2022,300.0,300.0,Winter,13.29,15353.33,4.81,1000.0,İzmir,Bayındır
ISPANAK,2022,300.0,300.0,Spring,21.62,15353.33,5.55,1000.0,İzmir,Bayındır
ISPANAK,2022,300.0,300.0,Summer,26.18,15353.33,7.38,1000.0,İzmir,Bayındır
ISPANAK,2022,300.0,300.0,Fall,25.49,15353.33,8.64,1000.0,İzmir,Bayındır
ISPANAK,2022,205.0,144.0,Winter,13.29,15353.33,4.81,702.439024390244,İzmir,Bergama
ISPANAK,2022,205.0,144.0,Spring,21.62,15353.33,5.55,702.439024390244,İzmir,Bergama
ISPANAK,2022,205.0,144.0,Summer,26.18,15353.33,7.38,702.439024390244,İzmir,Bergama
ISPANAK,2022,205.0,144.0,Fall,25.49,15353.33,8.64,702.439024390244,İzmir,Bergama
ISPANAK,2022,155.0,138.0,Winter,13.29,15353.33,4.81,890.3225806451613,İzmir,Menderes
ISPANAK,2022,155.0,138.0,Spring,21.62,15353.33,5.55,890.3225806451613,İzmir,Menderes
ISPANAK,2022,155.0,138.0,Summer,26.18,15353.33,7.38,890.3225806451613,İzmir,Menderes
ISPANAK,2022,155.0,138.0,Fall,25.49,15353.33,8.64,890.3225806451613,İzmir,Menderes
ISPANAK,2022,173.0,173.0,Winter,13.29,15353.33,4.81,1000.0,İzmir,Tire
ISPANAK,2022,173.0,173.0,Spring,21.62,15353.33,5.55,1000.0,İzmir,Tire
ISPANAK,2022,173.0,173.0,Summer,26.18,15353.33,7.38,1000.0,İzmir,Tire
ISPANAK,2022,173.0,173.0,Fall,25.49,15353.33,8.64,1000.0,İzmir,Tire
ISPANAK,2022,950.0,1235.0,Winter,13.29,15353.33,4.81,1300.0,İzmir,Torbalı
ISPANAK,2022,950.0,1235.0,Spring,21.62,15353.33,5.55,1300.0,İzmir,Torbalı
ISPANAK,2022,950.0,1235.0,Summer,26.18,15353.33,7.38,1300.0,İzmir,Torbalı
ISPANAK,2022,950.0,1235.0,Fall,25.49,15353.33,8.64,1300.0,İzmir,Torbalı
ISPANAK,2022,25.0,25.0,Winter,13.29,15353.33,4.81,1000.0,İzmir,Ödemiş
ISPANAK,2022,25.0,25.0,Spring,21.62,15353.33,5.55,1000.0,İzmir,Ödemiş
ISPANAK,2022,25.0,25.0,Summer,26.18,15353.33,7.38,1000.0,İzmir,Ödemiş
ISPANAK,2022,25.0,25.0,Fall,25.49,15353.33,8.64,1000.0,İzmir,Ödemiş
ISPANAK,2023,180.0,180.0,Winter,22.27,10488.0,7.44,1000.0,İzmir,Bayındır
ISPANAK,2023,180.0,180.0,Spring,20.55,10488.0,8.77,1000.0,İzmir,Bayındır
ISPANAK,2023,180.0,180.0,Summer,30.3,10488.0,16.26,1000.0,İzmir,Bayındır
ISPANAK,2023,180.0,180.0,Fall,39.39,10488.0,14.79,1000.0,İzmir,Bayındır
ISPANAK,2023,75.0,53.0,Winter,22.27,10488.0,7.44,706.6666666666666,İzmir,Bergama
ISPANAK,2023,75.0,53.0,Spring,20.55,10488.0,8.77,706.6666666666666,İzmir,Bergama
ISPANAK,2023,75.0,53.0,Summer,30.3,10488.0,16.26,706.6666666666666,İzmir,Bergama
ISPANAK,2023,75.0,53.0,Fall,39.39,10488.0,14.79,706.6666666666666,İzmir,Bergama
ISPANAK,2023,100.0,89.0,Winter,22.27,10488.0,7.44,890.0,İzmir,Menderes
ISPANAK,2023,100.0,89.0,Spring,20.55,10488.0,8.77,890.0,İzmir,Menderes
ISPANAK,2023,100.0,89.0,Summer,30.3,10488.0,16.26,890.0,İzmir,Menderes
ISPANAK,2023,100.0,89.0,Fall,39.39,10488.0,14.79,890.0,İzmir,Menderes
ISPANAK,2023,270.0,270.0,Winter,22.27,10488.0,7.44,1000.0,İzmir,Tire
ISPANAK,2023,270.0,270.0,Spring,20.55,10488.0,8.77,1000.0,İzmir,Tire
ISPANAK,2023,270.0,270.0,Summer,30.3,10488.0,16.26,1000.0,İzmir,Tire
ISPANAK,2023,270.0,270.0,Fall,39.39,10488.0,14.79,1000.0,İzmir,Tire
ISPANAK,2023,985.0,1182.0,Winter,22.27,10488.0,7.44,1200.0,İzmir,Torbalı
ISPANAK,2023,985.0,1182.0,Spring,20.55,10488.0,8.77,1200.0,İzmir,Torbalı
ISPANAK,2023,985.0,1182.0,Summer,30.3,10488.0,16.26,1200.0,İzmir,Torbalı
ISPANAK,2023,985.0,1182.0,Fall,39.39,10488.0,14.79,1200.0,İzmir,Torbalı
ISPANAK,2023,300.0,300.0,Winter,22.27,10488.0,7.44,1000.0,İzmir,Ödemiş
ISPANAK,2023,300.0,300.0,Spring,20.55,10488.0,8.77,1000.0,İzmir,Ödemiş
ISPANAK,2023,300.0,300.0,Summer,30.3,10488.0,16.26,1000.0,İzmir,Ödemiş
ISPANAK,2023,300.0,300.0,Fall,39.39,10488.0,14.79,1000.0,İzmir,Ödemiş
ISPANAK,2024,180.0,180.0,Winter,40.18,11266.67,19.27,1000.0,İzmir,Bayındır
ISPANAK,2024,180.0,180.0,Spring,42.39,11266.67,16.56,1000.0,İzmir,Bayındır
ISPANAK,2024,180.0,180.0,Summer,44.12,11266.67,21.81,1000.0,İzmir,Bayındır
ISPANAK,2024,180.0,180.0,Fall,43.82,11266.67,24.9,1000.0,İzmir,Bayındır
ISPANAK,2024,368.0,258.0,Winter,40.18,11266.67,19.27,701.0869565217391,İzmir,Bergama
ISPANAK,2024,368.0,258.0,Spring,42.39,11266.67,16.56,701.0869565217391,İzmir,Bergama
ISPANAK,2024,368.0,258.0,Summer,44.12,11266.67,21.81,701.0869565217391,İzmir,Bergama
ISPANAK,2024,368.0,258.0,Fall,43.82,11266.67,24.9,701.0869565217391,İzmir,Bergama
ISPANAK,2024,100.0,89.0,Winter,40.18,11266.67,19.27,890.0,İzmir,Menderes
ISPANAK,2024,100.0,89.0,Spring,42.39,11266.67,16.56,890.0,İzmir,Menderes
ISPANAK,2024,100.0,89.0,Summer,44.12,11266.67,21.81,890.0,İzmir,Menderes
ISPANAK,2024,100.0,89.0,Fall,43.82,11266.67,24.9,890.0,İzmir,Menderes
ISPANAK,2024,280.0,280.0,Winter,40.18,11266.67,19.27,1000.0,İzmir,Tire
ISPANAK,2024,280.0,280.0,Spring,42.39,11266.67,16.56,1000.0,İzmir,Tire
ISPANAK,2024,280.0,280.0,Summer,44.12,11266.67,21.81,1000.0,İzmir,Tire
ISPANAK,2024,280.0,280.0,Fall,43.82,11266.67,24.9,1000.0,İzmir,Tire
ISPANAK,2024,980.0,1225.0,Winter,40.18,11266.67,19.27,1250.0,İzmir,Torbalı
ISPANAK,2024,980.0,1225.0,Spring,42.39,11266.67,16.56,1250.0,İzmir,Torbalı
ISPANAK,2024,980.0,1225.0,Summer,44.12,11266.67,21.81,1250.0,İzmir,Torbalı
ISPANAK,2024,980.0,1225.0,Fall,43.82,11266.67,24.9,1250.0,İzmir,Torbalı
ISPANAK,2025,124.0,124.0,Winter,46.61,14550.0,26.58,1000.0,İzmir,Bayındır
ISPANAK,2025,124.0,124.0,Spring,46.68,14550.0,25.76,1000.0,İzmir,Bayındır
ISPANAK,2025,124.0,124.0,Summer,52.69,14550.0,27.24,1000.0,İzmir,Bayındır
ISPANAK,2025,124.0,124.0,Fall,56.39,14550.0,27.73,1000.0,İzmir,Bayındır
ISPANAK,2025,717.0,503.0,Winter,46.61,14550.0,26.58,701.534170153417,İzmir,Bergama
ISPANAK,2025,717.0,503.0,Spring,46.68,14550.0,25.76,701.534170153417,İzmir,Bergama
ISPANAK,2025,717.0,503.0,Summer,52.69,14550.0,27.24,701.534170153417,İzmir,Bergama
ISPANAK,2025,717.0,503.0,Fall,56.39,14550.0,27.73,701.534170153417,İzmir,Bergama
ISPANAK,2025,250.0,223.0,Winter,46.61,14550.0,26.58,892.0,İzmir,Menderes
ISPANAK,2025,250.0,223.0,Spring,46.68,14550.0,25.76,892.0,İzmir,Menderes
ISPANAK,2025,250.0,223.0,Summer,52.69,14550.0,27.24,892.0,İzmir,Menderes
ISPANAK,2025,250.0,223.0,Fall,56.39,14550.0,27.73,892.0,İzmir,Menderes
ISPANAK,2025,150.0,150.0,Winter,46.61,14550.0,26.58,1000.0,İzmir,Tire
ISPANAK,2025,150.0,150.0,Spring,46.68,14550.0,25.76,1000.0,İzmir,Tire
ISPANAK,2025,150.0,150.0,Summer,52.69,14550.0,27.24,1000.0,İzmir,Tire
ISPANAK,2025,150.0,150.0,Fall,56.39,14550.0,27.73,1000.0,İzmir,Tire
ISPANAK,2025,750.0,938.0,Winter,46.61,14550.0,26.58,1250.6666666666667,İzmir,Torbalı
ISPANAK,2025,750.0,938.0,Spring,46.68,14550.0,25.76,1250.6666666666667,İzmir,Torbalı
ISPANAK,2025,750.0,938.0,Summer,52.69,14550.0,27.24,1250.6666666666667,İzmir,Torbalı
ISPANAK,2025,750.0,938.0,Fall,56.39,14550.0,27.73,1250.6666666666667,İzmir,Torbalı
KABAK TAZE,2014,1000.0,3500.0,Winter,4.54,886.0,1.63,3500.0,İzmir,Bayındır
KABAK TAZE,2014,1000.0,3500.0,Spring,4.58,886.0,1.08,3500.0,İzmir,Bayındır
KABAK TAZE,2014,1000.0,3500.0,Summer,4.38,886.0,0.85,3500.0,İzmir,Bayındır
KABAK TAZE,2014,1000.0,3500.0,Fall,4.24,886.0,1.06,3500.0,İzmir,Bayındır
KABAK TAZE,2014,400.0,680.0,Winter,4.54,886.0,1.63,1700.0,İzmir,Bergama
KABAK TAZE,2014,400.0,680.0,Spring,4.58,886.0,1.08,1700.0,İzmir,Bergama
KABAK TAZE,2014,400.0,680.0,Summer,4.38,886.0,0.85,1700.0,İzmir,Bergama
KABAK TAZE,2014,400.0,680.0,Fall,4.24,886.0,1.06,1700.0,İzmir,Bergama
KABAK TAZE,2014,350.0,700.0,Winter,4.54,886.0,1.63,2000.0,İzmir,Menderes
KABAK TAZE,2014,350.0,700.0,Spring,4.58,886.0,1.08,2000.0,İzmir,Menderes
KABAK TAZE,2014,350.0,700.0,Summer,4.38,886.0,0.85,2000.0,İzmir,Menderes
KABAK TAZE,2014,350.0,700.0,Fall,4.24,886.0,1.06,2000.0,İzmir,Menderes
KABAK TAZE,2014,450.0,1125.0,Winter,4.54,886.0,1.63,2500.0,İzmir,Tire
KABAK TAZE,2014,450.0,1125.0,Spring,4.58,886.0,1.08,2500.0,İzmir,Tire
KABAK TAZE,2014,450.0,1125.0,Summer,4.38,886.0,0.85,2500.0,İzmir,Tire
KABAK TAZE,2014,450.0,1125.0,Fall,4.24,886.0,1.06,2500.0,İzmir,Tire
KABAK TAZE,2014,450.0,1575.0,Winter,4.54,886.0,1.63,3500.0,İzmir,Torbalı
KABAK TAZE,2014,450.0,1575.0,Spring,4.58,886.0,1.08,3500.0,İzmir,Torbalı
KABAK TAZE,2014,450.0,1575.0,Summer,4.38,886.0,0.85,3500.0,İzmir,Torbalı
KABAK TAZE,2014,450.0,1575.0,Fall,4.24,886.0,1.06,3500.0,İzmir,Torbalı
KABAK TAZE,2014,210.0,660.0,Winter,4.54,886.0,1.63,3142.8571428571427,İzmir,Ödemiş
KABAK TAZE,2014,210.0,660.0,Spring,4.58,886.0,1.08,3142.8571428571427,İzmir,Ödemiş
KABAK TAZE,2014,210.0,660.0,Summer,4.38,886.0,0.85,3142.8571428571427,İzmir,Ödemiş
KABAK TAZE,2014,210.0,660.0,Fall,4.24,886.0,1.06,3142.8571428571427,İzmir,Ödemiş
KABAK TAZE,2015,800.0,2800.0,Winter,3.75,903.33,2.04,3500.0,İzmir,Bayındır
KABAK TAZE,2015,800.0,2800.0,Spring,3.93,903.33,1.46,3500.0,İzmir,Bayındır
KABAK TAZE,2015,800.0,2800.0,Summer,3.9,903.33,0.97,3500.0,İzmir,Bayındır
KABAK TAZE,2015,800.0,2800.0,Fall,3.84,903.33,1.28,3500.0,İzmir,Bayındır
KABAK TAZE,2015,400.0,680.0,Winter,3.75,903.33,2.04,1700.0,İzmir,Bergama
KABAK TAZE,2015,400.0,680.0,Spring,3.93,903.33,1.46,1700.0,İzmir,Bergama
KABAK TAZE,2015,400.0,680.0,Summer,3.9,903.33,0.97,1700.0,İzmir,Bergama
KABAK TAZE,2015,400.0,680.0,Fall,3.84,903.33,1.28,1700.0,İzmir,Bergama
KABAK TAZE,2015,355.0,710.0,Winter,3.75,903.33,2.04,2000.0,İzmir,Menderes
KABAK TAZE,2015,355.0,710.0,Spring,3.93,903.33,1.46,2000.0,İzmir,Menderes
KABAK TAZE,2015,355.0,710.0,Summer,3.9,903.33,0.97,2000.0,İzmir,Menderes
KABAK TAZE,2015,355.0,710.0,Fall,3.84,903.33,1.28,2000.0,İzmir,Menderes
KABAK TAZE,2015,450.0,1125.0,Winter,3.75,903.33,2.04,2500.0,İzmir,Tire
KABAK TAZE,2015,450.0,1125.0,Spring,3.93,903.33,1.46,2500.0,İzmir,Tire
KABAK TAZE,2015,450.0,1125.0,Summer,3.9,903.33,0.97,2500.0,İzmir,Tire
KABAK TAZE,2015,450.0,1125.0,Fall,3.84,903.33,1.28,2500.0,İzmir,Tire
KABAK TAZE,2015,330.0,1155.0,Winter,3.75,903.33,2.04,3500.0,İzmir,Torbalı
KABAK TAZE,2015,330.0,1155.0,Spring,3.93,903.33,1.46,3500.0,İzmir,Torbalı
KABAK TAZE,2015,330.0,1155.0,Summer,3.9,903.33,0.97,3500.0,İzmir,Torbalı
KABAK TAZE,2015,330.0,1155.0,Fall,3.84,903.33,1.28,3500.0,İzmir,Torbalı
KABAK TAZE,2015,210.0,660.0,Winter,3.75,903.33,2.04,3142.8571428571427,İzmir,Ödemiş
KABAK TAZE,2015,210.0,660.0,Spring,3.93,903.33,1.46,3142.8571428571427,İzmir,Ödemiş
KABAK TAZE,2015,210.0,660.0,Summer,3.9,903.33,0.97,3142.8571428571427,İzmir,Ödemiş
KABAK TAZE,2015,210.0,660.0,Fall,3.84,903.33,1.28,3142.8571428571427,İzmir,Ödemiş
KABAK TAZE,2016,800.0,2800.0,Winter,3.48,822.67,2.06,3500.0,İzmir,Bayındır
KABAK TAZE,2016,800.0,2800.0,Spring,3.63,822.67,1.06,3500.0,İzmir,Bayındır
KABAK TAZE,2016,800.0,2800.0,Summer,3.79,822.67,1.12,3500.0,İzmir,Bayındır
KABAK TAZE,2016,800.0,2800.0,Fall,4.13,822.67,1.21,3500.0,İzmir,Bayındır
KABAK TAZE,2016,400.0,680.0,Winter,3.48,822.67,2.06,1700.0,İzmir,Bergama
KABAK TAZE,2016,400.0,680.0,Spring,3.63,822.67,1.06,1700.0,İzmir,Bergama
KABAK TAZE,2016,400.0,680.0,Summer,3.79,822.67,1.12,1700.0,İzmir,Bergama
KABAK TAZE,2016,400.0,680.0,Fall,4.13,822.67,1.21,1700.0,İzmir,Bergama
KABAK TAZE,2016,355.0,710.0,Winter,3.48,822.67,2.06,2000.0,İzmir,Menderes
KABAK TAZE,2016,355.0,710.0,Spring,3.63,822.67,1.06,2000.0,İzmir,Menderes
KABAK TAZE,2016,355.0,710.0,Summer,3.79,822.67,1.12,2000.0,İzmir,Menderes
KABAK TAZE,2016,355.0,710.0,Fall,4.13,822.67,1.21,2000.0,İzmir,Menderes
KABAK TAZE,2016,400.0,980.0,Winter,3.48,822.67,2.06,2450.0,İzmir,Tire
KABAK TAZE,2016,400.0,980.0,Spring,3.63,822.67,1.06,2450.0,İzmir,Tire
KABAK TAZE,2016,400.0,980.0,Summer,3.79,822.67,1.12,2450.0,İzmir,Tire
KABAK TAZE,2016,400.0,980.0,Fall,4.13,822.67,1.21,2450.0,İzmir,Tire
KABAK TAZE,2016,300.0,1050.0,Winter,3.48,822.67,2.06,3500.0,İzmir,Torbalı
KABAK TAZE,2016,300.0,1050.0,Spring,3.63,822.67,1.06,3500.0,İzmir,Torbalı
KABAK TAZE,2016,300.0,1050.0,Summer,3.79,822.67,1.12,3500.0,İzmir,Torbalı
KABAK TAZE,2016,300.0,1050.0,Fall,4.13,822.67,1.21,3500.0,İzmir,Torbalı
KABAK TAZE,2016,220.0,711.0,Winter,3.48,822.67,2.06,3231.818181818182,İzmir,Ödemiş
KABAK TAZE,2016,220.0,711.0,Spring,3.63,822.67,1.06,3231.818181818182,İzmir,Ödemiş
KABAK TAZE,2016,220.0,711.0,Summer,3.79,822.67,1.12,3231.818181818182,İzmir,Ödemiş
KABAK TAZE,2016,220.0,711.0,Fall,4.13,822.67,1.21,3231.818181818182,İzmir,Ödemiş
KABAK TAZE,2017,800.0,2800.0,Winter,4.59,906.33,2.8,3500.0,İzmir,Bayındır
KABAK TAZE,2017,800.0,2800.0,Spring,4.55,906.33,1.5,3500.0,İzmir,Bayındır
KABAK TAZE,2017,800.0,2800.0,Summer,4.48,906.33,1.08,3500.0,İzmir,Bayındır
KABAK TAZE,2017,800.0,2800.0,Fall,4.83,906.33,1.59,3500.0,İzmir,Bayındır
KABAK TAZE,2017,400.0,680.0,Winter,4.59,906.33,2.8,1700.0,İzmir,Bergama
KABAK TAZE,2017,400.0,680.0,Spring,4.55,906.33,1.5,1700.0,İzmir,Bergama
KABAK TAZE,2017,400.0,680.0,Summer,4.48,906.33,1.08,1700.0,İzmir,Bergama
KABAK TAZE,2017,400.0,680.0,Fall,4.83,906.33,1.59,1700.0,İzmir,Bergama
KABAK TAZE,2017,390.0,780.0,Winter,4.59,906.33,2.8,2000.0,İzmir,Menderes
KABAK TAZE,2017,390.0,780.0,Spring,4.55,906.33,1.5,2000.0,İzmir,Menderes
KABAK TAZE,2017,390.0,780.0,Summer,4.48,906.33,1.08,2000.0,İzmir,Menderes
KABAK TAZE,2017,390.0,780.0,Fall,4.83,906.33,1.59,2000.0,İzmir,Menderes
KABAK TAZE,2017,400.0,1000.0,Winter,4.59,906.33,2.8,2500.0,İzmir,Tire
KABAK TAZE,2017,400.0,1000.0,Spring,4.55,906.33,1.5,2500.0,İzmir,Tire
KABAK TAZE,2017,400.0,1000.0,Summer,4.48,906.33,1.08,2500.0,İzmir,Tire
KABAK TAZE,2017,400.0,1000.0,Fall,4.83,906.33,1.59,2500.0,İzmir,Tire
KABAK TAZE,2017,405.0,1418.0,Winter,4.59,906.33,2.8,3501.2345679012346,İzmir,Torbalı
KABAK TAZE,2017,405.0,1418.0,Spring,4.55,906.33,1.5,3501.2345679012346,İzmir,Torbalı
KABAK TAZE,2017,405.0,1418.0,Summer,4.48,906.33,1.08,3501.2345679012346,İzmir,Torbalı
KABAK TAZE,2017,405.0,1418.0,Fall,4.83,906.33,1.59,3501.2345679012346,İzmir,Torbalı
KABAK TAZE,2017,220.0,722.0,Winter,4.59,906.33,2.8,3281.818181818182,İzmir,Ödemiş
KABAK TAZE,2017,220.0,722.0,Spring,4.55,906.33,1.5,3281.818181818182,İzmir,Ödemiş
KABAK TAZE,2017,220.0,722.0,Summer,4.48,906.33,1.08,3281.818181818182,İzmir,Ödemiş
KABAK TAZE,2017,220.0,722.0,Fall,4.83,906.33,1.59,3281.818181818182,İzmir,Ödemiş
KABAK TAZE,2018,800.0,2800.0,Winter,5.11,1217.33,1.92,3500.0,İzmir,Bayındır
KABAK TAZE,2018,800.0,2800.0,Spring,5.46,1217.33,1.87,3500.0,İzmir,Bayındır
KABAK TAZE,2018,800.0,2800.0,Summer,5.81,1217.33,1.47,3500.0,İzmir,Bayındır
KABAK TAZE,2018,800.0,2800.0,Fall,6.34,1217.33,1.7,3500.0,İzmir,Bayındır
KABAK TAZE,2018,400.0,680.0,Winter,5.11,1217.33,1.92,1700.0,İzmir,Bergama
KABAK TAZE,2018,400.0,680.0,Spring,5.46,1217.33,1.87,1700.0,İzmir,Bergama
KABAK TAZE,2018,400.0,680.0,Summer,5.81,1217.33,1.47,1700.0,İzmir,Bergama
KABAK TAZE,2018,400.0,680.0,Fall,6.34,1217.33,1.7,1700.0,İzmir,Bergama
KABAK TAZE,2018,390.0,780.0,Winter,5.11,1217.33,1.92,2000.0,İzmir,Menderes
KABAK TAZE,2018,390.0,780.0,Spring,5.46,1217.33,1.87,2000.0,İzmir,Menderes
KABAK TAZE,2018,390.0,780.0,Summer,5.81,1217.33,1.47,2000.0,İzmir,Menderes
KABAK TAZE,2018,390.0,780.0,Fall,6.34,1217.33,1.7,2000.0,İzmir,Menderes
KABAK TAZE,2018,300.0,750.0,Winter,5.11,1217.33,1.92,2500.0,İzmir,Tire
KABAK TAZE,2018,300.0,750.0,Spring,5.46,1217.33,1.87,2500.0,İzmir,Tire
KABAK TAZE,2018,300.0,750.0,Summer,5.81,1217.33,1.47,2500.0,İzmir,Tire
KABAK TAZE,2018,300.0,750.0,Fall,6.34,1217.33,1.7,2500.0,İzmir,Tire
KABAK TAZE,2018,265.0,927.0,Winter,5.11,1217.33,1.92,3498.1132075471696,İzmir,Torbalı
KABAK TAZE,2018,265.0,927.0,Spring,5.46,1217.33,1.87,3498.1132075471696,İzmir,Torbalı
KABAK TAZE,2018,265.0,927.0,Summer,5.81,1217.33,1.47,3498.1132075471696,İzmir,Torbalı
KABAK TAZE,2018,265.0,927.0,Fall,6.34,1217.33,1.7,3498.1132075471696,İzmir,Torbalı
KABAK TAZE,2018,155.0,502.0,Winter,5.11,1217.33,1.92,3238.7096774193546,İzmir,Ödemiş
KABAK TAZE,2018,155.0,502.0,Spring,5.46,1217.33,1.87,3238.7096774193546,İzmir,Ödemiş
KABAK TAZE,2018,155.0,502.0,Summer,5.81,1217.33,1.47,3238.7096774193546,İzmir,Ödemiş
KABAK TAZE,2018,155.0,502.0,Fall,6.34,1217.33,1.7,3238.7096774193546,İzmir,Ödemiş
KABAK TAZE,2019,600.0,2100.0,Winter,6.0,1486.33,3.53,3500.0,İzmir,Bayındır
KABAK TAZE,2019,600.0,2100.0,Spring,6.44,1486.33,2.43,3500.0,İzmir,Bayındır
KABAK TAZE,2019,600.0,2100.0,Summer,6.38,1486.33,1.09,3500.0,İzmir,Bayındır
KABAK TAZE,2019,600.0,2100.0,Fall,6.53,1486.33,1.73,3500.0,İzmir,Bayındır
KABAK TAZE,2019,400.0,680.0,Winter,6.0,1486.33,3.53,1700.0,İzmir,Bergama
KABAK TAZE,2019,400.0,680.0,Spring,6.44,1486.33,2.43,1700.0,İzmir,Bergama
KABAK TAZE,2019,400.0,680.0,Summer,6.38,1486.33,1.09,1700.0,İzmir,Bergama
KABAK TAZE,2019,400.0,680.0,Fall,6.53,1486.33,1.73,1700.0,İzmir,Bergama
KABAK TAZE,2019,390.0,780.0,Winter,6.0,1486.33,3.53,2000.0,İzmir,Menderes
KABAK TAZE,2019,390.0,780.0,Spring,6.44,1486.33,2.43,2000.0,İzmir,Menderes
KABAK TAZE,2019,390.0,780.0,Summer,6.38,1486.33,1.09,2000.0,İzmir,Menderes
KABAK TAZE,2019,390.0,780.0,Fall,6.53,1486.33,1.73,2000.0,İzmir,Menderes
KABAK TAZE,2019,300.0,750.0,Winter,6.0,1486.33,3.53,2500.0,İzmir,Tire
KABAK TAZE,2019,300.0,750.0,Spring,6.44,1486.33,2.43,2500.0,İzmir,Tire
KABAK TAZE,2019,300.0,750.0,Summer,6.38,1486.33,1.09,2500.0,İzmir,Tire
KABAK TAZE,2019,300.0,750.0,Fall,6.53,1486.33,1.73,2500.0,İzmir,Tire
KABAK TAZE,2019,250.0,875.0,Winter,6.0,1486.33,3.53,3500.0,İzmir,Torbalı
KABAK TAZE,2019,250.0,875.0,Spring,6.44,1486.33,2.43,3500.0,İzmir,Torbalı
KABAK TAZE,2019,250.0,875.0,Summer,6.38,1486.33,1.09,3500.0,İzmir,Torbalı
KABAK TAZE,2019,250.0,875.0,Fall,6.53,1486.33,1.73,3500.0,İzmir,Torbalı
KABAK TAZE,2019,110.0,375.0,Winter,6.0,1486.33,3.53,3409.090909090909,İzmir,Ödemiş
KABAK TAZE,2019,110.0,375.0,Spring,6.44,1486.33,2.43,3409.090909090909,İzmir,Ödemiş
KABAK TAZE,2019,110.0,375.0,Summer,6.38,1486.33,1.09,3409.090909090909,İzmir,Ödemiş
KABAK TAZE,2019,110.0,375.0,Fall,6.53,1486.33,1.73,3409.090909090909,İzmir,Ödemiş
KABAK TAZE,2020,200.0,311.0,Winter,6.57,2226.67,3.52,1555.0,İzmir,Bayındır
KABAK TAZE,2020,200.0,311.0,Spring,5.51,2226.67,3.18,1555.0,İzmir,Bayındır
KABAK TAZE,2020,200.0,311.0,Summer,5.98,2226.67,2.09,1555.0,İzmir,Bayındır
KABAK TAZE,2020,200.0,311.0,Fall,6.2,2226.67,2.25,1555.0,İzmir,Bayındır
KABAK TAZE,2020,400.0,705.0,Winter,6.57,2226.67,3.52,1762.5,İzmir,Bergama
KABAK TAZE,2020,400.0,705.0,Spring,5.51,2226.67,3.18,1762.5,İzmir,Bergama
KABAK TAZE,2020,400.0,705.0,Summer,5.98,2226.67,2.09,1762.5,İzmir,Bergama
KABAK TAZE,2020,400.0,705.0,Fall,6.2,2226.67,2.25,1762.5,İzmir,Bergama
KABAK TAZE,2020,390.0,809.0,Winter,6.57,2226.67,3.52,2074.358974358974,İzmir,Menderes
KABAK TAZE,2020,390.0,809.0,Spring,5.51,2226.67,3.18,2074.358974358974,İzmir,Menderes
KABAK TAZE,2020,390.0,809.0,Summer,5.98,2226.67,2.09,2074.358974358974,İzmir,Menderes
KABAK TAZE,2020,390.0,809.0,Fall,6.2,2226.67,2.25,2074.358974358974,İzmir,Menderes
KABAK TAZE,2020,68.0,176.0,Winter,6.57,2226.67,3.52,2588.235294117647,İzmir,Tire
KABAK TAZE,2020,68.0,176.0,Spring,5.51,2226.67,3.18,2588.235294117647,İzmir,Tire
KABAK TAZE,2020,68.0,176.0,Summer,5.98,2226.67,2.09,2588.235294117647,İzmir,Tire
KABAK TAZE,2020,68.0,176.0,Fall,6.2,2226.67,2.25,2588.235294117647,İzmir,Tire
KABAK TAZE,2020,180.0,607.0,Winter,6.57,2226.67,3.52,3372.222222222222,İzmir,Torbalı
KABAK TAZE,2020,180.0,607.0,Spring,5.51,2226.67,3.18,3372.222222222222,İzmir,Torbalı
KABAK TAZE,2020,180.0,607.0,Summer,5.98,2226.67,2.09,3372.222222222222,İzmir,Torbalı
KABAK TAZE,2020,180.0,607.0,Fall,6.2,2226.67,2.25,3372.222222222222,İzmir,Torbalı
KABAK TAZE,2020,80.0,415.0,Winter,6.57,2226.67,3.52,5187.5,İzmir,Ödemiş
KABAK TAZE,2020,80.0,415.0,Spring,5.51,2226.67,3.18,5187.5,İzmir,Ödemiş
KABAK TAZE,2020,80.0,415.0,Summer,5.98,2226.67,2.09,5187.5,İzmir,Ödemiş
KABAK TAZE,2020,80.0,415.0,Fall,6.2,2226.67,2.25,5187.5,İzmir,Ödemiş
KABAK TAZE,2021,200.0,300.0,Winter,6.71,6709.0,3.83,1500.0,İzmir,Bayındır
KABAK TAZE,2021,200.0,300.0,Spring,6.69,6709.0,3.06,1500.0,İzmir,Bayındır
KABAK TAZE,2021,200.0,300.0,Summer,7.34,6709.0,3.59,1500.0,İzmir,Bayındır
KABAK TAZE,2021,200.0,300.0,Fall,7.99,6709.0,3.61,1500.0,İzmir,Bayındır
KABAK TAZE,2021,17.0,30.0,Winter,6.71,6709.0,3.83,1764.7058823529412,İzmir,Bergama
KABAK TAZE,2021,17.0,30.0,Spring,6.69,6709.0,3.06,1764.7058823529412,İzmir,Bergama
KABAK TAZE,2021,17.0,30.0,Summer,7.34,6709.0,3.59,1764.7058823529412,İzmir,Bergama
KABAK TAZE,2021,17.0,30.0,Fall,7.99,6709.0,3.61,1764.7058823529412,İzmir,Bergama
KABAK TAZE,2021,380.0,760.0,Winter,6.71,6709.0,3.83,2000.0,İzmir,Menderes
KABAK TAZE,2021,380.0,760.0,Spring,6.69,6709.0,3.06,2000.0,İzmir,Menderes
KABAK TAZE,2021,380.0,760.0,Summer,7.34,6709.0,3.59,2000.0,İzmir,Menderes
KABAK TAZE,2021,380.0,760.0,Fall,7.99,6709.0,3.61,2000.0,İzmir,Menderes
KABAK TAZE,2021,42.0,109.0,Winter,6.71,6709.0,3.83,2595.2380952380954,İzmir,Tire
KABAK TAZE,2021,42.0,109.0,Spring,6.69,6709.0,3.06,2595.2380952380954,İzmir,Tire
KABAK TAZE,2021,42.0,109.0,Summer,7.34,6709.0,3.59,2595.2380952380954,İzmir,Tire
KABAK TAZE,2021,42.0,109.0,Fall,7.99,6709.0,3.61,2595.2380952380954,İzmir,Tire
KABAK TAZE,2021,185.0,555.0,Winter,6.71,6709.0,3.83,3000.0,İzmir,Torbalı
KABAK TAZE,2021,185.0,555.0,Spring,6.69,6709.0,3.06,3000.0,İzmir,Torbalı
KABAK TAZE,2021,185.0,555.0,Summer,7.34,6709.0,3.59,3000.0,İzmir,Torbalı
KABAK TAZE,2021,185.0,555.0,Fall,7.99,6709.0,3.61,3000.0,İzmir,Torbalı
KABAK TAZE,2021,25.0,125.0,Winter,6.71,6709.0,3.83,5000.0,İzmir,Ödemiş
KABAK TAZE,2021,25.0,125.0,Spring,6.69,6709.0,3.06,5000.0,İzmir,Ödemiş
KABAK TAZE,2021,25.0,125.0,Summer,7.34,6709.0,3.59,5000.0,İzmir,Ödemiş
KABAK TAZE,2021,25.0,125.0,Fall,7.99,6709.0,3.61,5000.0,İzmir,Ödemiş
KABAK TAZE,2022,200.0,500.0,Winter,13.29,15353.33,7.98,2500.0,İzmir,Bayındır
KABAK TAZE,2022,200.0,500.0,Spring,21.62,15353.33,10.34,2500.0,İzmir,Bayındır
KABAK TAZE,2022,200.0,500.0,Summer,26.18,15353.33,7.45,2500.0,İzmir,Bayındır
KABAK TAZE,2022,200.0,500.0,Fall,25.49,15353.33,9.77,2500.0,İzmir,Bayındır
KABAK TAZE,2022,13.0,23.0,Winter,13.29,15353.33,7.98,1769.2307692307693,İzmir,Bergama
KABAK TAZE,2022,13.0,23.0,Spring,21.62,15353.33,10.34,1769.2307692307693,İzmir,Bergama
KABAK TAZE,2022,13.0,23.0,Summer,26.18,15353.33,7.45,1769.2307692307693,İzmir,Bergama
KABAK TAZE,2022,13.0,23.0,Fall,25.49,15353.33,9.77,1769.2307692307693,İzmir,Bergama
KABAK TAZE,2022,380.0,760.0,Winter,13.29,15353.33,7.98,2000.0,İzmir,Menderes
KABAK TAZE,2022,380.0,760.0,Spring,21.62,15353.33,10.34,2000.0,İzmir,Menderes
KABAK TAZE,2022,380.0,760.0,Summer,26.18,15353.33,7.45,2000.0,İzmir,Menderes
KABAK TAZE,2022,380.0,760.0,Fall,25.49,15353.33,9.77,2000.0,İzmir,Menderes
KABAK TAZE,2022,135.0,439.0,Winter,13.29,15353.33,7.98,3251.8518518518517,İzmir,Torbalı
KABAK TAZE,2022,135.0,439.0,Spring,21.62,15353.33,10.34,3251.8518518518517,İzmir,Torbalı
KABAK TAZE,2022,135.0,439.0,Summer,26.18,15353.33,7.45,3251.8518518518517,İzmir,Torbalı
KABAK TAZE,2022,135.0,439.0,Fall,25.49,15353.33,9.77,3251.8518518518517,İzmir,Torbalı
KABAK TAZE,2022,25.0,125.0,Winter,13.29,15353.33,7.98,5000.0,İzmir,Ödemiş
KABAK TAZE,2022,25.0,125.0,Spring,21.62,15353.33,10.34,5000.0,İzmir,Ödemiş
KABAK TAZE,2022,25.0,125.0,Summer,26.18,15353.33,7.45,5000.0,İzmir,Ödemiş
KABAK TAZE,2022,25.0,125.0,Fall,25.49,15353.33,9.77,5000.0,İzmir,Ödemiş
KABAK TAZE,2023,150.0,375.0,Winter,22.27,10488.0,14.51,2500.0,İzmir,Bayındır
KABAK TAZE,2023,150.0,375.0,Spring,20.55,10488.0,17.44,2500.0,İzmir,Bayındır
KABAK TAZE,2023,150.0,375.0,Summer,30.3,10488.0,18.99,2500.0,İzmir,Bayındır
KABAK TAZE,2023,150.0,375.0,Fall,39.39,10488.0,19.34,2500.0,İzmir,Bayındır
KABAK TAZE,2023,11.0,20.0,Winter,22.27,10488.0,14.51,1818.1818181818182,İzmir,Bergama
KABAK TAZE,2023,11.0,20.0,Spring,20.55,10488.0,17.44,1818.1818181818182,İzmir,Bergama
KABAK TAZE,2023,11.0,20.0,Summer,30.3,10488.0,18.99,1818.1818181818182,İzmir,Bergama
KABAK TAZE,2023,11.0,20.0,Fall,39.39,10488.0,19.34,1818.1818181818182,İzmir,Bergama
KABAK TAZE,2023,380.0,760.0,Winter,22.27,10488.0,14.51,2000.0,İzmir,Menderes
KABAK TAZE,2023,380.0,760.0,Spring,20.55,10488.0,17.44,2000.0,İzmir,Menderes
KABAK TAZE,2023,380.0,760.0,Summer,30.3,10488.0,18.99,2000.0,İzmir,Menderes
KABAK TAZE,2023,380.0,760.0,Fall,39.39,10488.0,19.34,2000.0,İzmir,Menderes
KABAK TAZE,2023,110.0,330.0,Winter,22.27,10488.0,14.51,3000.0,İzmir,Torbalı
KABAK TAZE,2023,110.0,330.0,Spring,20.55,10488.0,17.44,3000.0,İzmir,Torbalı
KABAK TAZE,2023,110.0,330.0,Summer,30.3,10488.0,18.99,3000.0,İzmir,Torbalı
KABAK TAZE,2023,110.0,330.0,Fall,39.39,10488.0,19.34,3000.0,İzmir,Torbalı
KABAK TAZE,2024,150.0,375.0,Winter,40.18,11266.67,25.99,2500.0,İzmir,Bayındır
KABAK TAZE,2024,150.0,375.0,Spring,42.39,11266.67,18.68,2500.0,İzmir,Bayındır
KABAK TAZE,2024,150.0,375.0,Summer,44.12,11266.67,25.37,2500.0,İzmir,Bayındır
KABAK TAZE,2024,150.0,375.0,Fall,43.82,11266.67,30.16,2500.0,İzmir,Bayındır
KABAK TAZE,2024,162.0,287.0,Winter,40.18,11266.67,25.99,1771.6049382716049,İzmir,Bergama
KABAK TAZE,2024,162.0,287.0,Spring,42.39,11266.67,18.68,1771.6049382716049,İzmir,Bergama
KABAK TAZE,2024,162.0,287.0,Summer,44.12,11266.67,25.37,1771.6049382716049,İzmir,Bergama
KABAK TAZE,2024,162.0,287.0,Fall,43.82,11266.67,30.16,1771.6049382716049,İzmir,Bergama
KABAK TAZE,2024,380.0,760.0,Winter,40.18,11266.67,25.99,2000.0,İzmir,Menderes
KABAK TAZE,2024,380.0,760.0,Spring,42.39,11266.67,18.68,2000.0,İzmir,Menderes
KABAK TAZE,2024,380.0,760.0,Summer,44.12,11266.67,25.37,2000.0,İzmir,Menderes
KABAK TAZE,2024,380.0,760.0,Fall,43.82,11266.67,30.16,2000.0,İzmir,Menderes
KABAK TAZE,2024,157.0,473.0,Winter,40.18,11266.67,25.99,3012.7388535031846,İzmir,Torbalı
KABAK TAZE,2024,157.0,473.0,Spring,42.39,11266.67,18.68,3012.7388535031846,İzmir,Torbalı
KABAK TAZE,2024,157.0,473.0,Summer,44.12,11266.67,25.37,3012.7388535031846,İzmir,Torbalı
KABAK TAZE,2024,157.0,473.0,Fall,43.82,11266.67,30.16,3012.7388535031846,İzmir,Torbalı
KABAK TAZE,2024,50.0,175.0,Winter,40.18,11266.67,25.99,3500.0,İzmir,Ödemiş
KABAK TAZE,2024,50.0,175.0,Spring,42.39,11266.67,18.68,3500.0,İzmir,Ödemiş
KABAK TAZE,2024,50.0,175.0,Summer,44.12,11266.67,25.37,3500.0,İzmir,Ödemiş
KABAK TAZE,2024,50.0,175.0,Fall,43.82,11266.67,30.16,3500.0,İzmir,Ödemiş
KABAK TAZE,2025,132.0,330.0,Winter,46.61,14550.0,32.44,2500.0,İzmir,Bayındır
KABAK TAZE,2025,132.0,330.0,Spring,46.68,14550.0,34.18,2500.0,İzmir,Bayındır
KABAK TAZE,2025,132.0,330.0,Summer,52.69,14550.0,23.06,2500.0,İzmir,Bayındır
KABAK TAZE,2025,132.0,330.0,Fall,56.39,14550.0,25.71,2500.0,İzmir,Bayındır
KABAK TAZE,2025,172.0,304.0,Winter,46.61,14550.0,32.44,1767.4418604651162,İzmir,Bergama
KABAK TAZE,2025,172.0,304.0,Spring,46.68,14550.0,34.18,1767.4418604651162,İzmir,Bergama
KABAK TAZE,2025,172.0,304.0,Summer,52.69,14550.0,23.06,1767.4418604651162,İzmir,Bergama
KABAK TAZE,2025,172.0,304.0,Fall,56.39,14550.0,25.71,1767.4418604651162,İzmir,Bergama
KABAK TAZE,2025,330.0,660.0,Winter,46.61,14550.0,32.44,2000.0,İzmir,Menderes
KABAK TAZE,2025,330.0,660.0,Spring,46.68,14550.0,34.18,2000.0,İzmir,Menderes
KABAK TAZE,2025,330.0,660.0,Summer,52.69,14550.0,23.06,2000.0,İzmir,Menderes
KABAK TAZE,2025,330.0,660.0,Fall,56.39,14550.0,25.71,2000.0,İzmir,Menderes
KABAK TAZE,2025,124.0,376.0,Winter,46.61,14550.0,32.44,3032.2580645161293,İzmir,Torbalı
KABAK TAZE,2025,124.0,376.0,Spring,46.68,14550.0,34.18,3032.2580645161293,İzmir,Torbalı
KABAK TAZE,2025,124.0,376.0,Summer,52.69,14550.0,23.06,3032.2580645161293,İzmir,Torbalı
KABAK TAZE,2025,124.0,376.0,Fall,56.39,14550.0,25.71,3032.2580645161293,İzmir,Torbalı
KABAK TAZE,2025,50.0,175.0,Winter,46.61,14550.0,32.44,3500.0,İzmir,Ödemiş
KABAK TAZE,2025,50.0,175.0,Spring,46.68,14550.0,34.18,3500.0,İzmir,Ödemiş
KABAK TAZE,2025,50.0,175.0,Summer,52.69,14550.0,23.06,3500.0,İzmir,Ödemiş
KABAK TAZE,2025,50.0,175.0,Fall,56.39,14550.0,25.71,3500.0,İzmir,Ödemiş
KARNABAHAR,2014,2800.0,10360.0,Winter,4.54,886.0,0.73,3700.0,İzmir,Bayındır
KARNABAHAR,2014,2800.0,10360.0,Spring,4.58,886.0,1.86,3700.0,İzmir,Bayındır
KARNABAHAR,2014,2800.0,10360.0,Summer,4.38,886.0,1.81,3700.0,İzmir,Bayındır
KARNABAHAR,2014,2800.0,10360.0,Fall,4.24,886.0,1.4,3700.0,İzmir,Bayındır
KARNABAHAR,2014,700.0,1120.0,Winter,4.54,886.0,0.73,1600.0,İzmir,Bergama
KARNABAHAR,2014,700.0,1120.0,Spring,4.58,886.0,1.86,1600.0,İzmir,Bergama
KARNABAHAR,2014,700.0,1120.0,Summer,4.38,886.0,1.81,1600.0,İzmir,Bergama
KARNABAHAR,2014,700.0,1120.0,Fall,4.24,886.0,1.4,1600.0,İzmir,Bergama
KARNABAHAR,2014,70.0,140.0,Winter,4.54,886.0,0.73,2000.0,İzmir,Menderes
KARNABAHAR,2014,70.0,140.0,Spring,4.58,886.0,1.86,2000.0,İzmir,Menderes
KARNABAHAR,2014,70.0,140.0,Summer,4.38,886.0,1.81,2000.0,İzmir,Menderes
KARNABAHAR,2014,70.0,140.0,Fall,4.24,886.0,1.4,2000.0,İzmir,Menderes
KARNABAHAR,2014,1000.0,1500.0,Winter,4.54,886.0,0.73,1500.0,İzmir,Tire
KARNABAHAR,2014,1000.0,1500.0,Spring,4.58,886.0,1.86,1500.0,İzmir,Tire
KARNABAHAR,2014,1000.0,1500.0,Summer,4.38,886.0,1.81,1500.0,İzmir,Tire
KARNABAHAR,2014,1000.0,1500.0,Fall,4.24,886.0,1.4,1500.0,İzmir,Tire
KARNABAHAR,2014,740.0,2220.0,Winter,4.54,886.0,0.73,3000.0,İzmir,Torbalı
KARNABAHAR,2014,740.0,2220.0,Spring,4.58,886.0,1.86,3000.0,İzmir,Torbalı
KARNABAHAR,2014,740.0,2220.0,Summer,4.38,886.0,1.81,3000.0,İzmir,Torbalı
KARNABAHAR,2014,740.0,2220.0,Fall,4.24,886.0,1.4,3000.0,İzmir,Torbalı
KARNABAHAR,2014,1000.0,3500.0,Winter,4.54,886.0,0.73,3500.0,İzmir,Ödemiş
KARNABAHAR,2014,1000.0,3500.0,Spring,4.58,886.0,1.86,3500.0,İzmir,Ödemiş
KARNABAHAR,2014,1000.0,3500.0,Summer,4.38,886.0,1.81,3500.0,İzmir,Ödemiş
KARNABAHAR,2014,1000.0,3500.0,Fall,4.24,886.0,1.4,3500.0,İzmir,Ödemiş
KARNABAHAR,2015,5000.0,18500.0,Winter,3.75,903.33,1.23,3700.0,İzmir,Bayındır
KARNABAHAR,2015,5000.0,18500.0,Spring,3.93,903.33,2.07,3700.0,İzmir,Bayındır
KARNABAHAR,2015,5000.0,18500.0,Summer,3.9,903.33,1.66,3700.0,İzmir,Bayındır
KARNABAHAR,2015,5000.0,18500.0,Fall,3.84,903.33,1.63,3700.0,İzmir,Bayındır
KARNABAHAR,2015,700.0,1120.0,Winter,3.75,903.33,1.23,1600.0,İzmir,Bergama
KARNABAHAR,2015,700.0,1120.0,Spring,3.93,903.33,2.07,1600.0,İzmir,Bergama
KARNABAHAR,2015,700.0,1120.0,Summer,3.9,903.33,1.66,1600.0,İzmir,Bergama
KARNABAHAR,2015,700.0,1120.0,Fall,3.84,903.33,1.63,1600.0,İzmir,Bergama
KARNABAHAR,2015,75.0,150.0,Winter,3.75,903.33,1.23,2000.0,İzmir,Menderes
KARNABAHAR,2015,75.0,150.0,Spring,3.93,903.33,2.07,2000.0,İzmir,Menderes
KARNABAHAR,2015,75.0,150.0,Summer,3.9,903.33,1.66,2000.0,İzmir,Menderes
KARNABAHAR,2015,75.0,150.0,Fall,3.84,903.33,1.63,2000.0,İzmir,Menderes
KARNABAHAR,2015,1010.0,1515.0,Winter,3.75,903.33,1.23,1500.0,İzmir,Tire
KARNABAHAR,2015,1010.0,1515.0,Spring,3.93,903.33,2.07,1500.0,İzmir,Tire
KARNABAHAR,2015,1010.0,1515.0,Summer,3.9,903.33,1.66,1500.0,İzmir,Tire
KARNABAHAR,2015,1010.0,1515.0,Fall,3.84,903.33,1.63,1500.0,İzmir,Tire
KARNABAHAR,2015,915.0,2745.0,Winter,3.75,903.33,1.23,3000.0,İzmir,Torbalı
KARNABAHAR,2015,915.0,2745.0,Spring,3.93,903.33,2.07,3000.0,İzmir,Torbalı
KARNABAHAR,2015,915.0,2745.0,Summer,3.9,903.33,1.66,3000.0,İzmir,Torbalı
KARNABAHAR,2015,915.0,2745.0,Fall,3.84,903.33,1.63,3000.0,İzmir,Torbalı
KARNABAHAR,2015,1000.0,3500.0,Winter,3.75,903.33,1.23,3500.0,İzmir,Ödemiş
KARNABAHAR,2015,1000.0,3500.0,Spring,3.93,903.33,2.07,3500.0,İzmir,Ödemiş
KARNABAHAR,2015,1000.0,3500.0,Summer,3.9,903.33,1.66,3500.0,İzmir,Ödemiş
KARNABAHAR,2015,1000.0,3500.0,Fall,3.84,903.33,1.63,3500.0,İzmir,Ödemiş
KARNABAHAR,2016,5000.0,18500.0,Winter,3.48,822.67,1.45,3700.0,İzmir,Bayındır
KARNABAHAR,2016,5000.0,18500.0,Spring,3.63,822.67,1.21,3700.0,İzmir,Bayındır
KARNABAHAR,2016,5000.0,18500.0,Summer,3.79,822.67,1.9,3700.0,İzmir,Bayındır
KARNABAHAR,2016,5000.0,18500.0,Fall,4.13,822.67,1.64,3700.0,İzmir,Bayındır
KARNABAHAR,2016,700.0,1120.0,Winter,3.48,822.67,1.45,1600.0,İzmir,Bergama
KARNABAHAR,2016,700.0,1120.0,Spring,3.63,822.67,1.21,1600.0,İzmir,Bergama
KARNABAHAR,2016,700.0,1120.0,Summer,3.79,822.67,1.9,1600.0,İzmir,Bergama
KARNABAHAR,2016,700.0,1120.0,Fall,4.13,822.67,1.64,1600.0,İzmir,Bergama
KARNABAHAR,2016,70.0,140.0,Winter,3.48,822.67,1.45,2000.0,İzmir,Menderes
KARNABAHAR,2016,70.0,140.0,Spring,3.63,822.67,1.21,2000.0,İzmir,Menderes
KARNABAHAR,2016,70.0,140.0,Summer,3.79,822.67,1.9,2000.0,İzmir,Menderes
KARNABAHAR,2016,70.0,140.0,Fall,4.13,822.67,1.64,2000.0,İzmir,Menderes
KARNABAHAR,2016,1050.0,1575.0,Winter,3.48,822.67,1.45,1500.0,İzmir,Tire
KARNABAHAR,2016,1050.0,1575.0,Spring,3.63,822.67,1.21,1500.0,İzmir,Tire
KARNABAHAR,2016,1050.0,1575.0,Summer,3.79,822.67,1.9,1500.0,İzmir,Tire
KARNABAHAR,2016,1050.0,1575.0,Fall,4.13,822.67,1.64,1500.0,İzmir,Tire
KARNABAHAR,2016,2500.0,8750.0,Winter,3.48,822.67,1.45,3500.0,İzmir,Torbalı
KARNABAHAR,2016,2500.0,8750.0,Spring,3.63,822.67,1.21,3500.0,İzmir,Torbalı
KARNABAHAR,2016,2500.0,8750.0,Summer,3.79,822.67,1.9,3500.0,İzmir,Torbalı
KARNABAHAR,2016,2500.0,8750.0,Fall,4.13,822.67,1.64,3500.0,İzmir,Torbalı
KARNABAHAR,2016,1000.0,3500.0,Winter,3.48,822.67,1.45,3500.0,İzmir,Ödemiş
KARNABAHAR,2016,1000.0,3500.0,Spring,3.63,822.67,1.21,3500.0,İzmir,Ödemiş
KARNABAHAR,2016,1000.0,3500.0,Summer,3.79,822.67,1.9,3500.0,İzmir,Ödemiş
KARNABAHAR,2016,1000.0,3500.0,Fall,4.13,822.67,1.64,3500.0,İzmir,Ödemiş
KARNABAHAR,2017,5000.0,18500.0,Winter,4.59,906.33,1.53,3700.0,İzmir,Bayındır
KARNABAHAR,2017,5000.0,18500.0,Spring,4.55,906.33,1.24,3700.0,İzmir,Bayındır
KARNABAHAR,2017,5000.0,18500.0,Summer,4.48,906.33,1.1,3700.0,İzmir,Bayındır
KARNABAHAR,2017,5000.0,18500.0,Fall,4.83,906.33,1.54,3700.0,İzmir,Bayındır
KARNABAHAR,2017,700.0,1120.0,Winter,4.59,906.33,1.53,1600.0,İzmir,Bergama
KARNABAHAR,2017,700.0,1120.0,Spring,4.55,906.33,1.24,1600.0,İzmir,Bergama
KARNABAHAR,2017,700.0,1120.0,Summer,4.48,906.33,1.1,1600.0,İzmir,Bergama
KARNABAHAR,2017,700.0,1120.0,Fall,4.83,906.33,1.54,1600.0,İzmir,Bergama
KARNABAHAR,2017,70.0,140.0,Winter,4.59,906.33,1.53,2000.0,İzmir,Menderes
KARNABAHAR,2017,70.0,140.0,Spring,4.55,906.33,1.24,2000.0,İzmir,Menderes
KARNABAHAR,2017,70.0,140.0,Summer,4.48,906.33,1.1,2000.0,İzmir,Menderes
KARNABAHAR,2017,70.0,140.0,Fall,4.83,906.33,1.54,2000.0,İzmir,Menderes
KARNABAHAR,2017,1200.0,1800.0,Winter,4.59,906.33,1.53,1500.0,İzmir,Tire
KARNABAHAR,2017,1200.0,1800.0,Spring,4.55,906.33,1.24,1500.0,İzmir,Tire
KARNABAHAR,2017,1200.0,1800.0,Summer,4.48,906.33,1.1,1500.0,İzmir,Tire
KARNABAHAR,2017,1200.0,1800.0,Fall,4.83,906.33,1.54,1500.0,İzmir,Tire
KARNABAHAR,2017,2850.0,9975.0,Winter,4.59,906.33,1.53,3500.0,İzmir,Torbalı
KARNABAHAR,2017,2850.0,9975.0,Spring,4.55,906.33,1.24,3500.0,İzmir,Torbalı
KARNABAHAR,2017,2850.0,9975.0,Summer,4.48,906.33,1.1,3500.0,İzmir,Torbalı
KARNABAHAR,2017,2850.0,9975.0,Fall,4.83,906.33,1.54,3500.0,İzmir,Torbalı
KARNABAHAR,2017,1000.0,3500.0,Winter,4.59,906.33,1.53,3500.0,İzmir,Ödemiş
KARNABAHAR,2017,1000.0,3500.0,Spring,4.55,906.33,1.24,3500.0,İzmir,Ödemiş
KARNABAHAR,2017,1000.0,3500.0,Summer,4.48,906.33,1.1,3500.0,İzmir,Ödemiş
KARNABAHAR,2017,1000.0,3500.0,Fall,4.83,906.33,1.54,3500.0,İzmir,Ödemiş
KARNABAHAR,2018,7000.0,25900.0,Winter,5.11,1217.33,0.94,3700.0,İzmir,Bayındır
KARNABAHAR,2018,7000.0,25900.0,Spring,5.46,1217.33,1.82,3700.0,İzmir,Bayındır
KARNABAHAR,2018,7000.0,25900.0,Summer,5.81,1217.33,1.5666666666666667,3700.0,İzmir,Bayındır
KARNABAHAR,2018,7000.0,25900.0,Fall,6.34,1217.33,1.94,3700.0,İzmir,Bayındır
KARNABAHAR,2018,700.0,1120.0,Winter,5.11,1217.33,0.94,1600.0,İzmir,Bergama
KARNABAHAR,2018,700.0,1120.0,Spring,5.46,1217.33,1.82,1600.0,İzmir,Bergama
KARNABAHAR,2018,700.0,1120.0,Summer,5.81,1217.33,1.5666666666666667,1600.0,İzmir,Bergama
KARNABAHAR,2018,700.0,1120.0,Fall,6.34,1217.33,1.94,1600.0,İzmir,Bergama
KARNABAHAR,2018,70.0,140.0,Winter,5.11,1217.33,0.94,2000.0,İzmir,Menderes
KARNABAHAR,2018,70.0,140.0,Spring,5.46,1217.33,1.82,2000.0,İzmir,Menderes
KARNABAHAR,2018,70.0,140.0,Summer,5.81,1217.33,1.5666666666666667,2000.0,İzmir,Menderes
KARNABAHAR,2018,70.0,140.0,Fall,6.34,1217.33,1.94,2000.0,İzmir,Menderes
KARNABAHAR,2018,4000.0,6000.0,Winter,5.11,1217.33,0.94,1500.0,İzmir,Tire
KARNABAHAR,2018,4000.0,6000.0,Spring,5.46,1217.33,1.82,1500.0,İzmir,Tire
KARNABAHAR,2018,4000.0,6000.0,Summer,5.81,1217.33,1.5666666666666667,1500.0,İzmir,Tire
KARNABAHAR,2018,4000.0,6000.0,Fall,6.34,1217.33,1.94,1500.0,İzmir,Tire
KARNABAHAR,2018,2850.0,9975.0,Winter,5.11,1217.33,0.94,3500.0,İzmir,Torbalı
KARNABAHAR,2018,2850.0,9975.0,Spring,5.46,1217.33,1.82,3500.0,İzmir,Torbalı
KARNABAHAR,2018,2850.0,9975.0,Summer,5.81,1217.33,1.5666666666666667,3500.0,İzmir,Torbalı
KARNABAHAR,2018,2850.0,9975.0,Fall,6.34,1217.33,1.94,3500.0,İzmir,Torbalı
KARNABAHAR,2018,800.0,2800.0,Winter,5.11,1217.33,0.94,3500.0,İzmir,Ödemiş
KARNABAHAR,2018,800.0,2800.0,Spring,5.46,1217.33,1.82,3500.0,İzmir,Ödemiş
KARNABAHAR,2018,800.0,2800.0,Summer,5.81,1217.33,1.5666666666666667,3500.0,İzmir,Ödemiş
KARNABAHAR,2018,800.0,2800.0,Fall,6.34,1217.33,1.94,3500.0,İzmir,Ödemiş
KARNABAHAR,2019,9000.0,33300.0,Winter,6.0,1486.33,1.83,3700.0,İzmir,Bayındır
KARNABAHAR,2019,9000.0,33300.0,Spring,6.44,1486.33,2.61,3700.0,İzmir,Bayındır
KARNABAHAR,2019,9000.0,33300.0,Summer,6.38,1486.33,2.1,3700.0,İzmir,Bayındır
KARNABAHAR,2019,9000.0,33300.0,Fall,6.53,1486.33,1.69,3700.0,İzmir,Bayındır
KARNABAHAR,2019,700.0,1120.0,Winter,6.0,1486.33,1.83,1600.0,İzmir,Bergama
KARNABAHAR,2019,700.0,1120.0,Spring,6.44,1486.33,2.61,1600.0,İzmir,Bergama
KARNABAHAR,2019,700.0,1120.0,Summer,6.38,1486.33,2.1,1600.0,İzmir,Bergama
KARNABAHAR,2019,700.0,1120.0,Fall,6.53,1486.33,1.69,1600.0,İzmir,Bergama
KARNABAHAR,2019,70.0,140.0,Winter,6.0,1486.33,1.83,2000.0,İzmir,Menderes
KARNABAHAR,2019,70.0,140.0,Spring,6.44,1486.33,2.61,2000.0,İzmir,Menderes
KARNABAHAR,2019,70.0,140.0,Summer,6.38,1486.33,2.1,2000.0,İzmir,Menderes
KARNABAHAR,2019,70.0,140.0,Fall,6.53,1486.33,1.69,2000.0,İzmir,Menderes
KARNABAHAR,2019,4000.0,6000.0,Winter,6.0,1486.33,1.83,1500.0,İzmir,Tire
KARNABAHAR,2019,4000.0,6000.0,Spring,6.44,1486.33,2.61,1500.0,İzmir,Tire
KARNABAHAR,2019,4000.0,6000.0,Summer,6.38,1486.33,2.1,1500.0,İzmir,Tire
KARNABAHAR,2019,4000.0,6000.0,Fall,6.53,1486.33,1.69,1500.0,İzmir,Tire
KARNABAHAR,2019,2850.0,9975.0,Winter,6.0,1486.33,1.83,3500.0,İzmir,Torbalı
KARNABAHAR,2019,2850.0,9975.0,Spring,6.44,1486.33,2.61,3500.0,İzmir,Torbalı
KARNABAHAR,2019,2850.0,9975.0,Summer,6.38,1486.33,2.1,3500.0,İzmir,Torbalı
KARNABAHAR,2019,2850.0,9975.0,Fall,6.53,1486.33,1.69,3500.0,İzmir,Torbalı
KARNABAHAR,2019,500.0,1750.0,Winter,6.0,1486.33,1.83,3500.0,İzmir,Ödemiş
KARNABAHAR,2019,500.0,1750.0,Spring,6.44,1486.33,2.61,3500.0,İzmir,Ödemiş
KARNABAHAR,2019,500.0,1750.0,Summer,6.38,1486.33,2.1,3500.0,İzmir,Ödemiş
KARNABAHAR,2019,500.0,1750.0,Fall,6.53,1486.33,1.69,3500.0,İzmir,Ödemiş
KARNABAHAR,2020,10000.0,17500.0,Winter,6.57,2226.67,1.54,1750.0,İzmir,Bayındır
KARNABAHAR,2020,10000.0,17500.0,Spring,5.51,2226.67,2.49,1750.0,İzmir,Bayındır
KARNABAHAR,2020,10000.0,17500.0,Summer,5.98,2226.67,2.486666666666667,1750.0,İzmir,Bayındır
KARNABAHAR,2020,10000.0,17500.0,Fall,6.2,2226.67,3.43,1750.0,İzmir,Bayındır
KARNABAHAR,2020,300.0,480.0,Winter,6.57,2226.67,1.54,1600.0,İzmir,Bergama
KARNABAHAR,2020,300.0,480.0,Spring,5.51,2226.67,2.49,1600.0,İzmir,Bergama
KARNABAHAR,2020,300.0,480.0,Summer,5.98,2226.67,2.486666666666667,1600.0,İzmir,Bergama
KARNABAHAR,2020,300.0,480.0,Fall,6.2,2226.67,3.43,1600.0,İzmir,Bergama
KARNABAHAR,2020,70.0,140.0,Winter,6.57,2226.67,1.54,2000.0,İzmir,Menderes
KARNABAHAR,2020,70.0,140.0,Spring,5.51,2226.67,2.49,2000.0,İzmir,Menderes
KARNABAHAR,2020,70.0,140.0,Summer,5.98,2226.67,2.486666666666667,2000.0,İzmir,Menderes
KARNABAHAR,2020,70.0,140.0,Fall,6.2,2226.67,3.43,2000.0,İzmir,Menderes
KARNABAHAR,2020,2500.0,3750.0,Winter,6.57,2226.67,1.54,1500.0,İzmir,Tire
KARNABAHAR,2020,2500.0,3750.0,Spring,5.51,2226.67,2.49,1500.0,İzmir,Tire
KARNABAHAR,2020,2500.0,3750.0,Summer,5.98,2226.67,2.486666666666667,1500.0,İzmir,Tire
KARNABAHAR,2020,2500.0,3750.0,Fall,6.2,2226.67,3.43,1500.0,İzmir,Tire
KARNABAHAR,2020,3350.0,11390.0,Winter,6.57,2226.67,1.54,3400.0,İzmir,Torbalı
KARNABAHAR,2020,3350.0,11390.0,Spring,5.51,2226.67,2.49,3400.0,İzmir,Torbalı
KARNABAHAR,2020,3350.0,11390.0,Summer,5.98,2226.67,2.486666666666667,3400.0,İzmir,Torbalı
KARNABAHAR,2020,3350.0,11390.0,Fall,6.2,2226.67,3.43,3400.0,İzmir,Torbalı
KARNABAHAR,2020,150.0,525.0,Winter,6.57,2226.67,1.54,3500.0,İzmir,Ödemiş
KARNABAHAR,2020,150.0,525.0,Spring,5.51,2226.67,2.49,3500.0,İzmir,Ödemiş
KARNABAHAR,2020,150.0,525.0,Summer,5.98,2226.67,2.486666666666667,3500.0,İzmir,Ödemiş
KARNABAHAR,2020,150.0,525.0,Fall,6.2,2226.67,3.43,3500.0,İzmir,Ödemiş
KARNABAHAR,2021,11000.0,19250.0,Winter,6.71,6709.0,2.03,1750.0,İzmir,Bayındır
KARNABAHAR,2021,11000.0,19250.0,Spring,6.69,6709.0,2.68,1750.0,İzmir,Bayındır
KARNABAHAR,2021,11000.0,19250.0,Summer,7.34,6709.0,3.24,1750.0,İzmir,Bayındır
KARNABAHAR,2021,11000.0,19250.0,Fall,7.99,6709.0,4.17,1750.0,İzmir,Bayındır
KARNABAHAR,2021,20.0,32.0,Winter,6.71,6709.0,2.03,1600.0,İzmir,Bergama
KARNABAHAR,2021,20.0,32.0,Spring,6.69,6709.0,2.68,1600.0,İzmir,Bergama
KARNABAHAR,2021,20.0,32.0,Summer,7.34,6709.0,3.24,1600.0,İzmir,Bergama
KARNABAHAR,2021,20.0,32.0,Fall,7.99,6709.0,4.17,1600.0,İzmir,Bergama
KARNABAHAR,2021,70.0,140.0,Winter,6.71,6709.0,2.03,2000.0,İzmir,Menderes
KARNABAHAR,2021,70.0,140.0,Spring,6.69,6709.0,2.68,2000.0,İzmir,Menderes
KARNABAHAR,2021,70.0,140.0,Summer,7.34,6709.0,3.24,2000.0,İzmir,Menderes
KARNABAHAR,2021,70.0,140.0,Fall,7.99,6709.0,4.17,2000.0,İzmir,Menderes
KARNABAHAR,2021,4955.0,14865.0,Winter,6.71,6709.0,2.03,3000.0,İzmir,Tire
KARNABAHAR,2021,4955.0,14865.0,Spring,6.69,6709.0,2.68,3000.0,İzmir,Tire
KARNABAHAR,2021,4955.0,14865.0,Summer,7.34,6709.0,3.24,3000.0,İzmir,Tire
KARNABAHAR,2021,4955.0,14865.0,Fall,7.99,6709.0,4.17,3000.0,İzmir,Tire
KARNABAHAR,2021,3860.0,12545.0,Winter,6.71,6709.0,2.03,3250.0,İzmir,Torbalı
KARNABAHAR,2021,3860.0,12545.0,Spring,6.69,6709.0,2.68,3250.0,İzmir,Torbalı
KARNABAHAR,2021,3860.0,12545.0,Summer,7.34,6709.0,3.24,3250.0,İzmir,Torbalı
KARNABAHAR,2021,3860.0,12545.0,Fall,7.99,6709.0,4.17,3250.0,İzmir,Torbalı
KARNABAHAR,2021,500.0,2250.0,Winter,6.71,6709.0,2.03,4500.0,İzmir,Ödemiş
KARNABAHAR,2021,500.0,2250.0,Spring,6.69,6709.0,2.68,4500.0,İzmir,Ödemiş
KARNABAHAR,2021,500.0,2250.0,Summer,7.34,6709.0,3.24,4500.0,İzmir,Ödemiş
KARNABAHAR,2021,500.0,2250.0,Fall,7.99,6709.0,4.17,4500.0,İzmir,Ödemiş
KARNABAHAR,2022,12500.0,21875.0,Winter,13.29,15353.33,3.47,1750.0,İzmir,Bayındır
KARNABAHAR,2022,12500.0,21875.0,Spring,21.62,15353.33,6.65,1750.0,İzmir,Bayındır
KARNABAHAR,2022,12500.0,21875.0,Summer,26.18,15353.33,9.29,1750.0,İzmir,Bayındır
KARNABAHAR,2022,12500.0,21875.0,Fall,25.49,15353.33,8.76,1750.0,İzmir,Bayındır
KARNABAHAR,2022,70.0,112.0,Winter,13.29,15353.33,3.47,1600.0,İzmir,Bergama
KARNABAHAR,2022,70.0,112.0,Spring,21.62,15353.33,6.65,1600.0,İzmir,Bergama
KARNABAHAR,2022,70.0,112.0,Summer,26.18,15353.33,9.29,1600.0,İzmir,Bergama
KARNABAHAR,2022,70.0,112.0,Fall,25.49,15353.33,8.76,1600.0,İzmir,Bergama
KARNABAHAR,2022,70.0,140.0,Winter,13.29,15353.33,3.47,2000.0,İzmir,Menderes
KARNABAHAR,2022,70.0,140.0,Spring,21.62,15353.33,6.65,2000.0,İzmir,Menderes
KARNABAHAR,2022,70.0,140.0,Summer,26.18,15353.33,9.29,2000.0,İzmir,Menderes
KARNABAHAR,2022,70.0,140.0,Fall,25.49,15353.33,8.76,2000.0,İzmir,Menderes
KARNABAHAR,2022,5000.0,15000.0,Winter,13.29,15353.33,3.47,3000.0,İzmir,Tire
KARNABAHAR,2022,5000.0,15000.0,Spring,21.62,15353.33,6.65,3000.0,İzmir,Tire
KARNABAHAR,2022,5000.0,15000.0,Summer,26.18,15353.33,9.29,3000.0,İzmir,Tire
KARNABAHAR,2022,5000.0,15000.0,Fall,25.49,15353.33,8.76,3000.0,İzmir,Tire
KARNABAHAR,2022,2895.0,10133.0,Winter,13.29,15353.33,3.47,3500.1727115716753,İzmir,Torbalı
KARNABAHAR,2022,2895.0,10133.0,Spring,21.62,15353.33,6.65,3500.1727115716753,İzmir,Torbalı
KARNABAHAR,2022,2895.0,10133.0,Summer,26.18,15353.33,9.29,3500.1727115716753,İzmir,Torbalı
KARNABAHAR,2022,2895.0,10133.0,Fall,25.49,15353.33,8.76,3500.1727115716753,İzmir,Torbalı
KARNABAHAR,2022,150.0,675.0,Winter,13.29,15353.33,3.47,4500.0,İzmir,Ödemiş
KARNABAHAR,2022,150.0,675.0,Spring,21.62,15353.33,6.65,4500.0,İzmir,Ödemiş
KARNABAHAR,2022,150.0,675.0,Summer,26.18,15353.33,9.29,4500.0,İzmir,Ödemiş
KARNABAHAR,2022,150.0,675.0,Fall,25.49,15353.33,8.76,4500.0,İzmir,Ödemiş
KARNABAHAR,2023,12000.0,21000.0,Winter,22.27,10488.0,7.38,1750.0,İzmir,Bayındır
KARNABAHAR,2023,12000.0,21000.0,Spring,20.55,10488.0,8.78,1750.0,İzmir,Bayındır
KARNABAHAR,2023,12000.0,21000.0,Summer,30.3,10488.0,21.91,1750.0,İzmir,Bayındır
KARNABAHAR,2023,12000.0,21000.0,Fall,39.39,10488.0,19.36,1750.0,İzmir,Bayındır
KARNABAHAR,2023,43.0,69.0,Winter,22.27,10488.0,7.38,1604.6511627906978,İzmir,Bergama
KARNABAHAR,2023,43.0,69.0,Spring,20.55,10488.0,8.78,1604.6511627906978,İzmir,Bergama
KARNABAHAR,2023,43.0,69.0,Summer,30.3,10488.0,21.91,1604.6511627906978,İzmir,Bergama
KARNABAHAR,2023,43.0,69.0,Fall,39.39,10488.0,19.36,1604.6511627906978,İzmir,Bergama
KARNABAHAR,2023,70.0,140.0,Winter,22.27,10488.0,7.38,2000.0,İzmir,Menderes
KARNABAHAR,2023,70.0,140.0,Spring,20.55,10488.0,8.78,2000.0,İzmir,Menderes
KARNABAHAR,2023,70.0,140.0,Summer,30.3,10488.0,21.91,2000.0,İzmir,Menderes
KARNABAHAR,2023,70.0,140.0,Fall,39.39,10488.0,19.36,2000.0,İzmir,Menderes
KARNABAHAR,2023,4500.0,13500.0,Winter,22.27,10488.0,7.38,3000.0,İzmir,Tire
KARNABAHAR,2023,4500.0,13500.0,Spring,20.55,10488.0,8.78,3000.0,İzmir,Tire
KARNABAHAR,2023,4500.0,13500.0,Summer,30.3,10488.0,21.91,3000.0,İzmir,Tire
KARNABAHAR,2023,4500.0,13500.0,Fall,39.39,10488.0,19.36,3000.0,İzmir,Tire
KARNABAHAR,2023,2850.0,8550.0,Winter,22.27,10488.0,7.38,3000.0,İzmir,Torbalı
KARNABAHAR,2023,2850.0,8550.0,Spring,20.55,10488.0,8.78,3000.0,İzmir,Torbalı
KARNABAHAR,2023,2850.0,8550.0,Summer,30.3,10488.0,21.91,3000.0,İzmir,Torbalı
KARNABAHAR,2023,2850.0,8550.0,Fall,39.39,10488.0,19.36,3000.0,İzmir,Torbalı
KARNABAHAR,2023,1000.0,4500.0,Winter,22.27,10488.0,7.38,4500.0,İzmir,Ödemiş
KARNABAHAR,2023,1000.0,4500.0,Spring,20.55,10488.0,8.78,4500.0,İzmir,Ödemiş
KARNABAHAR,2023,1000.0,4500.0,Summer,30.3,10488.0,21.91,4500.0,İzmir,Ödemiş
KARNABAHAR,2023,1000.0,4500.0,Fall,39.39,10488.0,19.36,4500.0,İzmir,Ödemiş
KARNABAHAR,2024,15300.0,26775.0,Winter,40.18,11266.67,18.17,1750.0,İzmir,Bayındır
KARNABAHAR,2024,15300.0,26775.0,Spring,42.39,11266.67,18.13,1750.0,İzmir,Bayındır
KARNABAHAR,2024,15300.0,26775.0,Summer,44.12,11266.67,27.44,1750.0,İzmir,Bayındır
KARNABAHAR,2024,15300.0,26775.0,Fall,43.82,11266.67,28.43,1750.0,İzmir,Bayındır
KARNABAHAR,2024,243.0,389.0,Winter,40.18,11266.67,18.17,1600.8230452674898,İzmir,Bergama
KARNABAHAR,2024,243.0,389.0,Spring,42.39,11266.67,18.13,1600.8230452674898,İzmir,Bergama
KARNABAHAR,2024,243.0,389.0,Summer,44.12,11266.67,27.44,1600.8230452674898,İzmir,Bergama
KARNABAHAR,2024,243.0,389.0,Fall,43.82,11266.67,28.43,1600.8230452674898,İzmir,Bergama
KARNABAHAR,2024,70.0,140.0,Winter,40.18,11266.67,18.17,2000.0,İzmir,Menderes
KARNABAHAR,2024,70.0,140.0,Spring,42.39,11266.67,18.13,2000.0,İzmir,Menderes
KARNABAHAR,2024,70.0,140.0,Summer,44.12,11266.67,27.44,2000.0,İzmir,Menderes
KARNABAHAR,2024,70.0,140.0,Fall,43.82,11266.67,28.43,2000.0,İzmir,Menderes
KARNABAHAR,2024,6150.0,18450.0,Winter,40.18,11266.67,18.17,3000.0,İzmir,Tire
KARNABAHAR,2024,6150.0,18450.0,Spring,42.39,11266.67,18.13,3000.0,İzmir,Tire
KARNABAHAR,2024,6150.0,18450.0,Summer,44.12,11266.67,27.44,3000.0,İzmir,Tire
KARNABAHAR,2024,6150.0,18450.0,Fall,43.82,11266.67,28.43,3000.0,İzmir,Tire
KARNABAHAR,2024,3850.0,11550.0,Winter,40.18,11266.67,18.17,3000.0,İzmir,Torbalı
KARNABAHAR,2024,3850.0,11550.0,Spring,42.39,11266.67,18.13,3000.0,İzmir,Torbalı
KARNABAHAR,2024,3850.0,11550.0,Summer,44.12,11266.67,27.44,3000.0,İzmir,Torbalı
KARNABAHAR,2024,3850.0,11550.0,Fall,43.82,11266.67,28.43,3000.0,İzmir,Torbalı
KARNABAHAR,2024,750.0,3000.0,Winter,40.18,11266.67,18.17,4000.0,İzmir,Ödemiş
KARNABAHAR,2024,750.0,3000.0,Spring,42.39,11266.67,18.13,4000.0,İzmir,Ödemiş
KARNABAHAR,2024,750.0,3000.0,Summer,44.12,11266.67,27.44,4000.0,İzmir,Ödemiş
KARNABAHAR,2024,750.0,3000.0,Fall,43.82,11266.67,28.43,4000.0,İzmir,Ödemiş
KARNABAHAR,2025,16886.0,52817.0,Winter,46.61,14550.0,33.1,3127.857396659955,İzmir,Bayındır
KARNABAHAR,2025,16886.0,52817.0,Spring,46.68,14550.0,27.92,3127.857396659955,İzmir,Bayındır
KARNABAHAR,2025,16886.0,52817.0,Summer,52.69,14550.0,33.38,3127.857396659955,İzmir,Bayındır
KARNABAHAR,2025,16886.0,52817.0,Fall,56.39,14550.0,36.71,3127.857396659955,İzmir,Bayındır
KARNABAHAR,2025,856.0,1429.0,Winter,46.61,14550.0,33.1,1669.392523364486,İzmir,Bergama
KARNABAHAR,2025,856.0,1429.0,Spring,46.68,14550.0,27.92,1669.392523364486,İzmir,Bergama
KARNABAHAR,2025,856.0,1429.0,Summer,52.69,14550.0,33.38,1669.392523364486,İzmir,Bergama
KARNABAHAR,2025,856.0,1429.0,Fall,56.39,14550.0,36.71,1669.392523364486,İzmir,Bergama
KARNABAHAR,2025,100.0,209.0,Winter,46.61,14550.0,33.1,2090.0,İzmir,Menderes
KARNABAHAR,2025,100.0,209.0,Spring,46.68,14550.0,27.92,2090.0,İzmir,Menderes
KARNABAHAR,2025,100.0,209.0,Summer,52.69,14550.0,33.38,2090.0,İzmir,Menderes
KARNABAHAR,2025,100.0,209.0,Fall,56.39,14550.0,36.71,2090.0,İzmir,Menderes
KARNABAHAR,2025,6000.0,25036.0,Winter,46.61,14550.0,33.1,4172.666666666667,İzmir,Tire
KARNABAHAR,2025,6000.0,25036.0,Spring,46.68,14550.0,27.92,4172.666666666667,İzmir,Tire
KARNABAHAR,2025,6000.0,25036.0,Summer,52.69,14550.0,33.38,4172.666666666667,İzmir,Tire
KARNABAHAR,2025,6000.0,25036.0,Fall,56.39,14550.0,36.71,4172.666666666667,İzmir,Tire
KARNABAHAR,2025,5270.0,21991.0,Winter,46.61,14550.0,33.1,4172.865275142315,İzmir,Torbalı
KARNABAHAR,2025,5270.0,21991.0,Spring,46.68,14550.0,27.92,4172.865275142315,İzmir,Torbalı
KARNABAHAR,2025,5270.0,21991.0,Summer,52.69,14550.0,33.38,4172.865275142315,İzmir,Torbalı
KARNABAHAR,2025,5270.0,21991.0,Fall,56.39,14550.0,36.71,4172.865275142315,İzmir,Torbalı
KARNABAHAR,2025,1000.0,4173.0,Winter,46.61,14550.0,33.1,4173.0,İzmir,Ödemiş
KARNABAHAR,2025,1000.0,4173.0,Spring,46.68,14550.0,27.92,4173.0,İzmir,Ödemiş
KARNABAHAR,2025,1000.0,4173.0,Summer,52.69,14550.0,33.38,4173.0,İzmir,Ödemiş
KARNABAHAR,2025,1000.0,4173.0,Fall,56.39,14550.0,36.71,4173.0,İzmir,Ödemiş
KARPUZ,2014,4000.0,20000.0,Winter,4.54,886.0,0.6499999999999999,5000.0,İzmir,Bayındır
KARPUZ,2014,4000.0,20000.0,Spring,4.58,886.0,1.17,5000.0,İzmir,Bayındır
KARPUZ,2014,4000.0,20000.0,Summer,4.38,886.0,0.38,5000.0,İzmir,Bayındır
KARPUZ,2014,4000.0,20000.0,Fall,4.24,886.0,0.4,5000.0,İzmir,Bayındır
KARPUZ,2014,1400.0,3080.0,Winter,4.54,886.0,0.6499999999999999,2200.0,İzmir,Bergama
KARPUZ,2014,1400.0,3080.0,Spring,4.58,886.0,1.17,2200.0,İzmir,Bergama
KARPUZ,2014,1400.0,3080.0,Summer,4.38,886.0,0.38,2200.0,İzmir,Bergama
KARPUZ,2014,1400.0,3080.0,Fall,4.24,886.0,0.4,2200.0,İzmir,Bergama
KARPUZ,2014,4860.0,19440.0,Winter,4.54,886.0,0.6499999999999999,4000.0,İzmir,Menderes
KARPUZ,2014,4860.0,19440.0,Spring,4.58,886.0,1.17,4000.0,İzmir,Menderes
KARPUZ,2014,4860.0,19440.0,Summer,4.38,886.0,0.38,4000.0,İzmir,Menderes
KARPUZ,2014,4860.0,19440.0,Fall,4.24,886.0,0.4,4000.0,İzmir,Menderes
KARPUZ,2014,14000.0,56000.0,Winter,4.54,886.0,0.6499999999999999,4000.0,İzmir,Tire
KARPUZ,2014,14000.0,56000.0,Spring,4.58,886.0,1.17,4000.0,İzmir,Tire
KARPUZ,2014,14000.0,56000.0,Summer,4.38,886.0,0.38,4000.0,İzmir,Tire
KARPUZ,2014,14000.0,56000.0,Fall,4.24,886.0,0.4,4000.0,İzmir,Tire
KARPUZ,2014,4500.0,19125.0,Winter,4.54,886.0,0.6499999999999999,4250.0,İzmir,Torbalı
KARPUZ,2014,4500.0,19125.0,Spring,4.58,886.0,1.17,4250.0,İzmir,Torbalı
KARPUZ,2014,4500.0,19125.0,Summer,4.38,886.0,0.38,4250.0,İzmir,Torbalı
KARPUZ,2014,4500.0,19125.0,Fall,4.24,886.0,0.4,4250.0,İzmir,Torbalı
KARPUZ,2014,15000.0,97500.0,Winter,4.54,886.0,0.6499999999999999,6500.0,İzmir,Ödemiş
KARPUZ,2014,15000.0,97500.0,Spring,4.58,886.0,1.17,6500.0,İzmir,Ödemiş
KARPUZ,2014,15000.0,97500.0,Summer,4.38,886.0,0.38,6500.0,İzmir,Ödemiş
KARPUZ,2014,15000.0,97500.0,Fall,4.24,886.0,0.4,6500.0,İzmir,Ödemiş
KARPUZ,2015,4000.0,20028.0,Winter,3.75,903.33,0.7666666666666667,5007.0,İzmir,Bayındır
KARPUZ,2015,4000.0,20028.0,Spring,3.93,903.33,1.45,5007.0,İzmir,Bayındır
KARPUZ,2015,4000.0,20028.0,Summer,3.9,903.33,0.34,5007.0,İzmir,Bayındır
KARPUZ,2015,4000.0,20028.0,Fall,3.84,903.33,0.51,5007.0,İzmir,Bayındır
KARPUZ,2015,1400.0,3084.0,Winter,3.75,903.33,0.7666666666666667,2202.8571428571427,İzmir,Bergama
KARPUZ,2015,1400.0,3084.0,Spring,3.93,903.33,1.45,2202.8571428571427,İzmir,Bergama
KARPUZ,2015,1400.0,3084.0,Summer,3.9,903.33,0.34,2202.8571428571427,İzmir,Bergama
KARPUZ,2015,1400.0,3084.0,Fall,3.84,903.33,0.51,2202.8571428571427,İzmir,Bergama
KARPUZ,2015,4860.0,19469.0,Winter,3.75,903.33,0.7666666666666667,4005.9670781893005,İzmir,Menderes
KARPUZ,2015,4860.0,19469.0,Spring,3.93,903.33,1.45,4005.9670781893005,İzmir,Menderes
KARPUZ,2015,4860.0,19469.0,Summer,3.9,903.33,0.34,4005.9670781893005,İzmir,Menderes
KARPUZ,2015,4860.0,19469.0,Fall,3.84,903.33,0.51,4005.9670781893005,İzmir,Menderes
KARPUZ,2015,13450.0,53881.0,Winter,3.75,903.33,0.7666666666666667,4006.022304832714,İzmir,Tire
KARPUZ,2015,13450.0,53881.0,Spring,3.93,903.33,1.45,4006.022304832714,İzmir,Tire
KARPUZ,2015,13450.0,53881.0,Summer,3.9,903.33,0.34,4006.022304832714,İzmir,Tire
KARPUZ,2015,13450.0,53881.0,Fall,3.84,903.33,0.51,4006.022304832714,İzmir,Tire
KARPUZ,2015,2240.0,10096.0,Winter,3.75,903.33,0.7666666666666667,4507.142857142857,İzmir,Torbalı
KARPUZ,2015,2240.0,10096.0,Spring,3.93,903.33,1.45,4507.142857142857,İzmir,Torbalı
KARPUZ,2015,2240.0,10096.0,Summer,3.9,903.33,0.34,4507.142857142857,İzmir,Torbalı
KARPUZ,2015,2240.0,10096.0,Fall,3.84,903.33,0.51,4507.142857142857,İzmir,Torbalı
KARPUZ,2015,15000.0,97635.0,Winter,3.75,903.33,0.7666666666666667,6509.0,İzmir,Ödemiş
KARPUZ,2015,15000.0,97635.0,Spring,3.93,903.33,1.45,6509.0,İzmir,Ödemiş
KARPUZ,2015,15000.0,97635.0,Summer,3.9,903.33,0.34,6509.0,İzmir,Ödemiş
KARPUZ,2015,15000.0,97635.0,Fall,3.84,903.33,0.51,6509.0,İzmir,Ödemiş
KARPUZ,2016,4000.0,20000.0,Winter,3.48,822.67,2.25,5000.0,İzmir,Bayındır
KARPUZ,2016,4000.0,20000.0,Spring,3.63,822.67,1.48,5000.0,İzmir,Bayındır
KARPUZ,2016,4000.0,20000.0,Summer,3.79,822.67,0.56,5000.0,İzmir,Bayındır
KARPUZ,2016,4000.0,20000.0,Fall,4.13,822.67,0.43,5000.0,İzmir,Bayındır
KARPUZ,2016,1400.0,3080.0,Winter,3.48,822.67,2.25,2200.0,İzmir,Bergama
KARPUZ,2016,1400.0,3080.0,Spring,3.63,822.67,1.48,2200.0,İzmir,Bergama
KARPUZ,2016,1400.0,3080.0,Summer,3.79,822.67,0.56,2200.0,İzmir,Bergama
KARPUZ,2016,1400.0,3080.0,Fall,4.13,822.67,0.43,2200.0,İzmir,Bergama
KARPUZ,2016,4860.0,19440.0,Winter,3.48,822.67,2.25,4000.0,İzmir,Menderes
KARPUZ,2016,4860.0,19440.0,Spring,3.63,822.67,1.48,4000.0,İzmir,Menderes
KARPUZ,2016,4860.0,19440.0,Summer,3.79,822.67,0.56,4000.0,İzmir,Menderes
KARPUZ,2016,4860.0,19440.0,Fall,4.13,822.67,0.43,4000.0,İzmir,Menderes
KARPUZ,2016,13000.0,39000.0,Winter,3.48,822.67,2.25,3000.0,İzmir,Tire
KARPUZ,2016,13000.0,39000.0,Spring,3.63,822.67,1.48,3000.0,İzmir,Tire
KARPUZ,2016,13000.0,39000.0,Summer,3.79,822.67,0.56,3000.0,İzmir,Tire
KARPUZ,2016,13000.0,39000.0,Fall,4.13,822.67,0.43,3000.0,İzmir,Tire
KARPUZ,2016,1850.0,8325.0,Winter,3.48,822.67,2.25,4500.0,İzmir,Torbalı
KARPUZ,2016,1850.0,8325.0,Spring,3.63,822.67,1.48,4500.0,İzmir,Torbalı
KARPUZ,2016,1850.0,8325.0,Summer,3.79,822.67,0.56,4500.0,İzmir,Torbalı
KARPUZ,2016,1850.0,8325.0,Fall,4.13,822.67,0.43,4500.0,İzmir,Torbalı
KARPUZ,2016,15000.0,97500.0,Winter,3.48,822.67,2.25,6500.0,İzmir,Ödemiş
KARPUZ,2016,15000.0,97500.0,Spring,3.63,822.67,1.48,6500.0,İzmir,Ödemiş
KARPUZ,2016,15000.0,97500.0,Summer,3.79,822.67,0.56,6500.0,İzmir,Ödemiş
KARPUZ,2016,15000.0,97500.0,Fall,4.13,822.67,0.43,6500.0,İzmir,Ödemiş
KARPUZ,2017,4000.0,20000.0,Winter,4.59,906.33,1.0866666666666667,5000.0,İzmir,Bayındır
KARPUZ,2017,4000.0,20000.0,Spring,4.55,906.33,2.26,5000.0,İzmir,Bayındır
KARPUZ,2017,4000.0,20000.0,Summer,4.48,906.33,0.52,5000.0,İzmir,Bayındır
KARPUZ,2017,4000.0,20000.0,Fall,4.83,906.33,0.48,5000.0,İzmir,Bayındır
KARPUZ,2017,1250.0,2750.0,Winter,4.59,906.33,1.0866666666666667,2200.0,İzmir,Bergama
KARPUZ,2017,1250.0,2750.0,Spring,4.55,906.33,2.26,2200.0,İzmir,Bergama
KARPUZ,2017,1250.0,2750.0,Summer,4.48,906.33,0.52,2200.0,İzmir,Bergama
KARPUZ,2017,1250.0,2750.0,Fall,4.83,906.33,0.48,2200.0,İzmir,Bergama
KARPUZ,2017,4660.0,18640.0,Winter,4.59,906.33,1.0866666666666667,4000.0,İzmir,Menderes
KARPUZ,2017,4660.0,18640.0,Spring,4.55,906.33,2.26,4000.0,İzmir,Menderes
KARPUZ,2017,4660.0,18640.0,Summer,4.48,906.33,0.52,4000.0,İzmir,Menderes
KARPUZ,2017,4660.0,18640.0,Fall,4.83,906.33,0.48,4000.0,İzmir,Menderes
KARPUZ,2017,13000.0,39000.0,Winter,4.59,906.33,1.0866666666666667,3000.0,İzmir,Tire
KARPUZ,2017,13000.0,39000.0,Spring,4.55,906.33,2.26,3000.0,İzmir,Tire
KARPUZ,2017,13000.0,39000.0,Summer,4.48,906.33,0.52,3000.0,İzmir,Tire
KARPUZ,2017,13000.0,39000.0,Fall,4.83,906.33,0.48,3000.0,İzmir,Tire
KARPUZ,2017,1160.0,5220.0,Winter,4.59,906.33,1.0866666666666667,4500.0,İzmir,Torbalı
KARPUZ,2017,1160.0,5220.0,Spring,4.55,906.33,2.26,4500.0,İzmir,Torbalı
KARPUZ,2017,1160.0,5220.0,Summer,4.48,906.33,0.52,4500.0,İzmir,Torbalı
KARPUZ,2017,1160.0,5220.0,Fall,4.83,906.33,0.48,4500.0,İzmir,Torbalı
KARPUZ,2017,15000.0,97500.0,Winter,4.59,906.33,1.0866666666666667,6500.0,İzmir,Ödemiş
KARPUZ,2017,15000.0,97500.0,Spring,4.55,906.33,2.26,6500.0,İzmir,Ödemiş
KARPUZ,2017,15000.0,97500.0,Summer,4.48,906.33,0.52,6500.0,İzmir,Ödemiş
KARPUZ,2017,15000.0,97500.0,Fall,4.83,906.33,0.48,6500.0,İzmir,Ödemiş
KARPUZ,2018,4000.0,20000.0,Winter,5.11,1217.33,2.94,5000.0,İzmir,Bayındır
KARPUZ,2018,4000.0,20000.0,Spring,5.46,1217.33,1.93,5000.0,İzmir,Bayındır
KARPUZ,2018,4000.0,20000.0,Summer,5.81,1217.33,0.71,5000.0,İzmir,Bayındır
KARPUZ,2018,4000.0,20000.0,Fall,6.34,1217.33,1.41,5000.0,İzmir,Bayındır
KARPUZ,2018,1250.0,2750.0,Winter,5.11,1217.33,2.94,2200.0,İzmir,Bergama
KARPUZ,2018,1250.0,2750.0,Spring,5.46,1217.33,1.93,2200.0,İzmir,Bergama
KARPUZ,2018,1250.0,2750.0,Summer,5.81,1217.33,0.71,2200.0,İzmir,Bergama
KARPUZ,2018,1250.0,2750.0,Fall,6.34,1217.33,1.41,2200.0,İzmir,Bergama
KARPUZ,2018,4660.0,18640.0,Winter,5.11,1217.33,2.94,4000.0,İzmir,Menderes
KARPUZ,2018,4660.0,18640.0,Spring,5.46,1217.33,1.93,4000.0,İzmir,Menderes
KARPUZ,2018,4660.0,18640.0,Summer,5.81,1217.33,0.71,4000.0,İzmir,Menderes
KARPUZ,2018,4660.0,18640.0,Fall,6.34,1217.33,1.41,4000.0,İzmir,Menderes
KARPUZ,2018,5000.0,15000.0,Winter,5.11,1217.33,2.94,3000.0,İzmir,Tire
KARPUZ,2018,5000.0,15000.0,Spring,5.46,1217.33,1.93,3000.0,İzmir,Tire
KARPUZ,2018,5000.0,15000.0,Summer,5.81,1217.33,0.71,3000.0,İzmir,Tire
KARPUZ,2018,5000.0,15000.0,Fall,6.34,1217.33,1.41,3000.0,İzmir,Tire
KARPUZ,2018,1130.0,5085.0,Winter,5.11,1217.33,2.94,4500.0,İzmir,Torbalı
KARPUZ,2018,1130.0,5085.0,Spring,5.46,1217.33,1.93,4500.0,İzmir,Torbalı
KARPUZ,2018,1130.0,5085.0,Summer,5.81,1217.33,0.71,4500.0,İzmir,Torbalı
KARPUZ,2018,1130.0,5085.0,Fall,6.34,1217.33,1.41,4500.0,İzmir,Torbalı
KARPUZ,2018,12000.0,78000.0,Winter,5.11,1217.33,2.94,6500.0,İzmir,Ödemiş
KARPUZ,2018,12000.0,78000.0,Spring,5.46,1217.33,1.93,6500.0,İzmir,Ödemiş
KARPUZ,2018,12000.0,78000.0,Summer,5.81,1217.33,0.71,6500.0,İzmir,Ödemiş
KARPUZ,2018,12000.0,78000.0,Fall,6.34,1217.33,1.41,6500.0,İzmir,Ödemiş
KARPUZ,2019,2200.0,11000.0,Winter,6.0,1486.33,2.9,5000.0,İzmir,Bayındır
KARPUZ,2019,2200.0,11000.0,Spring,6.44,1486.33,2.72,5000.0,İzmir,Bayındır
KARPUZ,2019,2200.0,11000.0,Summer,6.38,1486.33,0.76,5000.0,İzmir,Bayındır
KARPUZ,2019,2200.0,11000.0,Fall,6.53,1486.33,0.67,5000.0,İzmir,Bayındır
KARPUZ,2019,1250.0,2750.0,Winter,6.0,1486.33,2.9,2200.0,İzmir,Bergama
KARPUZ,2019,1250.0,2750.0,Spring,6.44,1486.33,2.72,2200.0,İzmir,Bergama
KARPUZ,2019,1250.0,2750.0,Summer,6.38,1486.33,0.76,2200.0,İzmir,Bergama
KARPUZ,2019,1250.0,2750.0,Fall,6.53,1486.33,0.67,2200.0,İzmir,Bergama
KARPUZ,2019,4660.0,18640.0,Winter,6.0,1486.33,2.9,4000.0,İzmir,Menderes
KARPUZ,2019,4660.0,18640.0,Spring,6.44,1486.33,2.72,4000.0,İzmir,Menderes
KARPUZ,2019,4660.0,18640.0,Summer,6.38,1486.33,0.76,4000.0,İzmir,Menderes
KARPUZ,2019,4660.0,18640.0,Fall,6.53,1486.33,0.67,4000.0,İzmir,Menderes
KARPUZ,2019,4750.0,14250.0,Winter,6.0,1486.33,2.9,3000.0,İzmir,Tire
KARPUZ,2019,4750.0,14250.0,Spring,6.44,1486.33,2.72,3000.0,İzmir,Tire
KARPUZ,2019,4750.0,14250.0,Summer,6.38,1486.33,0.76,3000.0,İzmir,Tire
KARPUZ,2019,4750.0,14250.0,Fall,6.53,1486.33,0.67,3000.0,İzmir,Tire
KARPUZ,2019,930.0,4092.0,Winter,6.0,1486.33,2.9,4400.0,İzmir,Torbalı
KARPUZ,2019,930.0,4092.0,Spring,6.44,1486.33,2.72,4400.0,İzmir,Torbalı
KARPUZ,2019,930.0,4092.0,Summer,6.38,1486.33,0.76,4400.0,İzmir,Torbalı
KARPUZ,2019,930.0,4092.0,Fall,6.53,1486.33,0.67,4400.0,İzmir,Torbalı
KARPUZ,2019,11000.0,71500.0,Winter,6.0,1486.33,2.9,6500.0,İzmir,Ödemiş
KARPUZ,2019,11000.0,71500.0,Spring,6.44,1486.33,2.72,6500.0,İzmir,Ödemiş
KARPUZ,2019,11000.0,71500.0,Summer,6.38,1486.33,0.76,6500.0,İzmir,Ödemiş
KARPUZ,2019,11000.0,71500.0,Fall,6.53,1486.33,0.67,6500.0,İzmir,Ödemiş
KARPUZ,2020,1450.0,6525.0,Winter,6.57,2226.67,2.1933333333333334,4500.0,İzmir,Bayındır
KARPUZ,2020,1450.0,6525.0,Spring,5.51,2226.67,4.39,4500.0,İzmir,Bayındır
KARPUZ,2020,1450.0,6525.0,Summer,5.98,2226.67,0.99,4500.0,İzmir,Bayındır
KARPUZ,2020,1450.0,6525.0,Fall,6.2,2226.67,1.2,4500.0,İzmir,Bayındır
KARPUZ,2020,1250.0,2750.0,Winter,6.57,2226.67,2.1933333333333334,2200.0,İzmir,Bergama
KARPUZ,2020,1250.0,2750.0,Spring,5.51,2226.67,4.39,2200.0,İzmir,Bergama
KARPUZ,2020,1250.0,2750.0,Summer,5.98,2226.67,0.99,2200.0,İzmir,Bergama
KARPUZ,2020,1250.0,2750.0,Fall,6.2,2226.67,1.2,2200.0,İzmir,Bergama
KARPUZ,2020,1200.0,4800.0,Winter,6.57,2226.67,2.1933333333333334,4000.0,İzmir,Menderes
KARPUZ,2020,1200.0,4800.0,Spring,5.51,2226.67,4.39,4000.0,İzmir,Menderes
KARPUZ,2020,1200.0,4800.0,Summer,5.98,2226.67,0.99,4000.0,İzmir,Menderes
KARPUZ,2020,1200.0,4800.0,Fall,6.2,2226.67,1.2,4000.0,İzmir,Menderes
KARPUZ,2020,850.0,2550.0,Winter,6.57,2226.67,2.1933333333333334,3000.0,İzmir,Tire
KARPUZ,2020,850.0,2550.0,Spring,5.51,2226.67,4.39,3000.0,İzmir,Tire
KARPUZ,2020,850.0,2550.0,Summer,5.98,2226.67,0.99,3000.0,İzmir,Tire
KARPUZ,2020,850.0,2550.0,Fall,6.2,2226.67,1.2,3000.0,İzmir,Tire
KARPUZ,2020,1130.0,4803.0,Winter,6.57,2226.67,2.1933333333333334,4250.442477876106,İzmir,Torbalı
KARPUZ,2020,1130.0,4803.0,Spring,5.51,2226.67,4.39,4250.442477876106,İzmir,Torbalı
KARPUZ,2020,1130.0,4803.0,Summer,5.98,2226.67,0.99,4250.442477876106,İzmir,Torbalı
KARPUZ,2020,1130.0,4803.0,Fall,6.2,2226.67,1.2,4250.442477876106,İzmir,Torbalı
KARPUZ,2020,2000.0,9000.0,Winter,6.57,2226.67,2.1933333333333334,4500.0,İzmir,Ödemiş
KARPUZ,2020,2000.0,9000.0,Spring,5.51,2226.67,4.39,4500.0,İzmir,Ödemiş
KARPUZ,2020,2000.0,9000.0,Summer,5.98,2226.67,0.99,4500.0,İzmir,Ödemiş
KARPUZ,2020,2000.0,9000.0,Fall,6.2,2226.67,1.2,4500.0,İzmir,Ödemiş
KARPUZ,2021,1408.0,6336.0,Winter,6.71,6709.0,2.24,4500.0,İzmir,Bayındır
KARPUZ,2021,1408.0,6336.0,Spring,6.69,6709.0,4.35,4500.0,İzmir,Bayındır
KARPUZ,2021,1408.0,6336.0,Summer,7.34,6709.0,1.14,4500.0,İzmir,Bayındır
KARPUZ,2021,1408.0,6336.0,Fall,7.99,6709.0,1.23,4500.0,İzmir,Bayındır
KARPUZ,2021,214.0,471.0,Winter,6.71,6709.0,2.24,2200.9345794392525,İzmir,Bergama
KARPUZ,2021,214.0,471.0,Spring,6.69,6709.0,4.35,2200.9345794392525,İzmir,Bergama
KARPUZ,2021,214.0,471.0,Summer,7.34,6709.0,1.14,2200.9345794392525,İzmir,Bergama
KARPUZ,2021,214.0,471.0,Fall,7.99,6709.0,1.23,2200.9345794392525,İzmir,Bergama
KARPUZ,2021,1103.0,4412.0,Winter,6.71,6709.0,2.24,4000.0,İzmir,Menderes
KARPUZ,2021,1103.0,4412.0,Spring,6.69,6709.0,4.35,4000.0,İzmir,Menderes
KARPUZ,2021,1103.0,4412.0,Summer,7.34,6709.0,1.14,4000.0,İzmir,Menderes
KARPUZ,2021,1103.0,4412.0,Fall,7.99,6709.0,1.23,4000.0,İzmir,Menderes
KARPUZ,2021,773.0,2319.0,Winter,6.71,6709.0,2.24,3000.0,İzmir,Tire
KARPUZ,2021,773.0,2319.0,Spring,6.69,6709.0,4.35,3000.0,İzmir,Tire
KARPUZ,2021,773.0,2319.0,Summer,7.34,6709.0,1.14,3000.0,İzmir,Tire
KARPUZ,2021,773.0,2319.0,Fall,7.99,6709.0,1.23,3000.0,İzmir,Tire
KARPUZ,2021,1250.0,5313.0,Winter,6.71,6709.0,2.24,4250.4,İzmir,Torbalı
KARPUZ,2021,1250.0,5313.0,Spring,6.69,6709.0,4.35,4250.4,İzmir,Torbalı
KARPUZ,2021,1250.0,5313.0,Summer,7.34,6709.0,1.14,4250.4,İzmir,Torbalı
KARPUZ,2021,1250.0,5313.0,Fall,7.99,6709.0,1.23,4250.4,İzmir,Torbalı
KARPUZ,2021,2500.0,11250.0,Winter,6.71,6709.0,2.24,4500.0,İzmir,Ödemiş
KARPUZ,2021,2500.0,11250.0,Spring,6.69,6709.0,4.35,4500.0,İzmir,Ödemiş
KARPUZ,2021,2500.0,11250.0,Summer,7.34,6709.0,1.14,4500.0,İzmir,Ödemiş
KARPUZ,2021,2500.0,11250.0,Fall,7.99,6709.0,1.23,4500.0,İzmir,Ödemiş
KARPUZ,2022,1450.0,6525.0,Winter,13.29,15353.33,3.92,4500.0,İzmir,Bayındır
KARPUZ,2022,1450.0,6525.0,Spring,21.62,15353.33,8.41,4500.0,İzmir,Bayındır
KARPUZ,2022,1450.0,6525.0,Summer,26.18,15353.33,3.61,4500.0,İzmir,Bayındır
KARPUZ,2022,1450.0,6525.0,Fall,25.49,15353.33,3.44,4500.0,İzmir,Bayındır
KARPUZ,2022,99.0,218.0,Winter,13.29,15353.33,3.92,2202.020202020202,İzmir,Bergama
KARPUZ,2022,99.0,218.0,Spring,21.62,15353.33,8.41,2202.020202020202,İzmir,Bergama
KARPUZ,2022,99.0,218.0,Summer,26.18,15353.33,3.61,2202.020202020202,İzmir,Bergama
KARPUZ,2022,99.0,218.0,Fall,25.49,15353.33,3.44,2202.020202020202,İzmir,Bergama
KARPUZ,2022,1103.0,4412.0,Winter,13.29,15353.33,3.92,4000.0,İzmir,Menderes
KARPUZ,2022,1103.0,4412.0,Spring,21.62,15353.33,8.41,4000.0,İzmir,Menderes
KARPUZ,2022,1103.0,4412.0,Summer,26.18,15353.33,3.61,4000.0,İzmir,Menderes
KARPUZ,2022,1103.0,4412.0,Fall,25.49,15353.33,3.44,4000.0,İzmir,Menderes
KARPUZ,2022,1155.0,3465.0,Winter,13.29,15353.33,3.92,3000.0,İzmir,Tire
KARPUZ,2022,1155.0,3465.0,Spring,21.62,15353.33,8.41,3000.0,İzmir,Tire
KARPUZ,2022,1155.0,3465.0,Summer,26.18,15353.33,3.61,3000.0,İzmir,Tire
KARPUZ,2022,1155.0,3465.0,Fall,25.49,15353.33,3.44,3000.0,İzmir,Tire
KARPUZ,2022,1200.0,5400.0,Winter,13.29,15353.33,3.92,4500.0,İzmir,Torbalı
KARPUZ,2022,1200.0,5400.0,Spring,21.62,15353.33,8.41,4500.0,İzmir,Torbalı
KARPUZ,2022,1200.0,5400.0,Summer,26.18,15353.33,3.61,4500.0,İzmir,Torbalı
KARPUZ,2022,1200.0,5400.0,Fall,25.49,15353.33,3.44,4500.0,İzmir,Torbalı
KARPUZ,2022,5000.0,22500.0,Winter,13.29,15353.33,3.92,4500.0,İzmir,Ödemiş
KARPUZ,2022,5000.0,22500.0,Spring,21.62,15353.33,8.41,4500.0,İzmir,Ödemiş
KARPUZ,2022,5000.0,22500.0,Summer,26.18,15353.33,3.61,4500.0,İzmir,Ödemiş
KARPUZ,2022,5000.0,22500.0,Fall,25.49,15353.33,3.44,4500.0,İzmir,Ödemiş
KARPUZ,2023,1500.0,6750.0,Winter,22.27,10488.0,13.21,4500.0,İzmir,Bayındır
KARPUZ,2023,1500.0,6750.0,Spring,20.55,10488.0,13.69,4500.0,İzmir,Bayındır
KARPUZ,2023,1500.0,6750.0,Summer,30.3,10488.0,8.23,4500.0,İzmir,Bayındır
KARPUZ,2023,1500.0,6750.0,Fall,39.39,10488.0,7.96,4500.0,İzmir,Bayındır
KARPUZ,2023,57.0,126.0,Winter,22.27,10488.0,13.21,2210.5263157894738,İzmir,Bergama
KARPUZ,2023,57.0,126.0,Spring,20.55,10488.0,13.69,2210.5263157894738,İzmir,Bergama
KARPUZ,2023,57.0,126.0,Summer,30.3,10488.0,8.23,2210.5263157894738,İzmir,Bergama
KARPUZ,2023,57.0,126.0,Fall,39.39,10488.0,7.96,2210.5263157894738,İzmir,Bergama
KARPUZ,2023,1103.0,4412.0,Winter,22.27,10488.0,13.21,4000.0,İzmir,Menderes
KARPUZ,2023,1103.0,4412.0,Spring,20.55,10488.0,13.69,4000.0,İzmir,Menderes
KARPUZ,2023,1103.0,4412.0,Summer,30.3,10488.0,8.23,4000.0,İzmir,Menderes
KARPUZ,2023,1103.0,4412.0,Fall,39.39,10488.0,7.96,4000.0,İzmir,Menderes
KARPUZ,2023,1026.0,3078.0,Winter,22.27,10488.0,13.21,3000.0,İzmir,Tire
KARPUZ,2023,1026.0,3078.0,Spring,20.55,10488.0,13.69,3000.0,İzmir,Tire
KARPUZ,2023,1026.0,3078.0,Summer,30.3,10488.0,8.23,3000.0,İzmir,Tire
KARPUZ,2023,1026.0,3078.0,Fall,39.39,10488.0,7.96,3000.0,İzmir,Tire
KARPUZ,2023,1250.0,5000.0,Winter,22.27,10488.0,13.21,4000.0,İzmir,Torbalı
KARPUZ,2023,1250.0,5000.0,Spring,20.55,10488.0,13.69,4000.0,İzmir,Torbalı
KARPUZ,2023,1250.0,5000.0,Summer,30.3,10488.0,8.23,4000.0,İzmir,Torbalı
KARPUZ,2023,1250.0,5000.0,Fall,39.39,10488.0,7.96,4000.0,İzmir,Torbalı
KARPUZ,2023,2500.0,11250.0,Winter,22.27,10488.0,13.21,4500.0,İzmir,Ödemiş
KARPUZ,2023,2500.0,11250.0,Spring,20.55,10488.0,13.69,4500.0,İzmir,Ödemiş
KARPUZ,2023,2500.0,11250.0,Summer,30.3,10488.0,8.23,4500.0,İzmir,Ödemiş
KARPUZ,2023,2500.0,11250.0,Fall,39.39,10488.0,7.96,4500.0,İzmir,Ödemiş
KARPUZ,2024,1500.0,6750.0,Winter,40.18,11266.67,16.66,4500.0,İzmir,Bayındır
KARPUZ,2024,1500.0,6750.0,Spring,42.39,11266.67,20.39,4500.0,İzmir,Bayındır
KARPUZ,2024,1500.0,6750.0,Summer,44.12,11266.67,14.33,4500.0,İzmir,Bayındır
KARPUZ,2024,1500.0,6750.0,Fall,43.82,11266.67,13.77,4500.0,İzmir,Bayındır
KARPUZ,2024,201.0,443.0,Winter,40.18,11266.67,16.66,2203.9800995024875,İzmir,Bergama
KARPUZ,2024,201.0,443.0,Spring,42.39,11266.67,20.39,2203.9800995024875,İzmir,Bergama
KARPUZ,2024,201.0,443.0,Summer,44.12,11266.67,14.33,2203.9800995024875,İzmir,Bergama
KARPUZ,2024,201.0,443.0,Fall,43.82,11266.67,13.77,2203.9800995024875,İzmir,Bergama
KARPUZ,2024,1103.0,4412.0,Winter,40.18,11266.67,16.66,4000.0,İzmir,Menderes
KARPUZ,2024,1103.0,4412.0,Spring,42.39,11266.67,20.39,4000.0,İzmir,Menderes
KARPUZ,2024,1103.0,4412.0,Summer,44.12,11266.67,14.33,4000.0,İzmir,Menderes
KARPUZ,2024,1103.0,4412.0,Fall,43.82,11266.67,13.77,4000.0,İzmir,Menderes
KARPUZ,2024,1350.0,4050.0,Winter,40.18,11266.67,16.66,3000.0,İzmir,Tire
KARPUZ,2024,1350.0,4050.0,Spring,42.39,11266.67,20.39,3000.0,İzmir,Tire
KARPUZ,2024,1350.0,4050.0,Summer,44.12,11266.67,14.33,3000.0,İzmir,Tire
KARPUZ,2024,1350.0,4050.0,Fall,43.82,11266.67,13.77,3000.0,İzmir,Tire
KARPUZ,2024,1685.0,6740.0,Winter,40.18,11266.67,16.66,4000.0,İzmir,Torbalı
KARPUZ,2024,1685.0,6740.0,Spring,42.39,11266.67,20.39,4000.0,İzmir,Torbalı
KARPUZ,2024,1685.0,6740.0,Summer,44.12,11266.67,14.33,4000.0,İzmir,Torbalı
KARPUZ,2024,1685.0,6740.0,Fall,43.82,11266.67,13.77,4000.0,İzmir,Torbalı
KARPUZ,2024,2500.0,11250.0,Winter,40.18,11266.67,16.66,4500.0,İzmir,Ödemiş
KARPUZ,2024,2500.0,11250.0,Spring,42.39,11266.67,20.39,4500.0,İzmir,Ödemiş
KARPUZ,2024,2500.0,11250.0,Summer,44.12,11266.67,14.33,4500.0,İzmir,Ödemiş
KARPUZ,2024,2500.0,11250.0,Fall,43.82,11266.67,13.77,4500.0,İzmir,Ödemiş
KARPUZ,2025,2415.0,10868.0,Winter,46.61,14550.0,21.44,4500.207039337474,İzmir,Bayındır
KARPUZ,2025,2415.0,10868.0,Spring,46.68,14550.0,26.44,4500.207039337474,İzmir,Bayındır
KARPUZ,2025,2415.0,10868.0,Summer,52.69,14550.0,13.18,4500.207039337474,İzmir,Bayındır
KARPUZ,2025,2415.0,10868.0,Fall,56.39,14550.0,14.37,4500.207039337474,İzmir,Bayındır
KARPUZ,2025,222.0,489.0,Winter,46.61,14550.0,21.44,2202.7027027027025,İzmir,Bergama
KARPUZ,2025,222.0,489.0,Spring,46.68,14550.0,26.44,2202.7027027027025,İzmir,Bergama
KARPUZ,2025,222.0,489.0,Summer,52.69,14550.0,13.18,2202.7027027027025,İzmir,Bergama
KARPUZ,2025,222.0,489.0,Fall,56.39,14550.0,14.37,2202.7027027027025,İzmir,Bergama
KARPUZ,2025,1500.0,6000.0,Winter,46.61,14550.0,21.44,4000.0,İzmir,Menderes
KARPUZ,2025,1500.0,6000.0,Spring,46.68,14550.0,26.44,4000.0,İzmir,Menderes
KARPUZ,2025,1500.0,6000.0,Summer,52.69,14550.0,13.18,4000.0,İzmir,Menderes
KARPUZ,2025,1500.0,6000.0,Fall,56.39,14550.0,14.37,4000.0,İzmir,Menderes
KARPUZ,2025,2100.0,9450.0,Winter,46.61,14550.0,21.44,4500.0,İzmir,Tire
KARPUZ,2025,2100.0,9450.0,Spring,46.68,14550.0,26.44,4500.0,İzmir,Tire
KARPUZ,2025,2100.0,9450.0,Summer,52.69,14550.0,13.18,4500.0,İzmir,Tire
KARPUZ,2025,2100.0,9450.0,Fall,56.39,14550.0,14.37,4500.0,İzmir,Tire
KARPUZ,2025,2550.0,11475.0,Winter,46.61,14550.0,21.44,4500.0,İzmir,Torbalı
KARPUZ,2025,2550.0,11475.0,Spring,46.68,14550.0,26.44,4500.0,İzmir,Torbalı
KARPUZ,2025,2550.0,11475.0,Summer,52.69,14550.0,13.18,4500.0,İzmir,Torbalı
KARPUZ,2025,2550.0,11475.0,Fall,56.39,14550.0,14.37,4500.0,İzmir,Torbalı
KARPUZ,2025,2500.0,12500.0,Winter,46.61,14550.0,21.44,5000.0,İzmir,Ödemiş
KARPUZ,2025,2500.0,12500.0,Spring,46.68,14550.0,26.44,5000.0,İzmir,Ödemiş
KARPUZ,2025,2500.0,12500.0,Summer,52.69,14550.0,13.18,5000.0,İzmir,Ödemiş
KARPUZ,2025,2500.0,12500.0,Fall,56.39,14550.0,14.37,5000.0,İzmir,Ödemiş
LAHANA BEYAZ,2014,1300.0,4875.0,Winter,4.54,886.0,0.6,3750.0,İzmir,Bayındır
LAHANA BEYAZ,2014,1300.0,4875.0,Spring,4.58,886.0,0.52,3750.0,İzmir,Bayındır
LAHANA BEYAZ,2014,1300.0,4875.0,Summer,4.38,886.0,0.67,3750.0,İzmir,Bayındır
LAHANA BEYAZ,2014,1300.0,4875.0,Fall,4.24,886.0,0.68,3750.0,İzmir,Bayındır
LAHANA BEYAZ,2014,400.0,1200.0,Winter,4.54,886.0,0.6,3000.0,İzmir,Bergama
LAHANA BEYAZ,2014,400.0,1200.0,Spring,4.58,886.0,0.52,3000.0,İzmir,Bergama
LAHANA BEYAZ,2014,400.0,1200.0,Summer,4.38,886.0,0.67,3000.0,İzmir,Bergama
LAHANA BEYAZ,2014,400.0,1200.0,Fall,4.24,886.0,0.68,3000.0,İzmir,Bergama
LAHANA BEYAZ,2014,50.0,175.0,Winter,4.54,886.0,0.6,3500.0,İzmir,Menderes
LAHANA BEYAZ,2014,50.0,175.0,Spring,4.58,886.0,0.52,3500.0,İzmir,Menderes
LAHANA BEYAZ,2014,50.0,175.0,Summer,4.38,886.0,0.67,3500.0,İzmir,Menderes
LAHANA BEYAZ,2014,50.0,175.0,Fall,4.24,886.0,0.68,3500.0,İzmir,Menderes
LAHANA BEYAZ,2014,2000.0,6000.0,Winter,4.54,886.0,0.6,3000.0,İzmir,Tire
LAHANA BEYAZ,2014,2000.0,6000.0,Spring,4.58,886.0,0.52,3000.0,İzmir,Tire
LAHANA BEYAZ,2014,2000.0,6000.0,Summer,4.38,886.0,0.67,3000.0,İzmir,Tire
LAHANA BEYAZ,2014,2000.0,6000.0,Fall,4.24,886.0,0.68,3000.0,İzmir,Tire
LAHANA BEYAZ,2014,330.0,1238.0,Winter,4.54,886.0,0.6,3751.5151515151515,İzmir,Torbalı
LAHANA BEYAZ,2014,330.0,1238.0,Spring,4.58,886.0,0.52,3751.5151515151515,İzmir,Torbalı
LAHANA BEYAZ,2014,330.0,1238.0,Summer,4.38,886.0,0.67,3751.5151515151515,İzmir,Torbalı
LAHANA BEYAZ,2014,330.0,1238.0,Fall,4.24,886.0,0.68,3751.5151515151515,İzmir,Torbalı
LAHANA BEYAZ,2014,2000.0,8000.0,Winter,4.54,886.0,0.6,4000.0,İzmir,Ödemiş
LAHANA BEYAZ,2014,2000.0,8000.0,Spring,4.58,886.0,0.52,4000.0,İzmir,Ödemiş
LAHANA BEYAZ,2014,2000.0,8000.0,Summer,4.38,886.0,0.67,4000.0,İzmir,Ödemiş
LAHANA BEYAZ,2014,2000.0,8000.0,Fall,4.24,886.0,0.68,4000.0,İzmir,Ödemiş
LAHANA BEYAZ,2015,1000.0,3750.0,Winter,3.75,903.33,0.74,3750.0,İzmir,Bayındır
LAHANA BEYAZ,2015,1000.0,3750.0,Spring,3.93,903.33,1.58,3750.0,İzmir,Bayındır
LAHANA BEYAZ,2015,1000.0,3750.0,Summer,3.9,903.33,0.89,3750.0,İzmir,Bayındır
LAHANA BEYAZ,2015,1000.0,3750.0,Fall,3.84,903.33,0.78,3750.0,İzmir,Bayındır
LAHANA BEYAZ,2015,400.0,1200.0,Winter,3.75,903.33,0.74,3000.0,İzmir,Bergama
LAHANA BEYAZ,2015,400.0,1200.0,Spring,3.93,903.33,1.58,3000.0,İzmir,Bergama
LAHANA BEYAZ,2015,400.0,1200.0,Summer,3.9,903.33,0.89,3000.0,İzmir,Bergama
LAHANA BEYAZ,2015,400.0,1200.0,Fall,3.84,903.33,0.78,3000.0,İzmir,Bergama
LAHANA BEYAZ,2015,50.0,175.0,Winter,3.75,903.33,0.74,3500.0,İzmir,Menderes
LAHANA BEYAZ,2015,50.0,175.0,Spring,3.93,903.33,1.58,3500.0,İzmir,Menderes
LAHANA BEYAZ,2015,50.0,175.0,Summer,3.9,903.33,0.89,3500.0,İzmir,Menderes
LAHANA BEYAZ,2015,50.0,175.0,Fall,3.84,903.33,0.78,3500.0,İzmir,Menderes
LAHANA BEYAZ,2015,1950.0,5850.0,Winter,3.75,903.33,0.74,3000.0,İzmir,Tire
LAHANA BEYAZ,2015,1950.0,5850.0,Spring,3.93,903.33,1.58,3000.0,İzmir,Tire
LAHANA BEYAZ,2015,1950.0,5850.0,Summer,3.9,903.33,0.89,3000.0,İzmir,Tire
LAHANA BEYAZ,2015,1950.0,5850.0,Fall,3.84,903.33,0.78,3000.0,İzmir,Tire
LAHANA BEYAZ,2015,410.0,1538.0,Winter,3.75,903.33,0.74,3751.2195121951218,İzmir,Torbalı
LAHANA BEYAZ,2015,410.0,1538.0,Spring,3.93,903.33,1.58,3751.2195121951218,İzmir,Torbalı
LAHANA BEYAZ,2015,410.0,1538.0,Summer,3.9,903.33,0.89,3751.2195121951218,İzmir,Torbalı
LAHANA BEYAZ,2015,410.0,1538.0,Fall,3.84,903.33,0.78,3751.2195121951218,İzmir,Torbalı
LAHANA BEYAZ,2015,2000.0,8000.0,Winter,3.75,903.33,0.74,4000.0,İzmir,Ödemiş
LAHANA BEYAZ,2015,2000.0,8000.0,Spring,3.93,903.33,1.58,4000.0,İzmir,Ödemiş
LAHANA BEYAZ,2015,2000.0,8000.0,Summer,3.9,903.33,0.89,4000.0,İzmir,Ödemiş
LAHANA BEYAZ,2015,2000.0,8000.0,Fall,3.84,903.33,0.78,4000.0,İzmir,Ödemiş
LAHANA BEYAZ,2016,1200.0,4490.0,Winter,3.48,822.67,0.78,3741.6666666666665,İzmir,Bayındır
LAHANA BEYAZ,2016,1200.0,4490.0,Spring,3.63,822.67,0.71,3741.6666666666665,İzmir,Bayındır
LAHANA BEYAZ,2016,1200.0,4490.0,Summer,3.79,822.67,0.74,3741.6666666666665,İzmir,Bayındır
LAHANA BEYAZ,2016,1200.0,4490.0,Fall,4.13,822.67,0.79,3741.6666666666665,İzmir,Bayındır
LAHANA BEYAZ,2016,400.0,1197.0,Winter,3.48,822.67,0.78,2992.5,İzmir,Bergama
LAHANA BEYAZ,2016,400.0,1197.0,Spring,3.63,822.67,0.71,2992.5,İzmir,Bergama
LAHANA BEYAZ,2016,400.0,1197.0,Summer,3.79,822.67,0.74,2992.5,İzmir,Bergama
LAHANA BEYAZ,2016,400.0,1197.0,Fall,4.13,822.67,0.79,2992.5,İzmir,Bergama
LAHANA BEYAZ,2016,50.0,175.0,Winter,3.48,822.67,0.78,3500.0,İzmir,Menderes
LAHANA BEYAZ,2016,50.0,175.0,Spring,3.63,822.67,0.71,3500.0,İzmir,Menderes
LAHANA BEYAZ,2016,50.0,175.0,Summer,3.79,822.67,0.74,3500.0,İzmir,Menderes
LAHANA BEYAZ,2016,50.0,175.0,Fall,4.13,822.67,0.79,3500.0,İzmir,Menderes
LAHANA BEYAZ,2016,1950.0,5836.0,Winter,3.48,822.67,0.78,2992.8205128205127,İzmir,Tire
LAHANA BEYAZ,2016,1950.0,5836.0,Spring,3.63,822.67,0.71,2992.8205128205127,İzmir,Tire
LAHANA BEYAZ,2016,1950.0,5836.0,Summer,3.79,822.67,0.74,2992.8205128205127,İzmir,Tire
LAHANA BEYAZ,2016,1950.0,5836.0,Fall,4.13,822.67,0.79,2992.8205128205127,İzmir,Tire
LAHANA BEYAZ,2016,850.0,3392.0,Winter,3.48,822.67,0.78,3990.5882352941176,İzmir,Torbalı
LAHANA BEYAZ,2016,850.0,3392.0,Spring,3.63,822.67,0.71,3990.5882352941176,İzmir,Torbalı
LAHANA BEYAZ,2016,850.0,3392.0,Summer,3.79,822.67,0.74,3990.5882352941176,İzmir,Torbalı
LAHANA BEYAZ,2016,850.0,3392.0,Fall,4.13,822.67,0.79,3990.5882352941176,İzmir,Torbalı
LAHANA BEYAZ,2016,1750.0,6984.0,Winter,3.48,822.67,0.78,3990.8571428571427,İzmir,Ödemiş
LAHANA BEYAZ,2016,1750.0,6984.0,Spring,3.63,822.67,0.71,3990.8571428571427,İzmir,Ödemiş
LAHANA BEYAZ,2016,1750.0,6984.0,Summer,3.79,822.67,0.74,3990.8571428571427,İzmir,Ödemiş
LAHANA BEYAZ,2016,1750.0,6984.0,Fall,4.13,822.67,0.79,3990.8571428571427,İzmir,Ödemiş
LAHANA BEYAZ,2017,1200.0,4500.0,Winter,4.59,906.33,0.75,3750.0,İzmir,Bayındır
LAHANA BEYAZ,2017,1200.0,4500.0,Spring,4.55,906.33,0.85,3750.0,İzmir,Bayındır
LAHANA BEYAZ,2017,1200.0,4500.0,Summer,4.48,906.33,0.85,3750.0,İzmir,Bayındır
LAHANA BEYAZ,2017,1200.0,4500.0,Fall,4.83,906.33,0.96,3750.0,İzmir,Bayındır
LAHANA BEYAZ,2017,400.0,1200.0,Winter,4.59,906.33,0.75,3000.0,İzmir,Bergama
LAHANA BEYAZ,2017,400.0,1200.0,Spring,4.55,906.33,0.85,3000.0,İzmir,Bergama
LAHANA BEYAZ,2017,400.0,1200.0,Summer,4.48,906.33,0.85,3000.0,İzmir,Bergama
LAHANA BEYAZ,2017,400.0,1200.0,Fall,4.83,906.33,0.96,3000.0,İzmir,Bergama
LAHANA BEYAZ,2017,43.0,151.0,Winter,4.59,906.33,0.75,3511.6279069767443,İzmir,Menderes
LAHANA BEYAZ,2017,43.0,151.0,Spring,4.55,906.33,0.85,3511.6279069767443,İzmir,Menderes
LAHANA BEYAZ,2017,43.0,151.0,Summer,4.48,906.33,0.85,3511.6279069767443,İzmir,Menderes
LAHANA BEYAZ,2017,43.0,151.0,Fall,4.83,906.33,0.96,3511.6279069767443,İzmir,Menderes
LAHANA BEYAZ,2017,2000.0,6000.0,Winter,4.59,906.33,0.75,3000.0,İzmir,Tire
LAHANA BEYAZ,2017,2000.0,6000.0,Spring,4.55,906.33,0.85,3000.0,İzmir,Tire
LAHANA BEYAZ,2017,2000.0,6000.0,Summer,4.48,906.33,0.85,3000.0,İzmir,Tire
LAHANA BEYAZ,2017,2000.0,6000.0,Fall,4.83,906.33,0.96,3000.0,İzmir,Tire
LAHANA BEYAZ,2017,920.0,3680.0,Winter,4.59,906.33,0.75,4000.0,İzmir,Torbalı
LAHANA BEYAZ,2017,920.0,3680.0,Spring,4.55,906.33,0.85,4000.0,İzmir,Torbalı
LAHANA BEYAZ,2017,920.0,3680.0,Summer,4.48,906.33,0.85,4000.0,İzmir,Torbalı
LAHANA BEYAZ,2017,920.0,3680.0,Fall,4.83,906.33,0.96,4000.0,İzmir,Torbalı
LAHANA BEYAZ,2017,1750.0,7000.0,Winter,4.59,906.33,0.75,4000.0,İzmir,Ödemiş
LAHANA BEYAZ,2017,1750.0,7000.0,Spring,4.55,906.33,0.85,4000.0,İzmir,Ödemiş
LAHANA BEYAZ,2017,1750.0,7000.0,Summer,4.48,906.33,0.85,4000.0,İzmir,Ödemiş
LAHANA BEYAZ,2017,1750.0,7000.0,Fall,4.83,906.33,0.96,4000.0,İzmir,Ödemiş
LAHANA BEYAZ,2018,1200.0,4500.0,Winter,5.11,1217.33,0.76,3750.0,İzmir,Bayındır
LAHANA BEYAZ,2018,1200.0,4500.0,Spring,5.46,1217.33,0.66,3750.0,İzmir,Bayındır
LAHANA BEYAZ,2018,1200.0,4500.0,Summer,5.81,1217.33,0.94,3750.0,İzmir,Bayındır
LAHANA BEYAZ,2018,1200.0,4500.0,Fall,6.34,1217.33,1.01,3750.0,İzmir,Bayındır
LAHANA BEYAZ,2018,400.0,1200.0,Winter,5.11,1217.33,0.76,3000.0,İzmir,Bergama
LAHANA BEYAZ,2018,400.0,1200.0,Spring,5.46,1217.33,0.66,3000.0,İzmir,Bergama
LAHANA BEYAZ,2018,400.0,1200.0,Summer,5.81,1217.33,0.94,3000.0,İzmir,Bergama
LAHANA BEYAZ,2018,400.0,1200.0,Fall,6.34,1217.33,1.01,3000.0,İzmir,Bergama
LAHANA BEYAZ,2018,43.0,150.0,Winter,5.11,1217.33,0.76,3488.3720930232557,İzmir,Menderes
LAHANA BEYAZ,2018,43.0,150.0,Spring,5.46,1217.33,0.66,3488.3720930232557,İzmir,Menderes
LAHANA BEYAZ,2018,43.0,150.0,Summer,5.81,1217.33,0.94,3488.3720930232557,İzmir,Menderes
LAHANA BEYAZ,2018,43.0,150.0,Fall,6.34,1217.33,1.01,3488.3720930232557,İzmir,Menderes
LAHANA BEYAZ,2018,1500.0,4500.0,Winter,5.11,1217.33,0.76,3000.0,İzmir,Tire
LAHANA BEYAZ,2018,1500.0,4500.0,Spring,5.46,1217.33,0.66,3000.0,İzmir,Tire
LAHANA BEYAZ,2018,1500.0,4500.0,Summer,5.81,1217.33,0.94,3000.0,İzmir,Tire
LAHANA BEYAZ,2018,1500.0,4500.0,Fall,6.34,1217.33,1.01,3000.0,İzmir,Tire
LAHANA BEYAZ,2018,750.0,3000.0,Winter,5.11,1217.33,0.76,4000.0,İzmir,Torbalı
LAHANA BEYAZ,2018,750.0,3000.0,Spring,5.46,1217.33,0.66,4000.0,İzmir,Torbalı
LAHANA BEYAZ,2018,750.0,3000.0,Summer,5.81,1217.33,0.94,4000.0,İzmir,Torbalı
LAHANA BEYAZ,2018,750.0,3000.0,Fall,6.34,1217.33,1.01,4000.0,İzmir,Torbalı
LAHANA BEYAZ,2018,500.0,2000.0,Winter,5.11,1217.33,0.76,4000.0,İzmir,Ödemiş
LAHANA BEYAZ,2018,500.0,2000.0,Spring,5.46,1217.33,0.66,4000.0,İzmir,Ödemiş
LAHANA BEYAZ,2018,500.0,2000.0,Summer,5.81,1217.33,0.94,4000.0,İzmir,Ödemiş
LAHANA BEYAZ,2018,500.0,2000.0,Fall,6.34,1217.33,1.01,4000.0,İzmir,Ödemiş
LAHANA BEYAZ,2019,1200.0,4500.0,Winter,6.0,1486.33,1.0,3750.0,İzmir,Bayındır
LAHANA BEYAZ,2019,1200.0,4500.0,Spring,6.44,1486.33,2.51,3750.0,İzmir,Bayındır
LAHANA BEYAZ,2019,1200.0,4500.0,Summer,6.38,1486.33,1.12,3750.0,İzmir,Bayındır
LAHANA BEYAZ,2019,1200.0,4500.0,Fall,6.53,1486.33,0.92,3750.0,İzmir,Bayındır
LAHANA BEYAZ,2019,400.0,1200.0,Winter,6.0,1486.33,1.0,3000.0,İzmir,Bergama
LAHANA BEYAZ,2019,400.0,1200.0,Spring,6.44,1486.33,2.51,3000.0,İzmir,Bergama
LAHANA BEYAZ,2019,400.0,1200.0,Summer,6.38,1486.33,1.12,3000.0,İzmir,Bergama
LAHANA BEYAZ,2019,400.0,1200.0,Fall,6.53,1486.33,0.92,3000.0,İzmir,Bergama
LAHANA BEYAZ,2019,43.0,151.0,Winter,6.0,1486.33,1.0,3511.6279069767443,İzmir,Menderes
LAHANA BEYAZ,2019,43.0,151.0,Spring,6.44,1486.33,2.51,3511.6279069767443,İzmir,Menderes
LAHANA BEYAZ,2019,43.0,151.0,Summer,6.38,1486.33,1.12,3511.6279069767443,İzmir,Menderes
LAHANA BEYAZ,2019,43.0,151.0,Fall,6.53,1486.33,0.92,3511.6279069767443,İzmir,Menderes
LAHANA BEYAZ,2019,1500.0,4500.0,Winter,6.0,1486.33,1.0,3000.0,İzmir,Tire
LAHANA BEYAZ,2019,1500.0,4500.0,Spring,6.44,1486.33,2.51,3000.0,İzmir,Tire
LAHANA BEYAZ,2019,1500.0,4500.0,Summer,6.38,1486.33,1.12,3000.0,İzmir,Tire
LAHANA BEYAZ,2019,1500.0,4500.0,Fall,6.53,1486.33,0.92,3000.0,İzmir,Tire
LAHANA BEYAZ,2019,850.0,3400.0,Winter,6.0,1486.33,1.0,4000.0,İzmir,Torbalı
LAHANA BEYAZ,2019,850.0,3400.0,Spring,6.44,1486.33,2.51,4000.0,İzmir,Torbalı
LAHANA BEYAZ,2019,850.0,3400.0,Summer,6.38,1486.33,1.12,4000.0,İzmir,Torbalı
LAHANA BEYAZ,2019,850.0,3400.0,Fall,6.53,1486.33,0.92,4000.0,İzmir,Torbalı
LAHANA BEYAZ,2019,500.0,2000.0,Winter,6.0,1486.33,1.0,4000.0,İzmir,Ödemiş
LAHANA BEYAZ,2019,500.0,2000.0,Spring,6.44,1486.33,2.51,4000.0,İzmir,Ödemiş
LAHANA BEYAZ,2019,500.0,2000.0,Summer,6.38,1486.33,1.12,4000.0,İzmir,Ödemiş
LAHANA BEYAZ,2019,500.0,2000.0,Fall,6.53,1486.33,0.92,4000.0,İzmir,Ödemiş
LAHANA BEYAZ,2020,1400.0,2100.0,Winter,6.57,2226.67,0.71,1500.0,İzmir,Bayındır
LAHANA BEYAZ,2020,1400.0,2100.0,Spring,5.51,2226.67,0.99,1500.0,İzmir,Bayındır
LAHANA BEYAZ,2020,1400.0,2100.0,Summer,5.98,2226.67,1.21,1500.0,İzmir,Bayındır
LAHANA BEYAZ,2020,1400.0,2100.0,Fall,6.2,2226.67,1.41,1500.0,İzmir,Bayındır
LAHANA BEYAZ,2020,400.0,1200.0,Winter,6.57,2226.67,0.71,3000.0,İzmir,Bergama
LAHANA BEYAZ,2020,400.0,1200.0,Spring,5.51,2226.67,0.99,3000.0,İzmir,Bergama
LAHANA BEYAZ,2020,400.0,1200.0,Summer,5.98,2226.67,1.21,3000.0,İzmir,Bergama
LAHANA BEYAZ,2020,400.0,1200.0,Fall,6.2,2226.67,1.41,3000.0,İzmir,Bergama
LAHANA BEYAZ,2020,43.0,151.0,Winter,6.57,2226.67,0.71,3511.6279069767443,İzmir,Menderes
LAHANA BEYAZ,2020,43.0,151.0,Spring,5.51,2226.67,0.99,3511.6279069767443,İzmir,Menderes
LAHANA BEYAZ,2020,43.0,151.0,Summer,5.98,2226.67,1.21,3511.6279069767443,İzmir,Menderes
LAHANA BEYAZ,2020,43.0,151.0,Fall,6.2,2226.67,1.41,3511.6279069767443,İzmir,Menderes
LAHANA BEYAZ,2020,700.0,2100.0,Winter,6.57,2226.67,0.71,3000.0,İzmir,Tire
LAHANA BEYAZ,2020,700.0,2100.0,Spring,5.51,2226.67,0.99,3000.0,İzmir,Tire
LAHANA BEYAZ,2020,700.0,2100.0,Summer,5.98,2226.67,1.21,3000.0,İzmir,Tire
LAHANA BEYAZ,2020,700.0,2100.0,Fall,6.2,2226.67,1.41,3000.0,İzmir,Tire
LAHANA BEYAZ,2020,2885.0,11540.0,Winter,6.57,2226.67,0.71,4000.0,İzmir,Torbalı
LAHANA BEYAZ,2020,2885.0,11540.0,Spring,5.51,2226.67,0.99,4000.0,İzmir,Torbalı
LAHANA BEYAZ,2020,2885.0,11540.0,Summer,5.98,2226.67,1.21,4000.0,İzmir,Torbalı
LAHANA BEYAZ,2020,2885.0,11540.0,Fall,6.2,2226.67,1.41,4000.0,İzmir,Torbalı
LAHANA BEYAZ,2020,100.0,550.0,Winter,6.57,2226.67,0.71,5500.0,İzmir,Ödemiş
LAHANA BEYAZ,2020,100.0,550.0,Spring,5.51,2226.67,0.99,5500.0,İzmir,Ödemiş
LAHANA BEYAZ,2020,100.0,550.0,Summer,5.98,2226.67,1.21,5500.0,İzmir,Ödemiş
LAHANA BEYAZ,2020,100.0,550.0,Fall,6.2,2226.67,1.41,5500.0,İzmir,Ödemiş
LAHANA BEYAZ,2021,1000.0,1500.0,Winter,6.71,6709.0,1.22,1500.0,İzmir,Bayındır
LAHANA BEYAZ,2021,1000.0,1500.0,Spring,6.69,6709.0,1.0,1500.0,İzmir,Bayındır
LAHANA BEYAZ,2021,1000.0,1500.0,Summer,7.34,6709.0,1.57,1500.0,İzmir,Bayındır
LAHANA BEYAZ,2021,1000.0,1500.0,Fall,7.99,6709.0,2.15,1500.0,İzmir,Bayındır
LAHANA BEYAZ,2021,20.0,60.0,Winter,6.71,6709.0,1.22,3000.0,İzmir,Bergama
LAHANA BEYAZ,2021,20.0,60.0,Spring,6.69,6709.0,1.0,3000.0,İzmir,Bergama
LAHANA BEYAZ,2021,20.0,60.0,Summer,7.34,6709.0,1.57,3000.0,İzmir,Bergama
LAHANA BEYAZ,2021,20.0,60.0,Fall,7.99,6709.0,2.15,3000.0,İzmir,Bergama
LAHANA BEYAZ,2021,70.0,245.0,Winter,6.71,6709.0,1.22,3500.0,İzmir,Menderes
LAHANA BEYAZ,2021,70.0,245.0,Spring,6.69,6709.0,1.0,3500.0,İzmir,Menderes
LAHANA BEYAZ,2021,70.0,245.0,Summer,7.34,6709.0,1.57,3500.0,İzmir,Menderes
LAHANA BEYAZ,2021,70.0,245.0,Fall,7.99,6709.0,2.15,3500.0,İzmir,Menderes
LAHANA BEYAZ,2021,189.0,945.0,Winter,6.71,6709.0,1.22,5000.0,İzmir,Tire
LAHANA BEYAZ,2021,189.0,945.0,Spring,6.69,6709.0,1.0,5000.0,İzmir,Tire
LAHANA BEYAZ,2021,189.0,945.0,Summer,7.34,6709.0,1.57,5000.0,İzmir,Tire
LAHANA BEYAZ,2021,189.0,945.0,Fall,7.99,6709.0,2.15,5000.0,İzmir,Tire
LAHANA BEYAZ,2021,2460.0,9471.0,Winter,6.71,6709.0,1.22,3850.0,İzmir,Torbalı
LAHANA BEYAZ,2021,2460.0,9471.0,Spring,6.69,6709.0,1.0,3850.0,İzmir,Torbalı
LAHANA BEYAZ,2021,2460.0,9471.0,Summer,7.34,6709.0,1.57,3850.0,İzmir,Torbalı
LAHANA BEYAZ,2021,2460.0,9471.0,Fall,7.99,6709.0,2.15,3850.0,İzmir,Torbalı
LAHANA BEYAZ,2021,700.0,3850.0,Winter,6.71,6709.0,1.22,5500.0,İzmir,Ödemiş
LAHANA BEYAZ,2021,700.0,3850.0,Spring,6.69,6709.0,1.0,5500.0,İzmir,Ödemiş
LAHANA BEYAZ,2021,700.0,3850.0,Summer,7.34,6709.0,1.57,5500.0,İzmir,Ödemiş
LAHANA BEYAZ,2021,700.0,3850.0,Fall,7.99,6709.0,2.15,5500.0,İzmir,Ödemiş
LAHANA BEYAZ,2022,1075.0,1613.0,Winter,13.29,15353.33,3.62,1500.4651162790697,İzmir,Bayındır
LAHANA BEYAZ,2022,1075.0,1613.0,Spring,21.62,15353.33,5.59,1500.4651162790697,İzmir,Bayındır
LAHANA BEYAZ,2022,1075.0,1613.0,Summer,26.18,15353.33,4.89,1500.4651162790697,İzmir,Bayındır
LAHANA BEYAZ,2022,1075.0,1613.0,Fall,25.49,15353.33,5.64,1500.4651162790697,İzmir,Bayındır
LAHANA BEYAZ,2022,21.0,63.0,Winter,13.29,15353.33,3.62,3000.0,İzmir,Bergama
LAHANA BEYAZ,2022,21.0,63.0,Spring,21.62,15353.33,5.59,3000.0,İzmir,Bergama
LAHANA BEYAZ,2022,21.0,63.0,Summer,26.18,15353.33,4.89,3000.0,İzmir,Bergama
LAHANA BEYAZ,2022,21.0,63.0,Fall,25.49,15353.33,5.64,3000.0,İzmir,Bergama
LAHANA BEYAZ,2022,70.0,245.0,Winter,13.29,15353.33,3.62,3500.0,İzmir,Menderes
LAHANA BEYAZ,2022,70.0,245.0,Spring,21.62,15353.33,5.59,3500.0,İzmir,Menderes
LAHANA BEYAZ,2022,70.0,245.0,Summer,26.18,15353.33,4.89,3500.0,İzmir,Menderes
LAHANA BEYAZ,2022,70.0,245.0,Fall,25.49,15353.33,5.64,3500.0,İzmir,Menderes
LAHANA BEYAZ,2022,839.0,4195.0,Winter,13.29,15353.33,3.62,5000.0,İzmir,Tire
LAHANA BEYAZ,2022,839.0,4195.0,Spring,21.62,15353.33,5.59,5000.0,İzmir,Tire
LAHANA BEYAZ,2022,839.0,4195.0,Summer,26.18,15353.33,4.89,5000.0,İzmir,Tire
LAHANA BEYAZ,2022,839.0,4195.0,Fall,25.49,15353.33,5.64,5000.0,İzmir,Tire
LAHANA BEYAZ,2022,2350.0,9988.0,Winter,13.29,15353.33,3.62,4250.212765957447,İzmir,Torbalı
LAHANA BEYAZ,2022,2350.0,9988.0,Spring,21.62,15353.33,5.59,4250.212765957447,İzmir,Torbalı
LAHANA BEYAZ,2022,2350.0,9988.0,Summer,26.18,15353.33,4.89,4250.212765957447,İzmir,Torbalı
LAHANA BEYAZ,2022,2350.0,9988.0,Fall,25.49,15353.33,5.64,4250.212765957447,İzmir,Torbalı
LAHANA BEYAZ,2022,500.0,2750.0,Winter,13.29,15353.33,3.62,5500.0,İzmir,Ödemiş
LAHANA BEYAZ,2022,500.0,2750.0,Spring,21.62,15353.33,5.59,5500.0,İzmir,Ödemiş
LAHANA BEYAZ,2022,500.0,2750.0,Summer,26.18,15353.33,4.89,5500.0,İzmir,Ödemiş
LAHANA BEYAZ,2022,500.0,2750.0,Fall,25.49,15353.33,5.64,5500.0,İzmir,Ödemiş
LAHANA BEYAZ,2023,1285.0,2956.0,Winter,22.27,10488.0,5.97,2300.3891050583657,İzmir,Bayındır
LAHANA BEYAZ,2023,1285.0,2956.0,Spring,20.55,10488.0,4.81,2300.3891050583657,İzmir,Bayındır
LAHANA BEYAZ,2023,1285.0,2956.0,Summer,30.3,10488.0,13.12,2300.3891050583657,İzmir,Bayındır
LAHANA BEYAZ,2023,1285.0,2956.0,Fall,39.39,10488.0,14.26,2300.3891050583657,İzmir,Bayındır
LAHANA BEYAZ,2023,48.0,144.0,Winter,22.27,10488.0,5.97,3000.0,İzmir,Bergama
LAHANA BEYAZ,2023,48.0,144.0,Spring,20.55,10488.0,4.81,3000.0,İzmir,Bergama
LAHANA BEYAZ,2023,48.0,144.0,Summer,30.3,10488.0,13.12,3000.0,İzmir,Bergama
LAHANA BEYAZ,2023,48.0,144.0,Fall,39.39,10488.0,14.26,3000.0,İzmir,Bergama
LAHANA BEYAZ,2023,70.0,245.0,Winter,22.27,10488.0,5.97,3500.0,İzmir,Menderes
LAHANA BEYAZ,2023,70.0,245.0,Spring,20.55,10488.0,4.81,3500.0,İzmir,Menderes
LAHANA BEYAZ,2023,70.0,245.0,Summer,30.3,10488.0,13.12,3500.0,İzmir,Menderes
LAHANA BEYAZ,2023,70.0,245.0,Fall,39.39,10488.0,14.26,3500.0,İzmir,Menderes
LAHANA BEYAZ,2023,1700.0,8500.0,Winter,22.27,10488.0,5.97,5000.0,İzmir,Tire
LAHANA BEYAZ,2023,1700.0,8500.0,Spring,20.55,10488.0,4.81,5000.0,İzmir,Tire
LAHANA BEYAZ,2023,1700.0,8500.0,Summer,30.3,10488.0,13.12,5000.0,İzmir,Tire
LAHANA BEYAZ,2023,1700.0,8500.0,Fall,39.39,10488.0,14.26,5000.0,İzmir,Tire
LAHANA BEYAZ,2023,1850.0,7400.0,Winter,22.27,10488.0,5.97,4000.0,İzmir,Torbalı
LAHANA BEYAZ,2023,1850.0,7400.0,Spring,20.55,10488.0,4.81,4000.0,İzmir,Torbalı
LAHANA BEYAZ,2023,1850.0,7400.0,Summer,30.3,10488.0,13.12,4000.0,İzmir,Torbalı
LAHANA BEYAZ,2023,1850.0,7400.0,Fall,39.39,10488.0,14.26,4000.0,İzmir,Torbalı
LAHANA BEYAZ,2023,1000.0,5000.0,Winter,22.27,10488.0,5.97,5000.0,İzmir,Ödemiş
LAHANA BEYAZ,2023,1000.0,5000.0,Spring,20.55,10488.0,4.81,5000.0,İzmir,Ödemiş
LAHANA BEYAZ,2023,1000.0,5000.0,Summer,30.3,10488.0,13.12,5000.0,İzmir,Ödemiş
LAHANA BEYAZ,2023,1000.0,5000.0,Fall,39.39,10488.0,14.26,5000.0,İzmir,Ödemiş
LAHANA BEYAZ,2024,1800.0,4140.0,Winter,40.18,11266.67,13.61,2300.0,İzmir,Bayındır
LAHANA BEYAZ,2024,1800.0,4140.0,Spring,42.39,11266.67,9.59,2300.0,İzmir,Bayındır
LAHANA BEYAZ,2024,1800.0,4140.0,Summer,44.12,11266.67,12.73,2300.0,İzmir,Bayındır
LAHANA BEYAZ,2024,1800.0,4140.0,Fall,43.82,11266.67,13.47,2300.0,İzmir,Bayındır
LAHANA BEYAZ,2024,297.0,891.0,Winter,40.18,11266.67,13.61,3000.0,İzmir,Bergama
LAHANA BEYAZ,2024,297.0,891.0,Spring,42.39,11266.67,9.59,3000.0,İzmir,Bergama
LAHANA BEYAZ,2024,297.0,891.0,Summer,44.12,11266.67,12.73,3000.0,İzmir,Bergama
LAHANA BEYAZ,2024,297.0,891.0,Fall,43.82,11266.67,13.47,3000.0,İzmir,Bergama
LAHANA BEYAZ,2024,70.0,245.0,Winter,40.18,11266.67,13.61,3500.0,İzmir,Menderes
LAHANA BEYAZ,2024,70.0,245.0,Spring,42.39,11266.67,9.59,3500.0,İzmir,Menderes
LAHANA BEYAZ,2024,70.0,245.0,Summer,44.12,11266.67,12.73,3500.0,İzmir,Menderes
LAHANA BEYAZ,2024,70.0,245.0,Fall,43.82,11266.67,13.47,3500.0,İzmir,Menderes
LAHANA BEYAZ,2024,3100.0,15500.0,Winter,40.18,11266.67,13.61,5000.0,İzmir,Tire
LAHANA BEYAZ,2024,3100.0,15500.0,Spring,42.39,11266.67,9.59,5000.0,İzmir,Tire
LAHANA BEYAZ,2024,3100.0,15500.0,Summer,44.12,11266.67,12.73,5000.0,İzmir,Tire
LAHANA BEYAZ,2024,3100.0,15500.0,Fall,43.82,11266.67,13.47,5000.0,İzmir,Tire
LAHANA BEYAZ,2024,2150.0,8600.0,Winter,40.18,11266.67,13.61,4000.0,İzmir,Torbalı
LAHANA BEYAZ,2024,2150.0,8600.0,Spring,42.39,11266.67,9.59,4000.0,İzmir,Torbalı
LAHANA BEYAZ,2024,2150.0,8600.0,Summer,44.12,11266.67,12.73,4000.0,İzmir,Torbalı
LAHANA BEYAZ,2024,2150.0,8600.0,Fall,43.82,11266.67,13.47,4000.0,İzmir,Torbalı
LAHANA BEYAZ,2024,550.0,2750.0,Winter,40.18,11266.67,13.61,5000.0,İzmir,Ödemiş
LAHANA BEYAZ,2024,550.0,2750.0,Spring,42.39,11266.67,9.59,5000.0,İzmir,Ödemiş
LAHANA BEYAZ,2024,550.0,2750.0,Summer,44.12,11266.67,12.73,5000.0,İzmir,Ödemiş
LAHANA BEYAZ,2024,550.0,2750.0,Fall,43.82,11266.67,13.47,5000.0,İzmir,Ödemiş
LAHANA BEYAZ,2025,2252.0,6808.0,Winter,46.61,14550.0,18.05,3023.090586145648,İzmir,Bayındır
LAHANA BEYAZ,2025,2252.0,6808.0,Spring,46.68,14550.0,15.92,3023.090586145648,İzmir,Bayındır
LAHANA BEYAZ,2025,2252.0,6808.0,Summer,52.69,14550.0,16.35,3023.090586145648,İzmir,Bayındır
LAHANA BEYAZ,2025,2252.0,6808.0,Fall,56.39,14550.0,17.63,3023.090586145648,İzmir,Bayındır
LAHANA BEYAZ,2025,184.0,556.0,Winter,46.61,14550.0,18.05,3021.7391304347825,İzmir,Bergama
LAHANA BEYAZ,2025,184.0,556.0,Spring,46.68,14550.0,15.92,3021.7391304347825,İzmir,Bergama
LAHANA BEYAZ,2025,184.0,556.0,Summer,52.69,14550.0,16.35,3021.7391304347825,İzmir,Bergama
LAHANA BEYAZ,2025,184.0,556.0,Fall,56.39,14550.0,17.63,3021.7391304347825,İzmir,Bergama
LAHANA BEYAZ,2025,110.0,388.0,Winter,46.61,14550.0,18.05,3527.2727272727275,İzmir,Menderes
LAHANA BEYAZ,2025,110.0,388.0,Spring,46.68,14550.0,15.92,3527.2727272727275,İzmir,Menderes
LAHANA BEYAZ,2025,110.0,388.0,Summer,52.69,14550.0,16.35,3527.2727272727275,İzmir,Menderes
LAHANA BEYAZ,2025,110.0,388.0,Fall,56.39,14550.0,17.63,3527.2727272727275,İzmir,Menderes
LAHANA BEYAZ,2025,1400.0,7054.0,Winter,46.61,14550.0,18.05,5038.571428571428,İzmir,Tire
LAHANA BEYAZ,2025,1400.0,7054.0,Spring,46.68,14550.0,15.92,5038.571428571428,İzmir,Tire
LAHANA BEYAZ,2025,1400.0,7054.0,Summer,52.69,14550.0,16.35,5038.571428571428,İzmir,Tire
LAHANA BEYAZ,2025,1400.0,7054.0,Fall,56.39,14550.0,17.63,5038.571428571428,İzmir,Tire
LAHANA BEYAZ,2025,1800.0,8162.0,Winter,46.61,14550.0,18.05,4534.444444444444,İzmir,Torbalı
LAHANA BEYAZ,2025,1800.0,8162.0,Spring,46.68,14550.0,15.92,4534.444444444444,İzmir,Torbalı
LAHANA BEYAZ,2025,1800.0,8162.0,Summer,52.69,14550.0,16.35,4534.444444444444,İzmir,Torbalı
LAHANA BEYAZ,2025,1800.0,8162.0,Fall,56.39,14550.0,17.63,4534.444444444444,İzmir,Torbalı
LAHANA BEYAZ,2025,750.0,2645.0,Winter,46.61,14550.0,18.05,3526.6666666666665,İzmir,Ödemiş
LAHANA BEYAZ,2025,750.0,2645.0,Spring,46.68,14550.0,15.92,3526.6666666666665,İzmir,Ödemiş
LAHANA BEYAZ,2025,750.0,2645.0,Summer,52.69,14550.0,16.35,3526.6666666666665,İzmir,Ödemiş
LAHANA BEYAZ,2025,750.0,2645.0,Fall,56.39,14550.0,17.63,3526.6666666666665,İzmir,Ödemiş
LAHANA KIRMIZI,2014,210.0,378.0,Winter,4.54,886.0,0.71,1800.0,İzmir,Bayındır
LAHANA KIRMIZI,2014,210.0,378.0,Spring,4.58,886.0,0.54,1800.0,İzmir,Bayındır
LAHANA KIRMIZI,2014,210.0,378.0,Summer,4.38,886.0,0.58,1800.0,İzmir,Bayındır
LAHANA KIRMIZI,2014,210.0,378.0,Fall,4.24,886.0,0.61,1800.0,İzmir,Bayındır
LAHANA KIRMIZI,2014,50.0,90.0,Winter,4.54,886.0,0.71,1800.0,İzmir,Bergama
LAHANA KIRMIZI,2014,50.0,90.0,Spring,4.58,886.0,0.54,1800.0,İzmir,Bergama
LAHANA KIRMIZI,2014,50.0,90.0,Summer,4.38,886.0,0.58,1800.0,İzmir,Bergama
LAHANA KIRMIZI,2014,50.0,90.0,Fall,4.24,886.0,0.61,1800.0,İzmir,Bergama
LAHANA KIRMIZI,2014,380.0,760.0,Winter,4.54,886.0,0.71,2000.0,İzmir,Torbalı
LAHANA KIRMIZI,2014,380.0,760.0,Spring,4.58,886.0,0.54,2000.0,İzmir,Torbalı
LAHANA KIRMIZI,2014,380.0,760.0,Summer,4.38,886.0,0.58,2000.0,İzmir,Torbalı
LAHANA KIRMIZI,2014,380.0,760.0,Fall,4.24,886.0,0.61,2000.0,İzmir,Torbalı
LAHANA KIRMIZI,2014,120.0,360.0,Winter,4.54,886.0,0.71,3000.0,İzmir,Ödemiş
LAHANA KIRMIZI,2014,120.0,360.0,Spring,4.58,886.0,0.54,3000.0,İzmir,Ödemiş
LAHANA KIRMIZI,2014,120.0,360.0,Summer,4.38,886.0,0.58,3000.0,İzmir,Ödemiş
LAHANA KIRMIZI,2014,120.0,360.0,Fall,4.24,886.0,0.61,3000.0,İzmir,Ödemiş
LAHANA KIRMIZI,2015,200.0,360.0,Winter,3.75,903.33,0.69,1800.0,İzmir,Bayındır
LAHANA KIRMIZI,2015,200.0,360.0,Spring,3.93,903.33,2.3,1800.0,İzmir,Bayındır
LAHANA KIRMIZI,2015,200.0,360.0,Summer,3.9,903.33,0.93,1800.0,İzmir,Bayındır
LAHANA KIRMIZI,2015,200.0,360.0,Fall,3.84,903.33,0.67,1800.0,İzmir,Bayındır
LAHANA KIRMIZI,2015,50.0,90.0,Winter,3.75,903.33,0.69,1800.0,İzmir,Bergama
LAHANA KIRMIZI,2015,50.0,90.0,Spring,3.93,903.33,2.3,1800.0,İzmir,Bergama
LAHANA KIRMIZI,2015,50.0,90.0,Summer,3.9,903.33,0.93,1800.0,İzmir,Bergama
LAHANA KIRMIZI,2015,50.0,90.0,Fall,3.84,903.33,0.67,1800.0,İzmir,Bergama
LAHANA KIRMIZI,2015,525.0,1050.0,Winter,3.75,903.33,0.69,2000.0,İzmir,Torbalı
LAHANA KIRMIZI,2015,525.0,1050.0,Spring,3.93,903.33,2.3,2000.0,İzmir,Torbalı
LAHANA KIRMIZI,2015,525.0,1050.0,Summer,3.9,903.33,0.93,2000.0,İzmir,Torbalı
LAHANA KIRMIZI,2015,525.0,1050.0,Fall,3.84,903.33,0.67,2000.0,İzmir,Torbalı
LAHANA KIRMIZI,2015,120.0,360.0,Winter,3.75,903.33,0.69,3000.0,İzmir,Ödemiş
LAHANA KIRMIZI,2015,120.0,360.0,Spring,3.93,903.33,2.3,3000.0,İzmir,Ödemiş
LAHANA KIRMIZI,2015,120.0,360.0,Summer,3.9,903.33,0.93,3000.0,İzmir,Ödemiş
LAHANA KIRMIZI,2015,120.0,360.0,Fall,3.84,903.33,0.67,3000.0,İzmir,Ödemiş
LAHANA KIRMIZI,2016,200.0,360.0,Winter,3.48,822.67,0.96,1800.0,İzmir,Bayındır
LAHANA KIRMIZI,2016,200.0,360.0,Spring,3.63,822.67,0.83,1800.0,İzmir,Bayındır
LAHANA KIRMIZI,2016,200.0,360.0,Summer,3.79,822.67,0.79,1800.0,İzmir,Bayındır
LAHANA KIRMIZI,2016,200.0,360.0,Fall,4.13,822.67,0.76,1800.0,İzmir,Bayındır
LAHANA KIRMIZI,2016,50.0,90.0,Winter,3.48,822.67,0.96,1800.0,İzmir,Bergama
LAHANA KIRMIZI,2016,50.0,90.0,Spring,3.63,822.67,0.83,1800.0,İzmir,Bergama
LAHANA KIRMIZI,2016,50.0,90.0,Summer,3.79,822.67,0.79,1800.0,İzmir,Bergama
LAHANA KIRMIZI,2016,50.0,90.0,Fall,4.13,822.67,0.76,1800.0,İzmir,Bergama
LAHANA KIRMIZI,2016,935.0,2338.0,Winter,3.48,822.67,0.96,2500.5347593582887,İzmir,Torbalı
LAHANA KIRMIZI,2016,935.0,2338.0,Spring,3.63,822.67,0.83,2500.5347593582887,İzmir,Torbalı
LAHANA KIRMIZI,2016,935.0,2338.0,Summer,3.79,822.67,0.79,2500.5347593582887,İzmir,Torbalı
LAHANA KIRMIZI,2016,935.0,2338.0,Fall,4.13,822.67,0.76,2500.5347593582887,İzmir,Torbalı
LAHANA KIRMIZI,2016,120.0,360.0,Winter,3.48,822.67,0.96,3000.0,İzmir,Ödemiş
LAHANA KIRMIZI,2016,120.0,360.0,Spring,3.63,822.67,0.83,3000.0,İzmir,Ödemiş
LAHANA KIRMIZI,2016,120.0,360.0,Summer,3.79,822.67,0.79,3000.0,İzmir,Ödemiş
LAHANA KIRMIZI,2016,120.0,360.0,Fall,4.13,822.67,0.76,3000.0,İzmir,Ödemiş
LAHANA KIRMIZI,2017,200.0,360.0,Winter,4.59,906.33,1.01,1800.0,İzmir,Bayındır
LAHANA KIRMIZI,2017,200.0,360.0,Spring,4.55,906.33,0.94,1800.0,İzmir,Bayındır
LAHANA KIRMIZI,2017,200.0,360.0,Summer,4.48,906.33,0.86,1800.0,İzmir,Bayındır
LAHANA KIRMIZI,2017,200.0,360.0,Fall,4.83,906.33,0.89,1800.0,İzmir,Bayındır
LAHANA KIRMIZI,2017,50.0,90.0,Winter,4.59,906.33,1.01,1800.0,İzmir,Bergama
LAHANA KIRMIZI,2017,50.0,90.0,Spring,4.55,906.33,0.94,1800.0,İzmir,Bergama
LAHANA KIRMIZI,2017,50.0,90.0,Summer,4.48,906.33,0.86,1800.0,İzmir,Bergama
LAHANA KIRMIZI,2017,50.0,90.0,Fall,4.83,906.33,0.89,1800.0,İzmir,Bergama
LAHANA KIRMIZI,2017,55.0,110.0,Winter,4.59,906.33,1.01,2000.0,İzmir,Menderes
LAHANA KIRMIZI,2017,55.0,110.0,Spring,4.55,906.33,0.94,2000.0,İzmir,Menderes
LAHANA KIRMIZI,2017,55.0,110.0,Summer,4.48,906.33,0.86,2000.0,İzmir,Menderes
LAHANA KIRMIZI,2017,55.0,110.0,Fall,4.83,906.33,0.89,2000.0,İzmir,Menderes
LAHANA KIRMIZI,2017,1680.0,4200.0,Winter,4.59,906.33,1.01,2500.0,İzmir,Torbalı
LAHANA KIRMIZI,2017,1680.0,4200.0,Spring,4.55,906.33,0.94,2500.0,İzmir,Torbalı
LAHANA KIRMIZI,2017,1680.0,4200.0,Summer,4.48,906.33,0.86,2500.0,İzmir,Torbalı
LAHANA KIRMIZI,2017,1680.0,4200.0,Fall,4.83,906.33,0.89,2500.0,İzmir,Torbalı
LAHANA KIRMIZI,2017,120.0,360.0,Winter,4.59,906.33,1.01,3000.0,İzmir,Ödemiş
LAHANA KIRMIZI,2017,120.0,360.0,Spring,4.55,906.33,0.94,3000.0,İzmir,Ödemiş
LAHANA KIRMIZI,2017,120.0,360.0,Summer,4.48,906.33,0.86,3000.0,İzmir,Ödemiş
LAHANA KIRMIZI,2017,120.0,360.0,Fall,4.83,906.33,0.89,3000.0,İzmir,Ödemiş
LAHANA KIRMIZI,2018,200.0,360.0,Winter,5.11,1217.33,0.76,1800.0,İzmir,Bayındır
LAHANA KIRMIZI,2018,200.0,360.0,Spring,5.46,1217.33,0.67,1800.0,İzmir,Bayındır
LAHANA KIRMIZI,2018,200.0,360.0,Summer,5.81,1217.33,0.74,1800.0,İzmir,Bayındır
LAHANA KIRMIZI,2018,200.0,360.0,Fall,6.34,1217.33,1.12,1800.0,İzmir,Bayındır
LAHANA KIRMIZI,2018,50.0,90.0,Winter,5.11,1217.33,0.76,1800.0,İzmir,Bergama
LAHANA KIRMIZI,2018,50.0,90.0,Spring,5.46,1217.33,0.67,1800.0,İzmir,Bergama
LAHANA KIRMIZI,2018,50.0,90.0,Summer,5.81,1217.33,0.74,1800.0,İzmir,Bergama
LAHANA KIRMIZI,2018,50.0,90.0,Fall,6.34,1217.33,1.12,1800.0,İzmir,Bergama
LAHANA KIRMIZI,2018,55.0,110.0,Winter,5.11,1217.33,0.76,2000.0,İzmir,Menderes
LAHANA KIRMIZI,2018,55.0,110.0,Spring,5.46,1217.33,0.67,2000.0,İzmir,Menderes
LAHANA KIRMIZI,2018,55.0,110.0,Summer,5.81,1217.33,0.74,2000.0,İzmir,Menderes
LAHANA KIRMIZI,2018,55.0,110.0,Fall,6.34,1217.33,1.12,2000.0,İzmir,Menderes
LAHANA KIRMIZI,2018,1480.0,3700.0,Winter,5.11,1217.33,0.76,2500.0,İzmir,Torbalı
LAHANA KIRMIZI,2018,1480.0,3700.0,Spring,5.46,1217.33,0.67,2500.0,İzmir,Torbalı
LAHANA KIRMIZI,2018,1480.0,3700.0,Summer,5.81,1217.33,0.74,2500.0,İzmir,Torbalı
LAHANA KIRMIZI,2018,1480.0,3700.0,Fall,6.34,1217.33,1.12,2500.0,İzmir,Torbalı
LAHANA KIRMIZI,2018,80.0,240.0,Winter,5.11,1217.33,0.76,3000.0,İzmir,Ödemiş
LAHANA KIRMIZI,2018,80.0,240.0,Spring,5.46,1217.33,0.67,3000.0,İzmir,Ödemiş
LAHANA KIRMIZI,2018,80.0,240.0,Summer,5.81,1217.33,0.74,3000.0,İzmir,Ödemiş
LAHANA KIRMIZI,2018,80.0,240.0,Fall,6.34,1217.33,1.12,3000.0,İzmir,Ödemiş
LAHANA KIRMIZI,2019,200.0,360.0,Winter,6.0,1486.33,1.43,1800.0,İzmir,Bayındır
LAHANA KIRMIZI,2019,200.0,360.0,Spring,6.44,1486.33,3.27,1800.0,İzmir,Bayındır
LAHANA KIRMIZI,2019,200.0,360.0,Summer,6.38,1486.33,1.16,1800.0,İzmir,Bayındır
LAHANA KIRMIZI,2019,200.0,360.0,Fall,6.53,1486.33,0.91,1800.0,İzmir,Bayındır
LAHANA KIRMIZI,2019,50.0,90.0,Winter,6.0,1486.33,1.43,1800.0,İzmir,Bergama
LAHANA KIRMIZI,2019,50.0,90.0,Spring,6.44,1486.33,3.27,1800.0,İzmir,Bergama
LAHANA KIRMIZI,2019,50.0,90.0,Summer,6.38,1486.33,1.16,1800.0,İzmir,Bergama
LAHANA KIRMIZI,2019,50.0,90.0,Fall,6.53,1486.33,0.91,1800.0,İzmir,Bergama
LAHANA KIRMIZI,2019,55.0,110.0,Winter,6.0,1486.33,1.43,2000.0,İzmir,Menderes
LAHANA KIRMIZI,2019,55.0,110.0,Spring,6.44,1486.33,3.27,2000.0,İzmir,Menderes
LAHANA KIRMIZI,2019,55.0,110.0,Summer,6.38,1486.33,1.16,2000.0,İzmir,Menderes
LAHANA KIRMIZI,2019,55.0,110.0,Fall,6.53,1486.33,0.91,2000.0,İzmir,Menderes
LAHANA KIRMIZI,2019,1500.0,3750.0,Winter,6.0,1486.33,1.43,2500.0,İzmir,Torbalı
LAHANA KIRMIZI,2019,1500.0,3750.0,Spring,6.44,1486.33,3.27,2500.0,İzmir,Torbalı
LAHANA KIRMIZI,2019,1500.0,3750.0,Summer,6.38,1486.33,1.16,2500.0,İzmir,Torbalı
LAHANA KIRMIZI,2019,1500.0,3750.0,Fall,6.53,1486.33,0.91,2500.0,İzmir,Torbalı
LAHANA KIRMIZI,2019,80.0,240.0,Winter,6.0,1486.33,1.43,3000.0,İzmir,Ödemiş
LAHANA KIRMIZI,2019,80.0,240.0,Spring,6.44,1486.33,3.27,3000.0,İzmir,Ödemiş
LAHANA KIRMIZI,2019,80.0,240.0,Summer,6.38,1486.33,1.16,3000.0,İzmir,Ödemiş
LAHANA KIRMIZI,2019,80.0,240.0,Fall,6.53,1486.33,0.91,3000.0,İzmir,Ödemiş
LAHANA KIRMIZI,2020,350.0,1225.0,Winter,6.57,2226.67,0.83,3500.0,İzmir,Bayındır
LAHANA KIRMIZI,2020,350.0,1225.0,Spring,5.51,2226.67,1.3,3500.0,İzmir,Bayındır
LAHANA KIRMIZI,2020,350.0,1225.0,Summer,5.98,2226.67,1.34,3500.0,İzmir,Bayındır
LAHANA KIRMIZI,2020,350.0,1225.0,Fall,6.2,2226.67,1.51,3500.0,İzmir,Bayındır
LAHANA KIRMIZI,2020,50.0,90.0,Winter,6.57,2226.67,0.83,1800.0,İzmir,Bergama
LAHANA KIRMIZI,2020,50.0,90.0,Spring,5.51,2226.67,1.3,1800.0,İzmir,Bergama
LAHANA KIRMIZI,2020,50.0,90.0,Summer,5.98,2226.67,1.34,1800.0,İzmir,Bergama
LAHANA KIRMIZI,2020,50.0,90.0,Fall,6.2,2226.67,1.51,1800.0,İzmir,Bergama
LAHANA KIRMIZI,2020,55.0,110.0,Winter,6.57,2226.67,0.83,2000.0,İzmir,Menderes
LAHANA KIRMIZI,2020,55.0,110.0,Spring,5.51,2226.67,1.3,2000.0,İzmir,Menderes
LAHANA KIRMIZI,2020,55.0,110.0,Summer,5.98,2226.67,1.34,2000.0,İzmir,Menderes
LAHANA KIRMIZI,2020,55.0,110.0,Fall,6.2,2226.67,1.51,2000.0,İzmir,Menderes
LAHANA KIRMIZI,2020,1350.0,3375.0,Winter,6.57,2226.67,0.83,2500.0,İzmir,Torbalı
LAHANA KIRMIZI,2020,1350.0,3375.0,Spring,5.51,2226.67,1.3,2500.0,İzmir,Torbalı
LAHANA KIRMIZI,2020,1350.0,3375.0,Summer,5.98,2226.67,1.34,2500.0,İzmir,Torbalı
LAHANA KIRMIZI,2020,1350.0,3375.0,Fall,6.2,2226.67,1.51,2500.0,İzmir,Torbalı
LAHANA KIRMIZI,2020,30.0,120.0,Winter,6.57,2226.67,0.83,4000.0,İzmir,Ödemiş
LAHANA KIRMIZI,2020,30.0,120.0,Spring,5.51,2226.67,1.3,4000.0,İzmir,Ödemiş
LAHANA KIRMIZI,2020,30.0,120.0,Summer,5.98,2226.67,1.34,4000.0,İzmir,Ödemiş
LAHANA KIRMIZI,2020,30.0,120.0,Fall,6.2,2226.67,1.51,4000.0,İzmir,Ödemiş
LAHANA KIRMIZI,2021,350.0,1225.0,Winter,6.71,6709.0,1.71,3500.0,İzmir,Bayındır
LAHANA KIRMIZI,2021,350.0,1225.0,Spring,6.69,6709.0,1.05,3500.0,İzmir,Bayındır
LAHANA KIRMIZI,2021,350.0,1225.0,Summer,7.34,6709.0,1.78,3500.0,İzmir,Bayındır
LAHANA KIRMIZI,2021,350.0,1225.0,Fall,7.99,6709.0,2.94,3500.0,İzmir,Bayındır
LAHANA KIRMIZI,2021,42.0,76.0,Winter,6.71,6709.0,1.71,1809.5238095238096,İzmir,Bergama
LAHANA KIRMIZI,2021,42.0,76.0,Spring,6.69,6709.0,1.05,1809.5238095238096,İzmir,Bergama
LAHANA KIRMIZI,2021,42.0,76.0,Summer,7.34,6709.0,1.78,1809.5238095238096,İzmir,Bergama
LAHANA KIRMIZI,2021,42.0,76.0,Fall,7.99,6709.0,2.94,1809.5238095238096,İzmir,Bergama
LAHANA KIRMIZI,2021,55.0,110.0,Winter,6.71,6709.0,1.71,2000.0,İzmir,Menderes
LAHANA KIRMIZI,2021,55.0,110.0,Spring,6.69,6709.0,1.05,2000.0,İzmir,Menderes
LAHANA KIRMIZI,2021,55.0,110.0,Summer,7.34,6709.0,1.78,2000.0,İzmir,Menderes
LAHANA KIRMIZI,2021,55.0,110.0,Fall,7.99,6709.0,2.94,2000.0,İzmir,Menderes
LAHANA KIRMIZI,2021,1250.0,3125.0,Winter,6.71,6709.0,1.71,2500.0,İzmir,Torbalı
LAHANA KIRMIZI,2021,1250.0,3125.0,Spring,6.69,6709.0,1.05,2500.0,İzmir,Torbalı
LAHANA KIRMIZI,2021,1250.0,3125.0,Summer,7.34,6709.0,1.78,2500.0,İzmir,Torbalı
LAHANA KIRMIZI,2021,1250.0,3125.0,Fall,7.99,6709.0,2.94,2500.0,İzmir,Torbalı
LAHANA KIRMIZI,2021,30.0,120.0,Winter,6.71,6709.0,1.71,4000.0,İzmir,Ödemiş
LAHANA KIRMIZI,2021,30.0,120.0,Spring,6.69,6709.0,1.05,4000.0,İzmir,Ödemiş
LAHANA KIRMIZI,2021,30.0,120.0,Summer,7.34,6709.0,1.78,4000.0,İzmir,Ödemiş
LAHANA KIRMIZI,2021,30.0,120.0,Fall,7.99,6709.0,2.94,4000.0,İzmir,Ödemiş
LAHANA KIRMIZI,2022,400.0,1400.0,Winter,13.29,15353.33,3.55,3500.0,İzmir,Bayındır
LAHANA KIRMIZI,2022,400.0,1400.0,Spring,21.62,15353.33,5.74,3500.0,İzmir,Bayındır
LAHANA KIRMIZI,2022,400.0,1400.0,Summer,26.18,15353.33,5.8,3500.0,İzmir,Bayındır
LAHANA KIRMIZI,2022,400.0,1400.0,Fall,25.49,15353.33,5.33,3500.0,İzmir,Bayındır
LAHANA KIRMIZI,2022,6.0,11.0,Winter,13.29,15353.33,3.55,1833.3333333333333,İzmir,Bergama
LAHANA KIRMIZI,2022,6.0,11.0,Spring,21.62,15353.33,5.74,1833.3333333333333,İzmir,Bergama
LAHANA KIRMIZI,2022,6.0,11.0,Summer,26.18,15353.33,5.8,1833.3333333333333,İzmir,Bergama
LAHANA KIRMIZI,2022,6.0,11.0,Fall,25.49,15353.33,5.33,1833.3333333333333,İzmir,Bergama
LAHANA KIRMIZI,2022,55.0,110.0,Winter,13.29,15353.33,3.55,2000.0,İzmir,Menderes
LAHANA KIRMIZI,2022,55.0,110.0,Spring,21.62,15353.33,5.74,2000.0,İzmir,Menderes
LAHANA KIRMIZI,2022,55.0,110.0,Summer,26.18,15353.33,5.8,2000.0,İzmir,Menderes
LAHANA KIRMIZI,2022,55.0,110.0,Fall,25.49,15353.33,5.33,2000.0,İzmir,Menderes
LAHANA KIRMIZI,2022,1250.0,3125.0,Winter,13.29,15353.33,3.55,2500.0,İzmir,Torbalı
LAHANA KIRMIZI,2022,1250.0,3125.0,Spring,21.62,15353.33,5.74,2500.0,İzmir,Torbalı
LAHANA KIRMIZI,2022,1250.0,3125.0,Summer,26.18,15353.33,5.8,2500.0,İzmir,Torbalı
LAHANA KIRMIZI,2022,1250.0,3125.0,Fall,25.49,15353.33,5.33,2500.0,İzmir,Torbalı
LAHANA KIRMIZI,2022,30.0,120.0,Winter,13.29,15353.33,3.55,4000.0,İzmir,Ödemiş
LAHANA KIRMIZI,2022,30.0,120.0,Spring,21.62,15353.33,5.74,4000.0,İzmir,Ödemiş
LAHANA KIRMIZI,2022,30.0,120.0,Summer,26.18,15353.33,5.8,4000.0,İzmir,Ödemiş
LAHANA KIRMIZI,2022,30.0,120.0,Fall,25.49,15353.33,5.33,4000.0,İzmir,Ödemiş
LAHANA KIRMIZI,2023,350.0,1120.0,Winter,22.27,10488.0,5.91,3200.0,İzmir,Bayındır
LAHANA KIRMIZI,2023,350.0,1120.0,Spring,20.55,10488.0,5.87,3200.0,İzmir,Bayındır
LAHANA KIRMIZI,2023,350.0,1120.0,Summer,30.3,10488.0,13.78,3200.0,İzmir,Bayındır
LAHANA KIRMIZI,2023,350.0,1120.0,Fall,39.39,10488.0,15.06,3200.0,İzmir,Bayındır
LAHANA KIRMIZI,2023,2.0,4.0,Winter,22.27,10488.0,5.91,2000.0,İzmir,Bergama
LAHANA KIRMIZI,2023,2.0,4.0,Spring,20.55,10488.0,5.87,2000.0,İzmir,Bergama
LAHANA KIRMIZI,2023,2.0,4.0,Summer,30.3,10488.0,13.78,2000.0,İzmir,Bergama
LAHANA KIRMIZI,2023,2.0,4.0,Fall,39.39,10488.0,15.06,2000.0,İzmir,Bergama
LAHANA KIRMIZI,2023,55.0,110.0,Winter,22.27,10488.0,5.91,2000.0,İzmir,Menderes
LAHANA KIRMIZI,2023,55.0,110.0,Spring,20.55,10488.0,5.87,2000.0,İzmir,Menderes
LAHANA KIRMIZI,2023,55.0,110.0,Summer,30.3,10488.0,13.78,2000.0,İzmir,Menderes
LAHANA KIRMIZI,2023,55.0,110.0,Fall,39.39,10488.0,15.06,2000.0,İzmir,Menderes
LAHANA KIRMIZI,2023,1485.0,2970.0,Winter,22.27,10488.0,5.91,2000.0,İzmir,Torbalı
LAHANA KIRMIZI,2023,1485.0,2970.0,Spring,20.55,10488.0,5.87,2000.0,İzmir,Torbalı
LAHANA KIRMIZI,2023,1485.0,2970.0,Summer,30.3,10488.0,13.78,2000.0,İzmir,Torbalı
LAHANA KIRMIZI,2023,1485.0,2970.0,Fall,39.39,10488.0,15.06,2000.0,İzmir,Torbalı
LAHANA KIRMIZI,2024,400.0,1280.0,Winter,40.18,11266.67,13.99,3200.0,İzmir,Bayındır
LAHANA KIRMIZI,2024,400.0,1280.0,Spring,42.39,11266.67,11.63,3200.0,İzmir,Bayındır
LAHANA KIRMIZI,2024,400.0,1280.0,Summer,44.12,11266.67,13.62,3200.0,İzmir,Bayındır
LAHANA KIRMIZI,2024,400.0,1280.0,Fall,43.82,11266.67,16.13,3200.0,İzmir,Bayındır
LAHANA KIRMIZI,2024,41.0,75.0,Winter,40.18,11266.67,13.99,1829.2682926829268,İzmir,Bergama
LAHANA KIRMIZI,2024,41.0,75.0,Spring,42.39,11266.67,11.63,1829.2682926829268,İzmir,Bergama
LAHANA KIRMIZI,2024,41.0,75.0,Summer,44.12,11266.67,13.62,1829.2682926829268,İzmir,Bergama
LAHANA KIRMIZI,2024,41.0,75.0,Fall,43.82,11266.67,16.13,1829.2682926829268,İzmir,Bergama
LAHANA KIRMIZI,2024,55.0,110.0,Winter,40.18,11266.67,13.99,2000.0,İzmir,Menderes
LAHANA KIRMIZI,2024,55.0,110.0,Spring,42.39,11266.67,11.63,2000.0,İzmir,Menderes
LAHANA KIRMIZI,2024,55.0,110.0,Summer,44.12,11266.67,13.62,2000.0,İzmir,Menderes
LAHANA KIRMIZI,2024,55.0,110.0,Fall,43.82,11266.67,16.13,2000.0,İzmir,Menderes
LAHANA KIRMIZI,2024,1850.0,4163.0,Winter,40.18,11266.67,13.99,2250.2702702702704,İzmir,Torbalı
LAHANA KIRMIZI,2024,1850.0,4163.0,Spring,42.39,11266.67,11.63,2250.2702702702704,İzmir,Torbalı
LAHANA KIRMIZI,2024,1850.0,4163.0,Summer,44.12,11266.67,13.62,2250.2702702702704,İzmir,Torbalı
LAHANA KIRMIZI,2024,1850.0,4163.0,Fall,43.82,11266.67,16.13,2250.2702702702704,İzmir,Torbalı
LAHANA KIRMIZI,2025,441.0,1411.0,Winter,46.61,14550.0,27.99,3199.546485260771,İzmir,Bayındır
LAHANA KIRMIZI,2025,441.0,1411.0,Spring,46.68,14550.0,21.8,3199.546485260771,İzmir,Bayındır
LAHANA KIRMIZI,2025,441.0,1411.0,Summer,52.69,14550.0,18.39,3199.546485260771,İzmir,Bayındır
LAHANA KIRMIZI,2025,441.0,1411.0,Fall,56.39,14550.0,20.68,3199.546485260771,İzmir,Bayındır
LAHANA KIRMIZI,2025,127.0,233.0,Winter,46.61,14550.0,27.99,1834.6456692913387,İzmir,Bergama
LAHANA KIRMIZI,2025,127.0,233.0,Spring,46.68,14550.0,21.8,1834.6456692913387,İzmir,Bergama
LAHANA KIRMIZI,2025,127.0,233.0,Summer,52.69,14550.0,18.39,1834.6456692913387,İzmir,Bergama
LAHANA KIRMIZI,2025,127.0,233.0,Fall,56.39,14550.0,20.68,1834.6456692913387,İzmir,Bergama
LAHANA KIRMIZI,2025,150.0,300.0,Winter,46.61,14550.0,27.99,2000.0,İzmir,Menderes
LAHANA KIRMIZI,2025,150.0,300.0,Spring,46.68,14550.0,21.8,2000.0,İzmir,Menderes
LAHANA KIRMIZI,2025,150.0,300.0,Summer,52.69,14550.0,18.39,2000.0,İzmir,Menderes
LAHANA KIRMIZI,2025,150.0,300.0,Fall,56.39,14550.0,20.68,2000.0,İzmir,Menderes
LAHANA KIRMIZI,2025,3150.0,7875.0,Winter,46.61,14550.0,27.99,2500.0,İzmir,Torbalı
LAHANA KIRMIZI,2025,3150.0,7875.0,Spring,46.68,14550.0,21.8,2500.0,İzmir,Torbalı
LAHANA KIRMIZI,2025,3150.0,7875.0,Summer,52.69,14550.0,18.39,2500.0,İzmir,Torbalı
LAHANA KIRMIZI,2025,3150.0,7875.0,Fall,56.39,14550.0,20.68,2500.0,İzmir,Torbalı
MARUL,2014,1170.0,1872.0,Winter,4.54,886.0,1.1,1600.0,İzmir,Bayındır
MARUL,2014,1170.0,1872.0,Spring,4.58,886.0,0.83,1600.0,İzmir,Bayındır
MARUL,2014,1170.0,1872.0,Summer,4.38,886.0,0.87,1600.0,İzmir,Bayındır
MARUL,2014,1170.0,1872.0,Fall,4.24,886.0,1.04,1600.0,İzmir,Bayındır
MARUL,2014,800.0,1280.0,Winter,4.54,886.0,1.1,1600.0,İzmir,Bergama
MARUL,2014,800.0,1280.0,Spring,4.58,886.0,0.83,1600.0,İzmir,Bergama
MARUL,2014,800.0,1280.0,Summer,4.38,886.0,0.87,1600.0,İzmir,Bergama
MARUL,2014,800.0,1280.0,Fall,4.24,886.0,1.04,1600.0,İzmir,Bergama
MARUL,2014,2200.0,7040.0,Winter,4.54,886.0,1.1,3200.0,İzmir,Menderes
MARUL,2014,2200.0,7040.0,Spring,4.58,886.0,0.83,3200.0,İzmir,Menderes
MARUL,2014,2200.0,7040.0,Summer,4.38,886.0,0.87,3200.0,İzmir,Menderes
MARUL,2014,2200.0,7040.0,Fall,4.24,886.0,1.04,3200.0,İzmir,Menderes
MARUL,2014,300.0,450.0,Winter,4.54,886.0,1.1,1500.0,İzmir,Tire
MARUL,2014,300.0,450.0,Spring,4.58,886.0,0.83,1500.0,İzmir,Tire
MARUL,2014,300.0,450.0,Summer,4.38,886.0,0.87,1500.0,İzmir,Tire
MARUL,2014,300.0,450.0,Fall,4.24,886.0,1.04,1500.0,İzmir,Tire
MARUL,2014,460.0,1245.0,Winter,4.54,886.0,1.1,2706.521739130435,İzmir,Torbalı
MARUL,2014,460.0,1245.0,Spring,4.58,886.0,0.83,2706.521739130435,İzmir,Torbalı
MARUL,2014,460.0,1245.0,Summer,4.38,886.0,0.87,2706.521739130435,İzmir,Torbalı
MARUL,2014,460.0,1245.0,Fall,4.24,886.0,1.04,2706.521739130435,İzmir,Torbalı
MARUL,2014,1016.0,3561.0,Winter,4.54,886.0,1.1,3504.9212598425197,İzmir,Ödemiş
MARUL,2014,1016.0,3561.0,Spring,4.58,886.0,0.83,3504.9212598425197,İzmir,Ödemiş
MARUL,2014,1016.0,3561.0,Summer,4.38,886.0,0.87,3504.9212598425197,İzmir,Ödemiş
MARUL,2014,1016.0,3561.0,Fall,4.24,886.0,1.04,3504.9212598425197,İzmir,Ödemiş
MARUL,2015,1400.0,2240.0,Winter,3.75,903.33,1.18,1600.0,İzmir,Bayındır
MARUL,2015,1400.0,2240.0,Spring,3.93,903.33,1.36,1600.0,İzmir,Bayındır
MARUL,2015,1400.0,2240.0,Summer,3.9,903.33,0.81,1600.0,İzmir,Bayındır
MARUL,2015,1400.0,2240.0,Fall,3.84,903.33,1.01,1600.0,İzmir,Bayındır
MARUL,2015,800.0,1280.0,Winter,3.75,903.33,1.18,1600.0,İzmir,Bergama
MARUL,2015,800.0,1280.0,Spring,3.93,903.33,1.36,1600.0,İzmir,Bergama
MARUL,2015,800.0,1280.0,Summer,3.9,903.33,0.81,1600.0,İzmir,Bergama
MARUL,2015,800.0,1280.0,Fall,3.84,903.33,1.01,1600.0,İzmir,Bergama
MARUL,2015,2200.0,7040.0,Winter,3.75,903.33,1.18,3200.0,İzmir,Menderes
MARUL,2015,2200.0,7040.0,Spring,3.93,903.33,1.36,3200.0,İzmir,Menderes
MARUL,2015,2200.0,7040.0,Summer,3.9,903.33,0.81,3200.0,İzmir,Menderes
MARUL,2015,2200.0,7040.0,Fall,3.84,903.33,1.01,3200.0,İzmir,Menderes
MARUL,2015,325.0,488.0,Winter,3.75,903.33,1.18,1501.5384615384614,İzmir,Tire
MARUL,2015,325.0,488.0,Spring,3.93,903.33,1.36,1501.5384615384614,İzmir,Tire
MARUL,2015,325.0,488.0,Summer,3.9,903.33,0.81,1501.5384615384614,İzmir,Tire
MARUL,2015,325.0,488.0,Fall,3.84,903.33,1.01,1501.5384615384614,İzmir,Tire
MARUL,2015,300.0,875.0,Winter,3.75,903.33,1.18,2916.6666666666665,İzmir,Torbalı
MARUL,2015,300.0,875.0,Spring,3.93,903.33,1.36,2916.6666666666665,İzmir,Torbalı
MARUL,2015,300.0,875.0,Summer,3.9,903.33,0.81,2916.6666666666665,İzmir,Torbalı
MARUL,2015,300.0,875.0,Fall,3.84,903.33,1.01,2916.6666666666665,İzmir,Torbalı
MARUL,2015,1016.0,3561.0,Winter,3.75,903.33,1.18,3504.9212598425197,İzmir,Ödemiş
MARUL,2015,1016.0,3561.0,Spring,3.93,903.33,1.36,3504.9212598425197,İzmir,Ödemiş
MARUL,2015,1016.0,3561.0,Summer,3.9,903.33,0.81,3504.9212598425197,İzmir,Ödemiş
MARUL,2015,1016.0,3561.0,Fall,3.84,903.33,1.01,3504.9212598425197,İzmir,Ödemiş
MARUL,2016,1416.0,2253.0,Winter,3.48,822.67,1.22,1591.1016949152543,İzmir,Bayındır
MARUL,2016,1416.0,2253.0,Spring,3.63,822.67,0.85,1591.1016949152543,İzmir,Bayındır
MARUL,2016,1416.0,2253.0,Summer,3.79,822.67,0.97,1591.1016949152543,İzmir,Bayındır
MARUL,2016,1416.0,2253.0,Fall,4.13,822.67,1.06,1591.1016949152543,İzmir,Bayındır
MARUL,2016,800.0,1272.0,Winter,3.48,822.67,1.22,1590.0,İzmir,Bergama
MARUL,2016,800.0,1272.0,Spring,3.63,822.67,0.85,1590.0,İzmir,Bergama
MARUL,2016,800.0,1272.0,Summer,3.79,822.67,0.97,1590.0,İzmir,Bergama
MARUL,2016,800.0,1272.0,Fall,4.13,822.67,1.06,1590.0,İzmir,Bergama
MARUL,2016,2200.0,7040.0,Winter,3.48,822.67,1.22,3200.0,İzmir,Menderes
MARUL,2016,2200.0,7040.0,Spring,3.63,822.67,0.85,3200.0,İzmir,Menderes
MARUL,2016,2200.0,7040.0,Summer,3.79,822.67,0.97,3200.0,İzmir,Menderes
MARUL,2016,2200.0,7040.0,Fall,4.13,822.67,1.06,3200.0,İzmir,Menderes
MARUL,2016,350.0,540.0,Winter,3.48,822.67,1.22,1542.857142857143,İzmir,Tire
MARUL,2016,350.0,540.0,Spring,3.63,822.67,0.85,1542.857142857143,İzmir,Tire
MARUL,2016,350.0,540.0,Summer,3.79,822.67,0.97,1542.857142857143,İzmir,Tire
MARUL,2016,350.0,540.0,Fall,4.13,822.67,1.06,1542.857142857143,İzmir,Tire
MARUL,2016,275.0,800.0,Winter,3.48,822.67,1.22,2909.090909090909,İzmir,Torbalı
MARUL,2016,275.0,800.0,Spring,3.63,822.67,0.85,2909.090909090909,İzmir,Torbalı
MARUL,2016,275.0,800.0,Summer,3.79,822.67,0.97,2909.090909090909,İzmir,Torbalı
MARUL,2016,275.0,800.0,Fall,4.13,822.67,1.06,2909.090909090909,İzmir,Torbalı
MARUL,2016,1016.0,3540.0,Winter,3.48,822.67,1.22,3484.251968503937,İzmir,Ödemiş
MARUL,2016,1016.0,3540.0,Spring,3.63,822.67,0.85,3484.251968503937,İzmir,Ödemiş
MARUL,2016,1016.0,3540.0,Summer,3.79,822.67,0.97,3484.251968503937,İzmir,Ödemiş
MARUL,2016,1016.0,3540.0,Fall,4.13,822.67,1.06,3484.251968503937,İzmir,Ödemiş
MARUL,2017,1416.0,2266.0,Winter,4.59,906.33,1.44,1600.2824858757062,İzmir,Bayındır
MARUL,2017,1416.0,2266.0,Spring,4.55,906.33,1.1,1600.2824858757062,İzmir,Bayındır
MARUL,2017,1416.0,2266.0,Summer,4.48,906.33,1.01,1600.2824858757062,İzmir,Bayındır
MARUL,2017,1416.0,2266.0,Fall,4.83,906.33,1.08,1600.2824858757062,İzmir,Bayındır
MARUL,2017,800.0,1280.0,Winter,4.59,906.33,1.44,1600.0,İzmir,Bergama
MARUL,2017,800.0,1280.0,Spring,4.55,906.33,1.1,1600.0,İzmir,Bergama
MARUL,2017,800.0,1280.0,Summer,4.48,906.33,1.01,1600.0,İzmir,Bergama
MARUL,2017,800.0,1280.0,Fall,4.83,906.33,1.08,1600.0,İzmir,Bergama
MARUL,2017,2200.0,7040.0,Winter,4.59,906.33,1.44,3200.0,İzmir,Menderes
MARUL,2017,2200.0,7040.0,Spring,4.55,906.33,1.1,3200.0,İzmir,Menderes
MARUL,2017,2200.0,7040.0,Summer,4.48,906.33,1.01,3200.0,İzmir,Menderes
MARUL,2017,2200.0,7040.0,Fall,4.83,906.33,1.08,3200.0,İzmir,Menderes
MARUL,2017,300.0,450.0,Winter,4.59,906.33,1.44,1500.0,İzmir,Tire
MARUL,2017,300.0,450.0,Spring,4.55,906.33,1.1,1500.0,İzmir,Tire
MARUL,2017,300.0,450.0,Summer,4.48,906.33,1.01,1500.0,İzmir,Tire
MARUL,2017,300.0,450.0,Fall,4.83,906.33,1.08,1500.0,İzmir,Tire
MARUL,2017,360.0,1060.0,Winter,4.59,906.33,1.44,2944.4444444444443,İzmir,Torbalı
MARUL,2017,360.0,1060.0,Spring,4.55,906.33,1.1,2944.4444444444443,İzmir,Torbalı
MARUL,2017,360.0,1060.0,Summer,4.48,906.33,1.01,2944.4444444444443,İzmir,Torbalı
MARUL,2017,360.0,1060.0,Fall,4.83,906.33,1.08,2944.4444444444443,İzmir,Torbalı
MARUL,2017,1016.0,3561.0,Winter,4.59,906.33,1.44,3504.9212598425197,İzmir,Ödemiş
MARUL,2017,1016.0,3561.0,Spring,4.55,906.33,1.1,3504.9212598425197,İzmir,Ödemiş
MARUL,2017,1016.0,3561.0,Summer,4.48,906.33,1.01,3504.9212598425197,İzmir,Ödemiş
MARUL,2017,1016.0,3561.0,Fall,4.83,906.33,1.08,3504.9212598425197,İzmir,Ödemiş
MARUL,2018,1000.0,1600.0,Winter,5.11,1217.33,1.21,1600.0,İzmir,Bayındır
MARUL,2018,1000.0,1600.0,Spring,5.46,1217.33,1.32,1600.0,İzmir,Bayındır
MARUL,2018,1000.0,1600.0,Summer,5.81,1217.33,1.3,1600.0,İzmir,Bayındır
MARUL,2018,1000.0,1600.0,Fall,6.34,1217.33,1.23,1600.0,İzmir,Bayındır
MARUL,2018,800.0,1280.0,Winter,5.11,1217.33,1.21,1600.0,İzmir,Bergama
MARUL,2018,800.0,1280.0,Spring,5.46,1217.33,1.32,1600.0,İzmir,Bergama
MARUL,2018,800.0,1280.0,Summer,5.81,1217.33,1.3,1600.0,İzmir,Bergama
MARUL,2018,800.0,1280.0,Fall,6.34,1217.33,1.23,1600.0,İzmir,Bergama
MARUL,2018,700.0,2240.0,Winter,5.11,1217.33,1.21,3200.0,İzmir,Menderes
MARUL,2018,700.0,2240.0,Spring,5.46,1217.33,1.32,3200.0,İzmir,Menderes
MARUL,2018,700.0,2240.0,Summer,5.81,1217.33,1.3,3200.0,İzmir,Menderes
MARUL,2018,700.0,2240.0,Fall,6.34,1217.33,1.23,3200.0,İzmir,Menderes
MARUL,2018,500.0,750.0,Winter,5.11,1217.33,1.21,1500.0,İzmir,Tire
MARUL,2018,500.0,750.0,Spring,5.46,1217.33,1.32,1500.0,İzmir,Tire
MARUL,2018,500.0,750.0,Summer,5.81,1217.33,1.3,1500.0,İzmir,Tire
MARUL,2018,500.0,750.0,Fall,6.34,1217.33,1.23,1500.0,İzmir,Tire
MARUL,2018,562.0,1674.0,Winter,5.11,1217.33,1.21,2978.6476868327404,İzmir,Torbalı
MARUL,2018,562.0,1674.0,Spring,5.46,1217.33,1.32,2978.6476868327404,İzmir,Torbalı
MARUL,2018,562.0,1674.0,Summer,5.81,1217.33,1.3,2978.6476868327404,İzmir,Torbalı
MARUL,2018,562.0,1674.0,Fall,6.34,1217.33,1.23,2978.6476868327404,İzmir,Torbalı
MARUL,2018,1016.0,3561.0,Winter,5.11,1217.33,1.21,3504.9212598425197,İzmir,Ödemiş
MARUL,2018,1016.0,3561.0,Spring,5.46,1217.33,1.32,3504.9212598425197,İzmir,Ödemiş
MARUL,2018,1016.0,3561.0,Summer,5.81,1217.33,1.3,3504.9212598425197,İzmir,Ödemiş
MARUL,2018,1016.0,3561.0,Fall,6.34,1217.33,1.23,3504.9212598425197,İzmir,Ödemiş
MARUL,2019,1300.0,2080.0,Winter,6.0,1486.33,1.9,1600.0,İzmir,Bayındır
MARUL,2019,1300.0,2080.0,Spring,6.44,1486.33,1.68,1600.0,İzmir,Bayındır
MARUL,2019,1300.0,2080.0,Summer,6.38,1486.33,1.37,1600.0,İzmir,Bayındır
MARUL,2019,1300.0,2080.0,Fall,6.53,1486.33,1.29,1600.0,İzmir,Bayındır
MARUL,2019,800.0,1280.0,Winter,6.0,1486.33,1.9,1600.0,İzmir,Bergama
MARUL,2019,800.0,1280.0,Spring,6.44,1486.33,1.68,1600.0,İzmir,Bergama
MARUL,2019,800.0,1280.0,Summer,6.38,1486.33,1.37,1600.0,İzmir,Bergama
MARUL,2019,800.0,1280.0,Fall,6.53,1486.33,1.29,1600.0,İzmir,Bergama
MARUL,2019,700.0,2240.0,Winter,6.0,1486.33,1.9,3200.0,İzmir,Menderes
MARUL,2019,700.0,2240.0,Spring,6.44,1486.33,1.68,3200.0,İzmir,Menderes
MARUL,2019,700.0,2240.0,Summer,6.38,1486.33,1.37,3200.0,İzmir,Menderes
MARUL,2019,700.0,2240.0,Fall,6.53,1486.33,1.29,3200.0,İzmir,Menderes
MARUL,2019,500.0,750.0,Winter,6.0,1486.33,1.9,1500.0,İzmir,Tire
MARUL,2019,500.0,750.0,Spring,6.44,1486.33,1.68,1500.0,İzmir,Tire
MARUL,2019,500.0,750.0,Summer,6.38,1486.33,1.37,1500.0,İzmir,Tire
MARUL,2019,500.0,750.0,Fall,6.53,1486.33,1.29,1500.0,İzmir,Tire
MARUL,2019,590.0,1639.0,Winter,6.0,1486.33,1.9,2777.9661016949153,İzmir,Torbalı
MARUL,2019,590.0,1639.0,Spring,6.44,1486.33,1.68,2777.9661016949153,İzmir,Torbalı
MARUL,2019,590.0,1639.0,Summer,6.38,1486.33,1.37,2777.9661016949153,İzmir,Torbalı
MARUL,2019,590.0,1639.0,Fall,6.53,1486.33,1.29,2777.9661016949153,İzmir,Torbalı
MARUL,2019,1016.0,3561.0,Winter,6.0,1486.33,1.9,3504.9212598425197,İzmir,Ödemiş
MARUL,2019,1016.0,3561.0,Spring,6.44,1486.33,1.68,3504.9212598425197,İzmir,Ödemiş
MARUL,2019,1016.0,3561.0,Summer,6.38,1486.33,1.37,3504.9212598425197,İzmir,Ödemiş
MARUL,2019,1016.0,3561.0,Fall,6.53,1486.33,1.29,3504.9212598425197,İzmir,Ödemiş
MARUL,2020,1300.0,2080.0,Winter,6.57,2226.67,1.53,1600.0,İzmir,Bayındır
MARUL,2020,1300.0,2080.0,Spring,5.51,2226.67,1.5,1600.0,İzmir,Bayındır
MARUL,2020,1300.0,2080.0,Summer,5.98,2226.67,1.48,1600.0,İzmir,Bayındır
MARUL,2020,1300.0,2080.0,Fall,6.2,2226.67,1.81,1600.0,İzmir,Bayındır
MARUL,2020,800.0,1280.0,Winter,6.57,2226.67,1.53,1600.0,İzmir,Bergama
MARUL,2020,800.0,1280.0,Spring,5.51,2226.67,1.5,1600.0,İzmir,Bergama
MARUL,2020,800.0,1280.0,Summer,5.98,2226.67,1.48,1600.0,İzmir,Bergama
MARUL,2020,800.0,1280.0,Fall,6.2,2226.67,1.81,1600.0,İzmir,Bergama
MARUL,2020,700.0,2240.0,Winter,6.57,2226.67,1.53,3200.0,İzmir,Menderes
MARUL,2020,700.0,2240.0,Spring,5.51,2226.67,1.5,3200.0,İzmir,Menderes
MARUL,2020,700.0,2240.0,Summer,5.98,2226.67,1.48,3200.0,İzmir,Menderes
MARUL,2020,700.0,2240.0,Fall,6.2,2226.67,1.81,3200.0,İzmir,Menderes
MARUL,2020,500.0,750.0,Winter,6.57,2226.67,1.53,1500.0,İzmir,Tire
MARUL,2020,500.0,750.0,Spring,5.51,2226.67,1.5,1500.0,İzmir,Tire
MARUL,2020,500.0,750.0,Summer,5.98,2226.67,1.48,1500.0,İzmir,Tire
MARUL,2020,500.0,750.0,Fall,6.2,2226.67,1.81,1500.0,İzmir,Tire
MARUL,2020,405.0,1133.0,Winter,6.57,2226.67,1.53,2797.5308641975307,İzmir,Torbalı
MARUL,2020,405.0,1133.0,Spring,5.51,2226.67,1.5,2797.5308641975307,İzmir,Torbalı
MARUL,2020,405.0,1133.0,Summer,5.98,2226.67,1.48,2797.5308641975307,İzmir,Torbalı
MARUL,2020,405.0,1133.0,Fall,6.2,2226.67,1.81,2797.5308641975307,İzmir,Torbalı
MARUL,2020,1000.0,2500.0,Winter,6.57,2226.67,1.53,2500.0,İzmir,Ödemiş
MARUL,2020,1000.0,2500.0,Spring,5.51,2226.67,1.5,2500.0,İzmir,Ödemiş
MARUL,2020,1000.0,2500.0,Summer,5.98,2226.67,1.48,2500.0,İzmir,Ödemiş
MARUL,2020,1000.0,2500.0,Fall,6.2,2226.67,1.81,2500.0,İzmir,Ödemiş
MARUL,2021,1300.0,2080.0,Winter,6.71,6709.0,1.81,1600.0,İzmir,Bayındır
MARUL,2021,1300.0,2080.0,Spring,6.69,6709.0,1.93,1600.0,İzmir,Bayındır
MARUL,2021,1300.0,2080.0,Summer,7.34,6709.0,2.39,1600.0,İzmir,Bayındır
MARUL,2021,1300.0,2080.0,Fall,7.99,6709.0,3.42,1600.0,İzmir,Bayındır
MARUL,2021,14.0,22.0,Winter,6.71,6709.0,1.81,1571.4285714285713,İzmir,Bergama
MARUL,2021,14.0,22.0,Spring,6.69,6709.0,1.93,1571.4285714285713,İzmir,Bergama
MARUL,2021,14.0,22.0,Summer,7.34,6709.0,2.39,1571.4285714285713,İzmir,Bergama
MARUL,2021,14.0,22.0,Fall,7.99,6709.0,3.42,1571.4285714285713,İzmir,Bergama
MARUL,2021,420.0,1344.0,Winter,6.71,6709.0,1.81,3200.0,İzmir,Menderes
MARUL,2021,420.0,1344.0,Spring,6.69,6709.0,1.93,3200.0,İzmir,Menderes
MARUL,2021,420.0,1344.0,Summer,7.34,6709.0,2.39,3200.0,İzmir,Menderes
MARUL,2021,420.0,1344.0,Fall,7.99,6709.0,3.42,3200.0,İzmir,Menderes
MARUL,2021,836.0,1254.0,Winter,6.71,6709.0,1.81,1500.0,İzmir,Tire
MARUL,2021,836.0,1254.0,Spring,6.69,6709.0,1.93,1500.0,İzmir,Tire
MARUL,2021,836.0,1254.0,Summer,7.34,6709.0,2.39,1500.0,İzmir,Tire
MARUL,2021,836.0,1254.0,Fall,7.99,6709.0,3.42,1500.0,İzmir,Tire
MARUL,2021,323.0,869.0,Winter,6.71,6709.0,1.81,2690.4024767801857,İzmir,Torbalı
MARUL,2021,323.0,869.0,Spring,6.69,6709.0,1.93,2690.4024767801857,İzmir,Torbalı
MARUL,2021,323.0,869.0,Summer,7.34,6709.0,2.39,2690.4024767801857,İzmir,Torbalı
MARUL,2021,323.0,869.0,Fall,7.99,6709.0,3.42,2690.4024767801857,İzmir,Torbalı
MARUL,2021,1300.0,5525.0,Winter,6.71,6709.0,1.81,4250.0,İzmir,Ödemiş
MARUL,2021,1300.0,5525.0,Spring,6.69,6709.0,1.93,4250.0,İzmir,Ödemiş
MARUL,2021,1300.0,5525.0,Summer,7.34,6709.0,2.39,4250.0,İzmir,Ödemiş
MARUL,2021,1300.0,5525.0,Fall,7.99,6709.0,3.42,4250.0,İzmir,Ödemiş
MARUL,2022,1400.0,2240.0,Winter,13.29,15353.33,3.42,1600.0,İzmir,Bayındır
MARUL,2022,1400.0,2240.0,Spring,21.62,15353.33,5.87,1600.0,İzmir,Bayındır
MARUL,2022,1400.0,2240.0,Summer,26.18,15353.33,4.24,1600.0,İzmir,Bayındır
MARUL,2022,1400.0,2240.0,Fall,25.49,15353.33,5.46,1600.0,İzmir,Bayındır
MARUL,2022,13.0,20.0,Winter,13.29,15353.33,3.42,1538.4615384615386,İzmir,Bergama
MARUL,2022,13.0,20.0,Spring,21.62,15353.33,5.87,1538.4615384615386,İzmir,Bergama
MARUL,2022,13.0,20.0,Summer,26.18,15353.33,4.24,1538.4615384615386,İzmir,Bergama
MARUL,2022,13.0,20.0,Fall,25.49,15353.33,5.46,1538.4615384615386,İzmir,Bergama
MARUL,2022,420.0,1344.0,Winter,13.29,15353.33,3.42,3200.0,İzmir,Menderes
MARUL,2022,420.0,1344.0,Spring,21.62,15353.33,5.87,3200.0,İzmir,Menderes
MARUL,2022,420.0,1344.0,Summer,26.18,15353.33,4.24,3200.0,İzmir,Menderes
MARUL,2022,420.0,1344.0,Fall,25.49,15353.33,5.46,3200.0,İzmir,Menderes
MARUL,2022,3124.0,4686.0,Winter,13.29,15353.33,3.42,1500.0,İzmir,Tire
MARUL,2022,3124.0,4686.0,Spring,21.62,15353.33,5.87,1500.0,İzmir,Tire
MARUL,2022,3124.0,4686.0,Summer,26.18,15353.33,4.24,1500.0,İzmir,Tire
MARUL,2022,3124.0,4686.0,Fall,25.49,15353.33,5.46,1500.0,İzmir,Tire
MARUL,2022,507.0,1389.0,Winter,13.29,15353.33,3.42,2739.644970414201,İzmir,Torbalı
MARUL,2022,507.0,1389.0,Spring,21.62,15353.33,5.87,2739.644970414201,İzmir,Torbalı
MARUL,2022,507.0,1389.0,Summer,26.18,15353.33,4.24,2739.644970414201,İzmir,Torbalı
MARUL,2022,507.0,1389.0,Fall,25.49,15353.33,5.46,2739.644970414201,İzmir,Torbalı
MARUL,2022,1300.0,5525.0,Winter,13.29,15353.33,3.42,4250.0,İzmir,Ödemiş
MARUL,2022,1300.0,5525.0,Spring,21.62,15353.33,5.87,4250.0,İzmir,Ödemiş
MARUL,2022,1300.0,5525.0,Summer,26.18,15353.33,4.24,4250.0,İzmir,Ödemiş
MARUL,2022,1300.0,5525.0,Fall,25.49,15353.33,5.46,4250.0,İzmir,Ödemiş
MARUL,2023,2125.0,3400.0,Winter,22.27,10488.0,7.48,1600.0,İzmir,Bayındır
MARUL,2023,2125.0,3400.0,Spring,20.55,10488.0,8.39,1600.0,İzmir,Bayındır
MARUL,2023,2125.0,3400.0,Summer,30.3,10488.0,16.53,1600.0,İzmir,Bayındır
MARUL,2023,2125.0,3400.0,Fall,39.39,10488.0,18.1,1600.0,İzmir,Bayındır
MARUL,2023,53.0,144.0,Winter,22.27,10488.0,7.48,2716.9811320754716,İzmir,Bergama
MARUL,2023,53.0,144.0,Spring,20.55,10488.0,8.39,2716.9811320754716,İzmir,Bergama
MARUL,2023,53.0,144.0,Summer,30.3,10488.0,16.53,2716.9811320754716,İzmir,Bergama
MARUL,2023,53.0,144.0,Fall,39.39,10488.0,18.1,2716.9811320754716,İzmir,Bergama
MARUL,2023,150.0,480.0,Winter,22.27,10488.0,7.48,3200.0,İzmir,Menderes
MARUL,2023,150.0,480.0,Spring,20.55,10488.0,8.39,3200.0,İzmir,Menderes
MARUL,2023,150.0,480.0,Summer,30.3,10488.0,16.53,3200.0,İzmir,Menderes
MARUL,2023,150.0,480.0,Fall,39.39,10488.0,18.1,3200.0,İzmir,Menderes
MARUL,2023,4150.0,6225.0,Winter,22.27,10488.0,7.48,1500.0,İzmir,Tire
MARUL,2023,4150.0,6225.0,Spring,20.55,10488.0,8.39,1500.0,İzmir,Tire
MARUL,2023,4150.0,6225.0,Summer,30.3,10488.0,16.53,1500.0,İzmir,Tire
MARUL,2023,4150.0,6225.0,Fall,39.39,10488.0,18.1,1500.0,İzmir,Tire
MARUL,2023,495.0,1229.0,Winter,22.27,10488.0,7.48,2482.8282828282827,İzmir,Torbalı
MARUL,2023,495.0,1229.0,Spring,20.55,10488.0,8.39,2482.8282828282827,İzmir,Torbalı
MARUL,2023,495.0,1229.0,Summer,30.3,10488.0,16.53,2482.8282828282827,İzmir,Torbalı
MARUL,2023,495.0,1229.0,Fall,39.39,10488.0,18.1,2482.8282828282827,İzmir,Torbalı
MARUL,2023,1000.0,4250.0,Winter,22.27,10488.0,7.48,4250.0,İzmir,Ödemiş
MARUL,2023,1000.0,4250.0,Spring,20.55,10488.0,8.39,4250.0,İzmir,Ödemiş
MARUL,2023,1000.0,4250.0,Summer,30.3,10488.0,16.53,4250.0,İzmir,Ödemiş
MARUL,2023,1000.0,4250.0,Fall,39.39,10488.0,18.1,4250.0,İzmir,Ödemiş
MARUL,2024,2500.0,4000.0,Winter,40.18,11266.67,14.94,1600.0,İzmir,Bayındır
MARUL,2024,2500.0,4000.0,Spring,42.39,11266.67,14.96,1600.0,İzmir,Bayındır
MARUL,2024,2500.0,4000.0,Summer,44.12,11266.67,16.86,1600.0,İzmir,Bayındır
MARUL,2024,2500.0,4000.0,Fall,43.82,11266.67,19.37,1600.0,İzmir,Bayındır
MARUL,2024,111.0,216.0,Winter,40.18,11266.67,14.94,1945.945945945946,İzmir,Bergama
MARUL,2024,111.0,216.0,Spring,42.39,11266.67,14.96,1945.945945945946,İzmir,Bergama
MARUL,2024,111.0,216.0,Summer,44.12,11266.67,16.86,1945.945945945946,İzmir,Bergama
MARUL,2024,111.0,216.0,Fall,43.82,11266.67,19.37,1945.945945945946,İzmir,Bergama
MARUL,2024,300.0,960.0,Winter,40.18,11266.67,14.94,3200.0,İzmir,Menderes
MARUL,2024,300.0,960.0,Spring,42.39,11266.67,14.96,3200.0,İzmir,Menderes
MARUL,2024,300.0,960.0,Summer,44.12,11266.67,16.86,3200.0,İzmir,Menderes
MARUL,2024,300.0,960.0,Fall,43.82,11266.67,19.37,3200.0,İzmir,Menderes
MARUL,2024,5600.0,8400.0,Winter,40.18,11266.67,14.94,1500.0,İzmir,Tire
MARUL,2024,5600.0,8400.0,Spring,42.39,11266.67,14.96,1500.0,İzmir,Tire
MARUL,2024,5600.0,8400.0,Summer,44.12,11266.67,16.86,1500.0,İzmir,Tire
MARUL,2024,5600.0,8400.0,Fall,43.82,11266.67,19.37,1500.0,İzmir,Tire
MARUL,2024,690.0,1725.0,Winter,40.18,11266.67,14.94,2500.0,İzmir,Torbalı
MARUL,2024,690.0,1725.0,Spring,42.39,11266.67,14.96,2500.0,İzmir,Torbalı
MARUL,2024,690.0,1725.0,Summer,44.12,11266.67,16.86,2500.0,İzmir,Torbalı
MARUL,2024,690.0,1725.0,Fall,43.82,11266.67,19.37,2500.0,İzmir,Torbalı
MARUL,2024,1000.0,4000.0,Winter,40.18,11266.67,14.94,4000.0,İzmir,Ödemiş
MARUL,2024,1000.0,4000.0,Spring,42.39,11266.67,14.96,4000.0,İzmir,Ödemiş
MARUL,2024,1000.0,4000.0,Summer,44.12,11266.67,16.86,4000.0,İzmir,Ödemiş
MARUL,2024,1000.0,4000.0,Fall,43.82,11266.67,19.37,4000.0,İzmir,Ödemiş
MARUL,2025,4212.0,17016.0,Winter,46.61,14550.0,21.47,4039.8860398860397,İzmir,Bayındır
MARUL,2025,4212.0,17016.0,Spring,46.68,14550.0,19.7,4039.8860398860397,İzmir,Bayındır
MARUL,2025,4212.0,17016.0,Summer,52.69,14550.0,18.2,4039.8860398860397,İzmir,Bayındır
MARUL,2025,4212.0,17016.0,Fall,56.39,14550.0,22.13,4039.8860398860397,İzmir,Bayındır
MARUL,2025,45.0,87.0,Winter,46.61,14550.0,21.47,1933.3333333333333,İzmir,Bergama
MARUL,2025,45.0,87.0,Spring,46.68,14550.0,19.7,1933.3333333333333,İzmir,Bergama
MARUL,2025,45.0,87.0,Summer,52.69,14550.0,18.2,1933.3333333333333,İzmir,Bergama
MARUL,2025,45.0,87.0,Fall,56.39,14550.0,22.13,1933.3333333333333,İzmir,Bergama
MARUL,2025,100.0,323.0,Winter,46.61,14550.0,21.47,3230.0,İzmir,Menderes
MARUL,2025,100.0,323.0,Spring,46.68,14550.0,19.7,3230.0,İzmir,Menderes
MARUL,2025,100.0,323.0,Summer,52.69,14550.0,18.2,3230.0,İzmir,Menderes
MARUL,2025,100.0,323.0,Fall,56.39,14550.0,22.13,3230.0,İzmir,Menderes
MARUL,2025,5000.0,20220.0,Winter,46.61,14550.0,21.47,4044.0,İzmir,Tire
MARUL,2025,5000.0,20220.0,Spring,46.68,14550.0,19.7,4044.0,İzmir,Tire
MARUL,2025,5000.0,20220.0,Summer,52.69,14550.0,18.2,4044.0,İzmir,Tire
MARUL,2025,5000.0,20220.0,Fall,56.39,14550.0,22.13,4044.0,İzmir,Tire
MARUL,2025,1555.0,5441.0,Winter,46.61,14550.0,21.47,3499.0353697749197,İzmir,Torbalı
MARUL,2025,1555.0,5441.0,Spring,46.68,14550.0,19.7,3499.0353697749197,İzmir,Torbalı
MARUL,2025,1555.0,5441.0,Summer,52.69,14550.0,18.2,3499.0353697749197,İzmir,Torbalı
MARUL,2025,1555.0,5441.0,Fall,56.39,14550.0,22.13,3499.0353697749197,İzmir,Torbalı
MARUL,2025,1000.0,4040.0,Winter,46.61,14550.0,21.47,4040.0,İzmir,Ödemiş
MARUL,2025,1000.0,4040.0,Spring,46.68,14550.0,19.7,4040.0,İzmir,Ödemiş
MARUL,2025,1000.0,4040.0,Summer,52.69,14550.0,18.2,4040.0,İzmir,Ödemiş
MARUL,2025,1000.0,4040.0,Fall,56.39,14550.0,22.13,4040.0,İzmir,Ödemiş
PATLICAN UZUN,2014,2000.0,6600.0,Winter,4.54,886.0,2.34,3300.0,İzmir,Bayındır
PATLICAN UZUN,2014,2000.0,6600.0,Spring,4.58,886.0,1.58,3300.0,İzmir,Bayındır
PATLICAN UZUN,2014,2000.0,6600.0,Summer,4.38,886.0,0.8,3300.0,İzmir,Bayındır
PATLICAN UZUN,2014,2000.0,6600.0,Fall,4.24,886.0,1.06,3300.0,İzmir,Bayındır
PATLICAN UZUN,2014,1400.0,2520.0,Winter,4.54,886.0,2.34,1800.0,İzmir,Bergama
PATLICAN UZUN,2014,1400.0,2520.0,Spring,4.58,886.0,1.58,1800.0,İzmir,Bergama
PATLICAN UZUN,2014,1400.0,2520.0,Summer,4.38,886.0,0.8,1800.0,İzmir,Bergama
PATLICAN UZUN,2014,1400.0,2520.0,Fall,4.24,886.0,1.06,1800.0,İzmir,Bergama
PATLICAN UZUN,2014,410.0,1046.0,Winter,4.54,886.0,2.34,2551.2195121951218,İzmir,Menderes
PATLICAN UZUN,2014,410.0,1046.0,Spring,4.58,886.0,1.58,2551.2195121951218,İzmir,Menderes
PATLICAN UZUN,2014,410.0,1046.0,Summer,4.38,886.0,0.8,2551.2195121951218,İzmir,Menderes
PATLICAN UZUN,2014,410.0,1046.0,Fall,4.24,886.0,1.06,2551.2195121951218,İzmir,Menderes
PATLICAN UZUN,2014,1500.0,4500.0,Winter,4.54,886.0,2.34,3000.0,İzmir,Tire
PATLICAN UZUN,2014,1500.0,4500.0,Spring,4.58,886.0,1.58,3000.0,İzmir,Tire
PATLICAN UZUN,2014,1500.0,4500.0,Summer,4.38,886.0,0.8,3000.0,İzmir,Tire
PATLICAN UZUN,2014,1500.0,4500.0,Fall,4.24,886.0,1.06,3000.0,İzmir,Tire
PATLICAN UZUN,2014,519.0,1555.0,Winter,4.54,886.0,2.34,2996.146435452794,İzmir,Torbalı
PATLICAN UZUN,2014,519.0,1555.0,Spring,4.58,886.0,1.58,2996.146435452794,İzmir,Torbalı
PATLICAN UZUN,2014,519.0,1555.0,Summer,4.38,886.0,0.8,2996.146435452794,İzmir,Torbalı
PATLICAN UZUN,2014,519.0,1555.0,Fall,4.24,886.0,1.06,2996.146435452794,İzmir,Torbalı
PATLICAN UZUN,2014,1500.0,6000.0,Winter,4.54,886.0,2.34,4000.0,İzmir,Ödemiş
PATLICAN UZUN,2014,1500.0,6000.0,Spring,4.58,886.0,1.58,4000.0,İzmir,Ödemiş
PATLICAN UZUN,2014,1500.0,6000.0,Summer,4.38,886.0,0.8,4000.0,İzmir,Ödemiş
PATLICAN UZUN,2014,1500.0,6000.0,Fall,4.24,886.0,1.06,4000.0,İzmir,Ödemiş
PATLICAN UZUN,2015,1000.0,3300.0,Winter,3.75,903.33,2.31,3300.0,İzmir,Bayındır
PATLICAN UZUN,2015,1000.0,3300.0,Spring,3.93,903.33,1.84,3300.0,İzmir,Bayındır
PATLICAN UZUN,2015,1000.0,3300.0,Summer,3.9,903.33,0.99,3300.0,İzmir,Bayındır
PATLICAN UZUN,2015,1000.0,3300.0,Fall,3.84,903.33,1.2,3300.0,İzmir,Bayındır
PATLICAN UZUN,2015,1400.0,2520.0,Winter,3.75,903.33,2.31,1800.0,İzmir,Bergama
PATLICAN UZUN,2015,1400.0,2520.0,Spring,3.93,903.33,1.84,1800.0,İzmir,Bergama
PATLICAN UZUN,2015,1400.0,2520.0,Summer,3.9,903.33,0.99,1800.0,İzmir,Bergama
PATLICAN UZUN,2015,1400.0,2520.0,Fall,3.84,903.33,1.2,1800.0,İzmir,Bergama
PATLICAN UZUN,2015,420.0,1076.0,Winter,3.75,903.33,2.31,2561.904761904762,İzmir,Menderes
PATLICAN UZUN,2015,420.0,1076.0,Spring,3.93,903.33,1.84,2561.904761904762,İzmir,Menderes
PATLICAN UZUN,2015,420.0,1076.0,Summer,3.9,903.33,0.99,2561.904761904762,İzmir,Menderes
PATLICAN UZUN,2015,420.0,1076.0,Fall,3.84,903.33,1.2,2561.904761904762,İzmir,Menderes
PATLICAN UZUN,2015,1480.0,4440.0,Winter,3.75,903.33,2.31,3000.0,İzmir,Tire
PATLICAN UZUN,2015,1480.0,4440.0,Spring,3.93,903.33,1.84,3000.0,İzmir,Tire
PATLICAN UZUN,2015,1480.0,4440.0,Summer,3.9,903.33,0.99,3000.0,İzmir,Tire
PATLICAN UZUN,2015,1480.0,4440.0,Fall,3.84,903.33,1.2,3000.0,İzmir,Tire
PATLICAN UZUN,2015,250.0,748.0,Winter,3.75,903.33,2.31,2992.0,İzmir,Torbalı
PATLICAN UZUN,2015,250.0,748.0,Spring,3.93,903.33,1.84,2992.0,İzmir,Torbalı
PATLICAN UZUN,2015,250.0,748.0,Summer,3.9,903.33,0.99,2992.0,İzmir,Torbalı
PATLICAN UZUN,2015,250.0,748.0,Fall,3.84,903.33,1.2,2992.0,İzmir,Torbalı
PATLICAN UZUN,2015,1500.0,6000.0,Winter,3.75,903.33,2.31,4000.0,İzmir,Ödemiş
PATLICAN UZUN,2015,1500.0,6000.0,Spring,3.93,903.33,1.84,4000.0,İzmir,Ödemiş
PATLICAN UZUN,2015,1500.0,6000.0,Summer,3.9,903.33,0.99,4000.0,İzmir,Ödemiş
PATLICAN UZUN,2015,1500.0,6000.0,Fall,3.84,903.33,1.2,4000.0,İzmir,Ödemiş
PATLICAN UZUN,2016,1000.0,3300.0,Winter,3.48,822.67,2.19,3300.0,İzmir,Bayındır
PATLICAN UZUN,2016,1000.0,3300.0,Spring,3.63,822.67,1.25,3300.0,İzmir,Bayındır
PATLICAN UZUN,2016,1000.0,3300.0,Summer,3.79,822.67,0.88,3300.0,İzmir,Bayındır
PATLICAN UZUN,2016,1000.0,3300.0,Fall,4.13,822.67,1.16,3300.0,İzmir,Bayındır
PATLICAN UZUN,2016,1400.0,2520.0,Winter,3.48,822.67,2.19,1800.0,İzmir,Bergama
PATLICAN UZUN,2016,1400.0,2520.0,Spring,3.63,822.67,1.25,1800.0,İzmir,Bergama
PATLICAN UZUN,2016,1400.0,2520.0,Summer,3.79,822.67,0.88,1800.0,İzmir,Bergama
PATLICAN UZUN,2016,1400.0,2520.0,Fall,4.13,822.67,1.16,1800.0,İzmir,Bergama
PATLICAN UZUN,2016,530.0,1451.0,Winter,3.48,822.67,2.19,2737.735849056604,İzmir,Menderes
PATLICAN UZUN,2016,530.0,1451.0,Spring,3.63,822.67,1.25,2737.735849056604,İzmir,Menderes
PATLICAN UZUN,2016,530.0,1451.0,Summer,3.79,822.67,0.88,2737.735849056604,İzmir,Menderes
PATLICAN UZUN,2016,530.0,1451.0,Fall,4.13,822.67,1.16,2737.735849056604,İzmir,Menderes
PATLICAN UZUN,2016,1500.0,4575.0,Winter,3.48,822.67,2.19,3050.0,İzmir,Tire
PATLICAN UZUN,2016,1500.0,4575.0,Spring,3.63,822.67,1.25,3050.0,İzmir,Tire
PATLICAN UZUN,2016,1500.0,4575.0,Summer,3.79,822.67,0.88,3050.0,İzmir,Tire
PATLICAN UZUN,2016,1500.0,4575.0,Fall,4.13,822.67,1.16,3050.0,İzmir,Tire
PATLICAN UZUN,2016,355.0,1063.0,Winter,3.48,822.67,2.19,2994.3661971830984,İzmir,Torbalı
PATLICAN UZUN,2016,355.0,1063.0,Spring,3.63,822.67,1.25,2994.3661971830984,İzmir,Torbalı
PATLICAN UZUN,2016,355.0,1063.0,Summer,3.79,822.67,0.88,2994.3661971830984,İzmir,Torbalı
PATLICAN UZUN,2016,355.0,1063.0,Fall,4.13,822.67,1.16,2994.3661971830984,İzmir,Torbalı
PATLICAN UZUN,2016,1500.0,6000.0,Winter,3.48,822.67,2.19,4000.0,İzmir,Ödemiş
PATLICAN UZUN,2016,1500.0,6000.0,Spring,3.63,822.67,1.25,4000.0,İzmir,Ödemiş
PATLICAN UZUN,2016,1500.0,6000.0,Summer,3.79,822.67,0.88,4000.0,İzmir,Ödemiş
PATLICAN UZUN,2016,1500.0,6000.0,Fall,4.13,822.67,1.16,4000.0,İzmir,Ödemiş
PATLICAN UZUN,2017,1000.0,3300.0,Winter,4.59,906.33,2.97,3300.0,İzmir,Bayındır
PATLICAN UZUN,2017,1000.0,3300.0,Spring,4.55,906.33,1.91,3300.0,İzmir,Bayındır
PATLICAN UZUN,2017,1000.0,3300.0,Summer,4.48,906.33,1.05,3300.0,İzmir,Bayındır
PATLICAN UZUN,2017,1000.0,3300.0,Fall,4.83,906.33,1.57,3300.0,İzmir,Bayındır
PATLICAN UZUN,2017,1200.0,2160.0,Winter,4.59,906.33,2.97,1800.0,İzmir,Bergama
PATLICAN UZUN,2017,1200.0,2160.0,Spring,4.55,906.33,1.91,1800.0,İzmir,Bergama
PATLICAN UZUN,2017,1200.0,2160.0,Summer,4.48,906.33,1.05,1800.0,İzmir,Bergama
PATLICAN UZUN,2017,1200.0,2160.0,Fall,4.83,906.33,1.57,1800.0,İzmir,Bergama
PATLICAN UZUN,2017,861.0,2234.0,Winter,4.59,906.33,2.97,2594.65737514518,İzmir,Menderes
PATLICAN UZUN,2017,861.0,2234.0,Spring,4.55,906.33,1.91,2594.65737514518,İzmir,Menderes
PATLICAN UZUN,2017,861.0,2234.0,Summer,4.48,906.33,1.05,2594.65737514518,İzmir,Menderes
PATLICAN UZUN,2017,861.0,2234.0,Fall,4.83,906.33,1.57,2594.65737514518,İzmir,Menderes
PATLICAN UZUN,2017,1500.0,4500.0,Winter,4.59,906.33,2.97,3000.0,İzmir,Tire
PATLICAN UZUN,2017,1500.0,4500.0,Spring,4.55,906.33,1.91,3000.0,İzmir,Tire
PATLICAN UZUN,2017,1500.0,4500.0,Summer,4.48,906.33,1.05,3000.0,İzmir,Tire
PATLICAN UZUN,2017,1500.0,4500.0,Fall,4.83,906.33,1.57,3000.0,İzmir,Tire
PATLICAN UZUN,2017,385.0,1153.0,Winter,4.59,906.33,2.97,2994.805194805195,İzmir,Torbalı
PATLICAN UZUN,2017,385.0,1153.0,Spring,4.55,906.33,1.91,2994.805194805195,İzmir,Torbalı
PATLICAN UZUN,2017,385.0,1153.0,Summer,4.48,906.33,1.05,2994.805194805195,İzmir,Torbalı
PATLICAN UZUN,2017,385.0,1153.0,Fall,4.83,906.33,1.57,2994.805194805195,İzmir,Torbalı
PATLICAN UZUN,2017,1900.0,7600.0,Winter,4.59,906.33,2.97,4000.0,İzmir,Ödemiş
PATLICAN UZUN,2017,1900.0,7600.0,Spring,4.55,906.33,1.91,4000.0,İzmir,Ödemiş
PATLICAN UZUN,2017,1900.0,7600.0,Summer,4.48,906.33,1.05,4000.0,İzmir,Ödemiş
PATLICAN UZUN,2017,1900.0,7600.0,Fall,4.83,906.33,1.57,4000.0,İzmir,Ödemiş
PATLICAN UZUN,2018,1000.0,3300.0,Winter,5.11,1217.33,2.41,3300.0,İzmir,Bayındır
PATLICAN UZUN,2018,1000.0,3300.0,Spring,5.46,1217.33,1.71,3300.0,İzmir,Bayındır
PATLICAN UZUN,2018,1000.0,3300.0,Summer,5.81,1217.33,1.22,3300.0,İzmir,Bayındır
PATLICAN UZUN,2018,1000.0,3300.0,Fall,6.34,1217.33,2.01,3300.0,İzmir,Bayındır
PATLICAN UZUN,2018,1200.0,2160.0,Winter,5.11,1217.33,2.41,1800.0,İzmir,Bergama
PATLICAN UZUN,2018,1200.0,2160.0,Spring,5.46,1217.33,1.71,1800.0,İzmir,Bergama
PATLICAN UZUN,2018,1200.0,2160.0,Summer,5.81,1217.33,1.22,1800.0,İzmir,Bergama
PATLICAN UZUN,2018,1200.0,2160.0,Fall,6.34,1217.33,2.01,1800.0,İzmir,Bergama
PATLICAN UZUN,2018,961.0,2584.0,Winter,5.11,1217.33,2.41,2688.865764828304,İzmir,Menderes
PATLICAN UZUN,2018,961.0,2584.0,Spring,5.46,1217.33,1.71,2688.865764828304,İzmir,Menderes
PATLICAN UZUN,2018,961.0,2584.0,Summer,5.81,1217.33,1.22,2688.865764828304,İzmir,Menderes
PATLICAN UZUN,2018,961.0,2584.0,Fall,6.34,1217.33,2.01,2688.865764828304,İzmir,Menderes
PATLICAN UZUN,2018,500.0,1500.0,Winter,5.11,1217.33,2.41,3000.0,İzmir,Tire
PATLICAN UZUN,2018,500.0,1500.0,Spring,5.46,1217.33,1.71,3000.0,İzmir,Tire
PATLICAN UZUN,2018,500.0,1500.0,Summer,5.81,1217.33,1.22,3000.0,İzmir,Tire
PATLICAN UZUN,2018,500.0,1500.0,Fall,6.34,1217.33,2.01,3000.0,İzmir,Tire
PATLICAN UZUN,2018,331.0,990.0,Winter,5.11,1217.33,2.41,2990.9365558912386,İzmir,Torbalı
PATLICAN UZUN,2018,331.0,990.0,Spring,5.46,1217.33,1.71,2990.9365558912386,İzmir,Torbalı
PATLICAN UZUN,2018,331.0,990.0,Summer,5.81,1217.33,1.22,2990.9365558912386,İzmir,Torbalı
PATLICAN UZUN,2018,331.0,990.0,Fall,6.34,1217.33,2.01,2990.9365558912386,İzmir,Torbalı
PATLICAN UZUN,2018,2000.0,8000.0,Winter,5.11,1217.33,2.41,4000.0,İzmir,Ödemiş
PATLICAN UZUN,2018,2000.0,8000.0,Spring,5.46,1217.33,1.71,4000.0,İzmir,Ödemiş
PATLICAN UZUN,2018,2000.0,8000.0,Summer,5.81,1217.33,1.22,4000.0,İzmir,Ödemiş
PATLICAN UZUN,2018,2000.0,8000.0,Fall,6.34,1217.33,2.01,4000.0,İzmir,Ödemiş
PATLICAN UZUN,2019,800.0,2640.0,Winter,6.0,1486.33,4.94,3300.0,İzmir,Bayındır
PATLICAN UZUN,2019,800.0,2640.0,Spring,6.44,1486.33,3.66,3300.0,İzmir,Bayındır
PATLICAN UZUN,2019,800.0,2640.0,Summer,6.38,1486.33,1.3,3300.0,İzmir,Bayındır
PATLICAN UZUN,2019,800.0,2640.0,Fall,6.53,1486.33,1.52,3300.0,İzmir,Bayındır
PATLICAN UZUN,2019,1200.0,2160.0,Winter,6.0,1486.33,4.94,1800.0,İzmir,Bergama
PATLICAN UZUN,2019,1200.0,2160.0,Spring,6.44,1486.33,3.66,1800.0,İzmir,Bergama
PATLICAN UZUN,2019,1200.0,2160.0,Summer,6.38,1486.33,1.3,1800.0,İzmir,Bergama
PATLICAN UZUN,2019,1200.0,2160.0,Fall,6.53,1486.33,1.52,1800.0,İzmir,Bergama
PATLICAN UZUN,2019,1501.0,4153.0,Winter,6.0,1486.33,4.94,2766.822118587608,İzmir,Menderes
PATLICAN UZUN,2019,1501.0,4153.0,Spring,6.44,1486.33,3.66,2766.822118587608,İzmir,Menderes
PATLICAN UZUN,2019,1501.0,4153.0,Summer,6.38,1486.33,1.3,2766.822118587608,İzmir,Menderes
PATLICAN UZUN,2019,1501.0,4153.0,Fall,6.53,1486.33,1.52,2766.822118587608,İzmir,Menderes
PATLICAN UZUN,2019,520.0,1560.0,Winter,6.0,1486.33,4.94,3000.0,İzmir,Tire
PATLICAN UZUN,2019,520.0,1560.0,Spring,6.44,1486.33,3.66,3000.0,İzmir,Tire
PATLICAN UZUN,2019,520.0,1560.0,Summer,6.38,1486.33,1.3,3000.0,İzmir,Tire
PATLICAN UZUN,2019,520.0,1560.0,Fall,6.53,1486.33,1.52,3000.0,İzmir,Tire
PATLICAN UZUN,2019,455.0,1318.0,Winter,6.0,1486.33,4.94,2896.703296703297,İzmir,Torbalı
PATLICAN UZUN,2019,455.0,1318.0,Spring,6.44,1486.33,3.66,2896.703296703297,İzmir,Torbalı
PATLICAN UZUN,2019,455.0,1318.0,Summer,6.38,1486.33,1.3,2896.703296703297,İzmir,Torbalı
PATLICAN UZUN,2019,455.0,1318.0,Fall,6.53,1486.33,1.52,2896.703296703297,İzmir,Torbalı
PATLICAN UZUN,2019,2000.0,8000.0,Winter,6.0,1486.33,4.94,4000.0,İzmir,Ödemiş
PATLICAN UZUN,2019,2000.0,8000.0,Spring,6.44,1486.33,3.66,4000.0,İzmir,Ödemiş
PATLICAN UZUN,2019,2000.0,8000.0,Summer,6.38,1486.33,1.3,4000.0,İzmir,Ödemiş
PATLICAN UZUN,2019,2000.0,8000.0,Fall,6.53,1486.33,1.52,4000.0,İzmir,Ödemiş
PATLICAN UZUN,2020,300.0,1200.0,Winter,6.57,2226.67,3.79,4000.0,İzmir,Bayındır
PATLICAN UZUN,2020,300.0,1200.0,Spring,5.51,2226.67,2.96,4000.0,İzmir,Bayındır
PATLICAN UZUN,2020,300.0,1200.0,Summer,5.98,2226.67,2.13,4000.0,İzmir,Bayındır
PATLICAN UZUN,2020,300.0,1200.0,Fall,6.2,2226.67,2.27,4000.0,İzmir,Bayındır
PATLICAN UZUN,2020,1200.0,2160.0,Winter,6.57,2226.67,3.79,1800.0,İzmir,Bergama
PATLICAN UZUN,2020,1200.0,2160.0,Spring,5.51,2226.67,2.96,1800.0,İzmir,Bergama
PATLICAN UZUN,2020,1200.0,2160.0,Summer,5.98,2226.67,2.13,1800.0,İzmir,Bergama
PATLICAN UZUN,2020,1200.0,2160.0,Fall,6.2,2226.67,2.27,1800.0,İzmir,Bergama
PATLICAN UZUN,2020,2150.0,7800.0,Winter,6.57,2226.67,3.79,3627.906976744186,İzmir,Menderes
PATLICAN UZUN,2020,2150.0,7800.0,Spring,5.51,2226.67,2.96,3627.906976744186,İzmir,Menderes
PATLICAN UZUN,2020,2150.0,7800.0,Summer,5.98,2226.67,2.13,3627.906976744186,İzmir,Menderes
PATLICAN UZUN,2020,2150.0,7800.0,Fall,6.2,2226.67,2.27,3627.906976744186,İzmir,Menderes
PATLICAN UZUN,2020,185.0,555.0,Winter,6.57,2226.67,3.79,3000.0,İzmir,Tire
PATLICAN UZUN,2020,185.0,555.0,Spring,5.51,2226.67,2.96,3000.0,İzmir,Tire
PATLICAN UZUN,2020,185.0,555.0,Summer,5.98,2226.67,2.13,3000.0,İzmir,Tire
PATLICAN UZUN,2020,185.0,555.0,Fall,6.2,2226.67,2.27,3000.0,İzmir,Tire
PATLICAN UZUN,2020,180.0,504.0,Winter,6.57,2226.67,3.79,2800.0,İzmir,Torbalı
PATLICAN UZUN,2020,180.0,504.0,Spring,5.51,2226.67,2.96,2800.0,İzmir,Torbalı
PATLICAN UZUN,2020,180.0,504.0,Summer,5.98,2226.67,2.13,2800.0,İzmir,Torbalı
PATLICAN UZUN,2020,180.0,504.0,Fall,6.2,2226.67,2.27,2800.0,İzmir,Torbalı
PATLICAN UZUN,2020,1500.0,6000.0,Winter,6.57,2226.67,3.79,4000.0,İzmir,Ödemiş
PATLICAN UZUN,2020,1500.0,6000.0,Spring,5.51,2226.67,2.96,4000.0,İzmir,Ödemiş
PATLICAN UZUN,2020,1500.0,6000.0,Summer,5.98,2226.67,2.13,4000.0,İzmir,Ödemiş
PATLICAN UZUN,2020,1500.0,6000.0,Fall,6.2,2226.67,2.27,4000.0,İzmir,Ödemiş
PATLICAN UZUN,2021,400.0,1600.0,Winter,6.71,6709.0,4.23,4000.0,İzmir,Bayındır
PATLICAN UZUN,2021,400.0,1600.0,Spring,6.69,6709.0,3.42,4000.0,İzmir,Bayındır
PATLICAN UZUN,2021,400.0,1600.0,Summer,7.34,6709.0,2.41,4000.0,İzmir,Bayındır
PATLICAN UZUN,2021,400.0,1600.0,Fall,7.99,6709.0,3.87,4000.0,İzmir,Bayındır
PATLICAN UZUN,2021,77.0,139.0,Winter,6.71,6709.0,4.23,1805.1948051948052,İzmir,Bergama
PATLICAN UZUN,2021,77.0,139.0,Spring,6.69,6709.0,3.42,1805.1948051948052,İzmir,Bergama
PATLICAN UZUN,2021,77.0,139.0,Summer,7.34,6709.0,2.41,1805.1948051948052,İzmir,Bergama
PATLICAN UZUN,2021,77.0,139.0,Fall,7.99,6709.0,3.87,1805.1948051948052,İzmir,Bergama
PATLICAN UZUN,2021,2150.0,7800.0,Winter,6.71,6709.0,4.23,3627.906976744186,İzmir,Menderes
PATLICAN UZUN,2021,2150.0,7800.0,Spring,6.69,6709.0,3.42,3627.906976744186,İzmir,Menderes
PATLICAN UZUN,2021,2150.0,7800.0,Summer,7.34,6709.0,2.41,3627.906976744186,İzmir,Menderes
PATLICAN UZUN,2021,2150.0,7800.0,Fall,7.99,6709.0,3.87,3627.906976744186,İzmir,Menderes
PATLICAN UZUN,2021,168.0,504.0,Winter,6.71,6709.0,4.23,3000.0,İzmir,Tire
PATLICAN UZUN,2021,168.0,504.0,Spring,6.69,6709.0,3.42,3000.0,İzmir,Tire
PATLICAN UZUN,2021,168.0,504.0,Summer,7.34,6709.0,2.41,3000.0,İzmir,Tire
PATLICAN UZUN,2021,168.0,504.0,Fall,7.99,6709.0,3.87,3000.0,İzmir,Tire
PATLICAN UZUN,2021,245.0,704.0,Winter,6.71,6709.0,4.23,2873.469387755102,İzmir,Torbalı
PATLICAN UZUN,2021,245.0,704.0,Spring,6.69,6709.0,3.42,2873.469387755102,İzmir,Torbalı
PATLICAN UZUN,2021,245.0,704.0,Summer,7.34,6709.0,2.41,2873.469387755102,İzmir,Torbalı
PATLICAN UZUN,2021,245.0,704.0,Fall,7.99,6709.0,3.87,2873.469387755102,İzmir,Torbalı
PATLICAN UZUN,2021,150.0,600.0,Winter,6.71,6709.0,4.23,4000.0,İzmir,Ödemiş
PATLICAN UZUN,2021,150.0,600.0,Spring,6.69,6709.0,3.42,4000.0,İzmir,Ödemiş
PATLICAN UZUN,2021,150.0,600.0,Summer,7.34,6709.0,2.41,4000.0,İzmir,Ödemiş
PATLICAN UZUN,2021,150.0,600.0,Fall,7.99,6709.0,3.87,4000.0,İzmir,Ödemiş
PATLICAN UZUN,2022,350.0,1401.0,Winter,13.29,15353.33,11.12,4002.8571428571427,İzmir,Bayındır
PATLICAN UZUN,2022,350.0,1401.0,Spring,21.62,15353.33,11.77,4002.8571428571427,İzmir,Bayındır
PATLICAN UZUN,2022,350.0,1401.0,Summer,26.18,15353.33,6.25,4002.8571428571427,İzmir,Bayındır
PATLICAN UZUN,2022,350.0,1401.0,Fall,25.49,15353.33,9.76,4002.8571428571427,İzmir,Bayındır
PATLICAN UZUN,2022,52.0,94.0,Winter,13.29,15353.33,11.12,1807.6923076923076,İzmir,Bergama
PATLICAN UZUN,2022,52.0,94.0,Spring,21.62,15353.33,11.77,1807.6923076923076,İzmir,Bergama
PATLICAN UZUN,2022,52.0,94.0,Summer,26.18,15353.33,6.25,1807.6923076923076,İzmir,Bergama
PATLICAN UZUN,2022,52.0,94.0,Fall,25.49,15353.33,9.76,1807.6923076923076,İzmir,Bergama
PATLICAN UZUN,2022,2150.0,7802.0,Winter,13.29,15353.33,11.12,3628.8372093023254,İzmir,Menderes
PATLICAN UZUN,2022,2150.0,7802.0,Spring,21.62,15353.33,11.77,3628.8372093023254,İzmir,Menderes
PATLICAN UZUN,2022,2150.0,7802.0,Summer,26.18,15353.33,6.25,3628.8372093023254,İzmir,Menderes
PATLICAN UZUN,2022,2150.0,7802.0,Fall,25.49,15353.33,9.76,3628.8372093023254,İzmir,Menderes
PATLICAN UZUN,2022,176.0,536.0,Winter,13.29,15353.33,11.12,3045.4545454545455,İzmir,Torbalı
PATLICAN UZUN,2022,176.0,536.0,Spring,21.62,15353.33,11.77,3045.4545454545455,İzmir,Torbalı
PATLICAN UZUN,2022,176.0,536.0,Summer,26.18,15353.33,6.25,3045.4545454545455,İzmir,Torbalı
PATLICAN UZUN,2022,176.0,536.0,Fall,25.49,15353.33,9.76,3045.4545454545455,İzmir,Torbalı
PATLICAN UZUN,2022,150.0,600.0,Winter,13.29,15353.33,11.12,4000.0,İzmir,Ödemiş
PATLICAN UZUN,2022,150.0,600.0,Spring,21.62,15353.33,11.77,4000.0,İzmir,Ödemiş
PATLICAN UZUN,2022,150.0,600.0,Summer,26.18,15353.33,6.25,4000.0,İzmir,Ödemiş
PATLICAN UZUN,2022,150.0,600.0,Fall,25.49,15353.33,9.76,4000.0,İzmir,Ödemiş
PATLICAN UZUN,2023,350.0,1401.0,Winter,22.27,10488.0,14.57,4002.8571428571427,İzmir,Bayındır
PATLICAN UZUN,2023,350.0,1401.0,Spring,20.55,10488.0,14.25,4002.8571428571427,İzmir,Bayındır
PATLICAN UZUN,2023,350.0,1401.0,Summer,30.3,10488.0,16.08,4002.8571428571427,İzmir,Bayındır
PATLICAN UZUN,2023,350.0,1401.0,Fall,39.39,10488.0,16.38,4002.8571428571427,İzmir,Bayındır
PATLICAN UZUN,2023,46.0,83.0,Winter,22.27,10488.0,14.57,1804.3478260869565,İzmir,Bergama
PATLICAN UZUN,2023,46.0,83.0,Spring,20.55,10488.0,14.25,1804.3478260869565,İzmir,Bergama
PATLICAN UZUN,2023,46.0,83.0,Summer,30.3,10488.0,16.08,1804.3478260869565,İzmir,Bergama
PATLICAN UZUN,2023,46.0,83.0,Fall,39.39,10488.0,16.38,1804.3478260869565,İzmir,Bergama
PATLICAN UZUN,2023,2155.0,7830.0,Winter,22.27,10488.0,14.57,3633.410672853828,İzmir,Menderes
PATLICAN UZUN,2023,2155.0,7830.0,Spring,20.55,10488.0,14.25,3633.410672853828,İzmir,Menderes
PATLICAN UZUN,2023,2155.0,7830.0,Summer,30.3,10488.0,16.08,3633.410672853828,İzmir,Menderes
PATLICAN UZUN,2023,2155.0,7830.0,Fall,39.39,10488.0,16.38,3633.410672853828,İzmir,Menderes
PATLICAN UZUN,2023,128.0,324.0,Winter,22.27,10488.0,14.57,2531.25,İzmir,Torbalı
PATLICAN UZUN,2023,128.0,324.0,Spring,20.55,10488.0,14.25,2531.25,İzmir,Torbalı
PATLICAN UZUN,2023,128.0,324.0,Summer,30.3,10488.0,16.08,2531.25,İzmir,Torbalı
PATLICAN UZUN,2023,128.0,324.0,Fall,39.39,10488.0,16.38,2531.25,İzmir,Torbalı
PATLICAN UZUN,2023,700.0,2800.0,Winter,22.27,10488.0,14.57,4000.0,İzmir,Ödemiş
PATLICAN UZUN,2023,700.0,2800.0,Spring,20.55,10488.0,14.25,4000.0,İzmir,Ödemiş
PATLICAN UZUN,2023,700.0,2800.0,Summer,30.3,10488.0,16.08,4000.0,İzmir,Ödemiş
PATLICAN UZUN,2023,700.0,2800.0,Fall,39.39,10488.0,16.38,4000.0,İzmir,Ödemiş
PATLICAN UZUN,2024,400.0,1600.0,Winter,40.18,11266.67,24.68,4000.0,İzmir,Bayındır
PATLICAN UZUN,2024,400.0,1600.0,Spring,42.39,11266.67,20.88,4000.0,İzmir,Bayındır
PATLICAN UZUN,2024,400.0,1600.0,Summer,44.12,11266.67,20.95,4000.0,İzmir,Bayındır
PATLICAN UZUN,2024,400.0,1600.0,Fall,43.82,11266.67,27.71,4000.0,İzmir,Bayındır
PATLICAN UZUN,2024,457.0,826.0,Winter,40.18,11266.67,24.68,1807.4398249452954,İzmir,Bergama
PATLICAN UZUN,2024,457.0,826.0,Spring,42.39,11266.67,20.88,1807.4398249452954,İzmir,Bergama
PATLICAN UZUN,2024,457.0,826.0,Summer,44.12,11266.67,20.95,1807.4398249452954,İzmir,Bergama
PATLICAN UZUN,2024,457.0,826.0,Fall,43.82,11266.67,27.71,1807.4398249452954,İzmir,Bergama
PATLICAN UZUN,2024,2405.0,12150.0,Winter,40.18,11266.67,24.68,5051.975051975052,İzmir,Menderes
PATLICAN UZUN,2024,2405.0,12150.0,Spring,42.39,11266.67,20.88,5051.975051975052,İzmir,Menderes
PATLICAN UZUN,2024,2405.0,12150.0,Summer,44.12,11266.67,20.95,5051.975051975052,İzmir,Menderes
PATLICAN UZUN,2024,2405.0,12150.0,Fall,43.82,11266.67,27.71,5051.975051975052,İzmir,Menderes
PATLICAN UZUN,2024,280.0,716.0,Winter,40.18,11266.67,24.68,2557.1428571428573,İzmir,Torbalı
PATLICAN UZUN,2024,280.0,716.0,Spring,42.39,11266.67,20.88,2557.1428571428573,İzmir,Torbalı
PATLICAN UZUN,2024,280.0,716.0,Summer,44.12,11266.67,20.95,2557.1428571428573,İzmir,Torbalı
PATLICAN UZUN,2024,280.0,716.0,Fall,43.82,11266.67,27.71,2557.1428571428573,İzmir,Torbalı
PATLICAN UZUN,2024,700.0,2800.0,Winter,40.18,11266.67,24.68,4000.0,İzmir,Ödemiş
PATLICAN UZUN,2024,700.0,2800.0,Spring,42.39,11266.67,20.88,4000.0,İzmir,Ödemiş
PATLICAN UZUN,2024,700.0,2800.0,Summer,44.12,11266.67,20.95,4000.0,İzmir,Ödemiş
PATLICAN UZUN,2024,700.0,2800.0,Fall,43.82,11266.67,27.71,4000.0,İzmir,Ödemiş
PATLICAN UZUN,2025,352.0,1408.0,Winter,46.61,14550.0,43.58,4000.0,İzmir,Bayındır
PATLICAN UZUN,2025,352.0,1408.0,Spring,46.68,14550.0,36.27,4000.0,İzmir,Bayındır
PATLICAN UZUN,2025,352.0,1408.0,Summer,52.69,14550.0,26.09,4000.0,İzmir,Bayındır
PATLICAN UZUN,2025,352.0,1408.0,Fall,56.39,14550.0,25.71,4000.0,İzmir,Bayındır
PATLICAN UZUN,2025,389.0,703.0,Winter,46.61,14550.0,43.58,1807.19794344473,İzmir,Bergama
PATLICAN UZUN,2025,389.0,703.0,Spring,46.68,14550.0,36.27,1807.19794344473,İzmir,Bergama
PATLICAN UZUN,2025,389.0,703.0,Summer,52.69,14550.0,26.09,1807.19794344473,İzmir,Bergama
PATLICAN UZUN,2025,389.0,703.0,Fall,56.39,14550.0,25.71,1807.19794344473,İzmir,Bergama
PATLICAN UZUN,2025,1900.0,8500.0,Winter,46.61,14550.0,43.58,4473.684210526316,İzmir,Menderes
PATLICAN UZUN,2025,1900.0,8500.0,Spring,46.68,14550.0,36.27,4473.684210526316,İzmir,Menderes
PATLICAN UZUN,2025,1900.0,8500.0,Summer,52.69,14550.0,26.09,4473.684210526316,İzmir,Menderes
PATLICAN UZUN,2025,1900.0,8500.0,Fall,56.39,14550.0,25.71,4473.684210526316,İzmir,Menderes
PATLICAN UZUN,2025,240.0,616.0,Winter,46.61,14550.0,43.58,2566.6666666666665,İzmir,Torbalı
PATLICAN UZUN,2025,240.0,616.0,Spring,46.68,14550.0,36.27,2566.6666666666665,İzmir,Torbalı
PATLICAN UZUN,2025,240.0,616.0,Summer,52.69,14550.0,26.09,2566.6666666666665,İzmir,Torbalı
PATLICAN UZUN,2025,240.0,616.0,Fall,56.39,14550.0,25.71,2566.6666666666665,İzmir,Torbalı
PATLICAN UZUN,2025,500.0,2000.0,Winter,46.61,14550.0,43.58,4000.0,İzmir,Ödemiş
PATLICAN UZUN,2025,500.0,2000.0,Spring,46.68,14550.0,36.27,4000.0,İzmir,Ödemiş
PATLICAN UZUN,2025,500.0,2000.0,Summer,52.69,14550.0,26.09,4000.0,İzmir,Ödemiş
PATLICAN UZUN,2025,500.0,2000.0,Fall,56.39,14550.0,25.71,4000.0,İzmir,Ödemiş
PIRASA,2014,750.0,1800.0,Winter,4.54,886.0,0.66,2400.0,İzmir,Bayındır
PIRASA,2014,750.0,1800.0,Spring,4.58,886.0,0.62,2400.0,İzmir,Bayındır
PIRASA,2014,750.0,1800.0,Summer,4.38,886.0,1.86,2400.0,İzmir,Bayındır
PIRASA,2014,750.0,1800.0,Fall,4.24,886.0,0.93,2400.0,İzmir,Bayındır
PIRASA,2014,500.0,1000.0,Winter,4.54,886.0,0.66,2000.0,İzmir,Bergama
PIRASA,2014,500.0,1000.0,Spring,4.58,886.0,0.62,2000.0,İzmir,Bergama
PIRASA,2014,500.0,1000.0,Summer,4.38,886.0,1.86,2000.0,İzmir,Bergama
PIRASA,2014,500.0,1000.0,Fall,4.24,886.0,0.93,2000.0,İzmir,Bergama
PIRASA,2014,80.0,240.0,Winter,4.54,886.0,0.66,3000.0,İzmir,Menderes
PIRASA,2014,80.0,240.0,Spring,4.58,886.0,0.62,3000.0,İzmir,Menderes
PIRASA,2014,80.0,240.0,Summer,4.38,886.0,1.86,3000.0,İzmir,Menderes
PIRASA,2014,80.0,240.0,Fall,4.24,886.0,0.93,3000.0,İzmir,Menderes
PIRASA,2014,500.0,1250.0,Winter,4.54,886.0,0.66,2500.0,İzmir,Tire
PIRASA,2014,500.0,1250.0,Spring,4.58,886.0,0.62,2500.0,İzmir,Tire
PIRASA,2014,500.0,1250.0,Summer,4.38,886.0,1.86,2500.0,İzmir,Tire
PIRASA,2014,500.0,1250.0,Fall,4.24,886.0,0.93,2500.0,İzmir,Tire
PIRASA,2014,2250.0,9000.0,Winter,4.54,886.0,0.66,4000.0,İzmir,Torbalı
PIRASA,2014,2250.0,9000.0,Spring,4.58,886.0,0.62,4000.0,İzmir,Torbalı
PIRASA,2014,2250.0,9000.0,Summer,4.38,886.0,1.86,4000.0,İzmir,Torbalı
PIRASA,2014,2250.0,9000.0,Fall,4.24,886.0,0.93,4000.0,İzmir,Torbalı
PIRASA,2014,500.0,2000.0,Winter,4.54,886.0,0.66,4000.0,İzmir,Ödemiş
PIRASA,2014,500.0,2000.0,Spring,4.58,886.0,0.62,4000.0,İzmir,Ödemiş
PIRASA,2014,500.0,2000.0,Summer,4.38,886.0,1.86,4000.0,İzmir,Ödemiş
PIRASA,2014,500.0,2000.0,Fall,4.24,886.0,0.93,4000.0,İzmir,Ödemiş
PIRASA,2015,500.0,1200.0,Winter,3.75,903.33,0.83,2400.0,İzmir,Bayındır
PIRASA,2015,500.0,1200.0,Spring,3.93,903.33,1.35,2400.0,İzmir,Bayındır
PIRASA,2015,500.0,1200.0,Summer,3.9,903.33,1.66,2400.0,İzmir,Bayındır
PIRASA,2015,500.0,1200.0,Fall,3.84,903.33,1.12,2400.0,İzmir,Bayındır
PIRASA,2015,500.0,1000.0,Winter,3.75,903.33,0.83,2000.0,İzmir,Bergama
PIRASA,2015,500.0,1000.0,Spring,3.93,903.33,1.35,2000.0,İzmir,Bergama
PIRASA,2015,500.0,1000.0,Summer,3.9,903.33,1.66,2000.0,İzmir,Bergama
PIRASA,2015,500.0,1000.0,Fall,3.84,903.33,1.12,2000.0,İzmir,Bergama
PIRASA,2015,80.0,240.0,Winter,3.75,903.33,0.83,3000.0,İzmir,Menderes
PIRASA,2015,80.0,240.0,Spring,3.93,903.33,1.35,3000.0,İzmir,Menderes
PIRASA,2015,80.0,240.0,Summer,3.9,903.33,1.66,3000.0,İzmir,Menderes
PIRASA,2015,80.0,240.0,Fall,3.84,903.33,1.12,3000.0,İzmir,Menderes
PIRASA,2015,500.0,1250.0,Winter,3.75,903.33,0.83,2500.0,İzmir,Tire
PIRASA,2015,500.0,1250.0,Spring,3.93,903.33,1.35,2500.0,İzmir,Tire
PIRASA,2015,500.0,1250.0,Summer,3.9,903.33,1.66,2500.0,İzmir,Tire
PIRASA,2015,500.0,1250.0,Fall,3.84,903.33,1.12,2500.0,İzmir,Tire
PIRASA,2015,2930.0,11720.0,Winter,3.75,903.33,0.83,4000.0,İzmir,Torbalı
PIRASA,2015,2930.0,11720.0,Spring,3.93,903.33,1.35,4000.0,İzmir,Torbalı
PIRASA,2015,2930.0,11720.0,Summer,3.9,903.33,1.66,4000.0,İzmir,Torbalı
PIRASA,2015,2930.0,11720.0,Fall,3.84,903.33,1.12,4000.0,İzmir,Torbalı
PIRASA,2015,500.0,2000.0,Winter,3.75,903.33,0.83,4000.0,İzmir,Ödemiş
PIRASA,2015,500.0,2000.0,Spring,3.93,903.33,1.35,4000.0,İzmir,Ödemiş
PIRASA,2015,500.0,2000.0,Summer,3.9,903.33,1.66,4000.0,İzmir,Ödemiş
PIRASA,2015,500.0,2000.0,Fall,3.84,903.33,1.12,4000.0,İzmir,Ödemiş
PIRASA,2016,500.0,1196.0,Winter,3.48,822.67,1.21,2392.0,İzmir,Bayındır
PIRASA,2016,500.0,1196.0,Spring,3.63,822.67,0.9,2392.0,İzmir,Bayındır
PIRASA,2016,500.0,1196.0,Summer,3.79,822.67,1.76,2392.0,İzmir,Bayındır
PIRASA,2016,500.0,1196.0,Fall,4.13,822.67,1.04,2392.0,İzmir,Bayındır
PIRASA,2016,500.0,996.0,Winter,3.48,822.67,1.21,1992.0,İzmir,Bergama
PIRASA,2016,500.0,996.0,Spring,3.63,822.67,0.9,1992.0,İzmir,Bergama
PIRASA,2016,500.0,996.0,Summer,3.79,822.67,1.76,1992.0,İzmir,Bergama
PIRASA,2016,500.0,996.0,Fall,4.13,822.67,1.04,1992.0,İzmir,Bergama
PIRASA,2016,80.0,239.0,Winter,3.48,822.67,1.21,2987.5,İzmir,Menderes
PIRASA,2016,80.0,239.0,Spring,3.63,822.67,0.9,2987.5,İzmir,Menderes
PIRASA,2016,80.0,239.0,Summer,3.79,822.67,1.76,2987.5,İzmir,Menderes
PIRASA,2016,80.0,239.0,Fall,4.13,822.67,1.04,2987.5,İzmir,Menderes
PIRASA,2016,500.0,1246.0,Winter,3.48,822.67,1.21,2492.0,İzmir,Tire
PIRASA,2016,500.0,1246.0,Spring,3.63,822.67,0.9,2492.0,İzmir,Tire
PIRASA,2016,500.0,1246.0,Summer,3.79,822.67,1.76,2492.0,İzmir,Tire
PIRASA,2016,500.0,1246.0,Fall,4.13,822.67,1.04,2492.0,İzmir,Tire
PIRASA,2016,4600.0,18331.0,Winter,3.48,822.67,1.21,3985.0,İzmir,Torbalı
PIRASA,2016,4600.0,18331.0,Spring,3.63,822.67,0.9,3985.0,İzmir,Torbalı
PIRASA,2016,4600.0,18331.0,Summer,3.79,822.67,1.76,3985.0,İzmir,Torbalı
PIRASA,2016,4600.0,18331.0,Fall,4.13,822.67,1.04,3985.0,İzmir,Torbalı
PIRASA,2016,500.0,1993.0,Winter,3.48,822.67,1.21,3986.0,İzmir,Ödemiş
PIRASA,2016,500.0,1993.0,Spring,3.63,822.67,0.9,3986.0,İzmir,Ödemiş
PIRASA,2016,500.0,1993.0,Summer,3.79,822.67,1.76,3986.0,İzmir,Ödemiş
PIRASA,2016,500.0,1993.0,Fall,4.13,822.67,1.04,3986.0,İzmir,Ödemiş
PIRASA,2017,500.0,1200.0,Winter,4.59,906.33,1.07,2400.0,İzmir,Bayındır
PIRASA,2017,500.0,1200.0,Spring,4.55,906.33,1.06,2400.0,İzmir,Bayındır
PIRASA,2017,500.0,1200.0,Summer,4.48,906.33,1.43,2400.0,İzmir,Bayındır
PIRASA,2017,500.0,1200.0,Fall,4.83,906.33,1.21,2400.0,İzmir,Bayındır
PIRASA,2017,500.0,1000.0,Winter,4.59,906.33,1.07,2000.0,İzmir,Bergama
PIRASA,2017,500.0,1000.0,Spring,4.55,906.33,1.06,2000.0,İzmir,Bergama
PIRASA,2017,500.0,1000.0,Summer,4.48,906.33,1.43,2000.0,İzmir,Bergama
PIRASA,2017,500.0,1000.0,Fall,4.83,906.33,1.21,2000.0,İzmir,Bergama
PIRASA,2017,80.0,239.0,Winter,4.59,906.33,1.07,2987.5,İzmir,Menderes
PIRASA,2017,80.0,239.0,Spring,4.55,906.33,1.06,2987.5,İzmir,Menderes
PIRASA,2017,80.0,239.0,Summer,4.48,906.33,1.43,2987.5,İzmir,Menderes
PIRASA,2017,80.0,239.0,Fall,4.83,906.33,1.21,2987.5,İzmir,Menderes
PIRASA,2017,500.0,1250.0,Winter,4.59,906.33,1.07,2500.0,İzmir,Tire
PIRASA,2017,500.0,1250.0,Spring,4.55,906.33,1.06,2500.0,İzmir,Tire
PIRASA,2017,500.0,1250.0,Summer,4.48,906.33,1.43,2500.0,İzmir,Tire
PIRASA,2017,500.0,1250.0,Fall,4.83,906.33,1.21,2500.0,İzmir,Tire
PIRASA,2017,3675.0,14700.0,Winter,4.59,906.33,1.07,4000.0,İzmir,Torbalı
PIRASA,2017,3675.0,14700.0,Spring,4.55,906.33,1.06,4000.0,İzmir,Torbalı
PIRASA,2017,3675.0,14700.0,Summer,4.48,906.33,1.43,4000.0,İzmir,Torbalı
PIRASA,2017,3675.0,14700.0,Fall,4.83,906.33,1.21,4000.0,İzmir,Torbalı
PIRASA,2017,500.0,2000.0,Winter,4.59,906.33,1.07,4000.0,İzmir,Ödemiş
PIRASA,2017,500.0,2000.0,Spring,4.55,906.33,1.06,4000.0,İzmir,Ödemiş
PIRASA,2017,500.0,2000.0,Summer,4.48,906.33,1.43,4000.0,İzmir,Ödemiş
PIRASA,2017,500.0,2000.0,Fall,4.83,906.33,1.21,4000.0,İzmir,Ödemiş
PIRASA,2018,500.0,1200.0,Winter,5.11,1217.33,0.88,2400.0,İzmir,Bayındır
PIRASA,2018,500.0,1200.0,Spring,5.46,1217.33,0.86,2400.0,İzmir,Bayındır
PIRASA,2018,500.0,1200.0,Summer,5.81,1217.33,2.25,2400.0,İzmir,Bayındır
PIRASA,2018,500.0,1200.0,Fall,6.34,1217.33,1.9,2400.0,İzmir,Bayındır
PIRASA,2018,500.0,1000.0,Winter,5.11,1217.33,0.88,2000.0,İzmir,Bergama
PIRASA,2018,500.0,1000.0,Spring,5.46,1217.33,0.86,2000.0,İzmir,Bergama
PIRASA,2018,500.0,1000.0,Summer,5.81,1217.33,2.25,2000.0,İzmir,Bergama
PIRASA,2018,500.0,1000.0,Fall,6.34,1217.33,1.9,2000.0,İzmir,Bergama
PIRASA,2018,80.0,239.0,Winter,5.11,1217.33,0.88,2987.5,İzmir,Menderes
PIRASA,2018,80.0,239.0,Spring,5.46,1217.33,0.86,2987.5,İzmir,Menderes
PIRASA,2018,80.0,239.0,Summer,5.81,1217.33,2.25,2987.5,İzmir,Menderes
PIRASA,2018,80.0,239.0,Fall,6.34,1217.33,1.9,2987.5,İzmir,Menderes
PIRASA,2018,300.0,750.0,Winter,5.11,1217.33,0.88,2500.0,İzmir,Tire
PIRASA,2018,300.0,750.0,Spring,5.46,1217.33,0.86,2500.0,İzmir,Tire
PIRASA,2018,300.0,750.0,Summer,5.81,1217.33,2.25,2500.0,İzmir,Tire
PIRASA,2018,300.0,750.0,Fall,6.34,1217.33,1.9,2500.0,İzmir,Tire
PIRASA,2018,9940.0,39760.0,Winter,5.11,1217.33,0.88,4000.0,İzmir,Torbalı
PIRASA,2018,9940.0,39760.0,Spring,5.46,1217.33,0.86,4000.0,İzmir,Torbalı
PIRASA,2018,9940.0,39760.0,Summer,5.81,1217.33,2.25,4000.0,İzmir,Torbalı
PIRASA,2018,9940.0,39760.0,Fall,6.34,1217.33,1.9,4000.0,İzmir,Torbalı
PIRASA,2018,400.0,1600.0,Winter,5.11,1217.33,0.88,4000.0,İzmir,Ödemiş
PIRASA,2018,400.0,1600.0,Spring,5.46,1217.33,0.86,4000.0,İzmir,Ödemiş
PIRASA,2018,400.0,1600.0,Summer,5.81,1217.33,2.25,4000.0,İzmir,Ödemiş
PIRASA,2018,400.0,1600.0,Fall,6.34,1217.33,1.9,4000.0,İzmir,Ödemiş
PIRASA,2019,200.0,480.0,Winter,6.0,1486.33,2.49,2400.0,İzmir,Bayındır
PIRASA,2019,200.0,480.0,Spring,6.44,1486.33,3.26,2400.0,İzmir,Bayındır
PIRASA,2019,200.0,480.0,Summer,6.38,1486.33,2.64,2400.0,İzmir,Bayındır
PIRASA,2019,200.0,480.0,Fall,6.53,1486.33,1.34,2400.0,İzmir,Bayındır
PIRASA,2019,500.0,1000.0,Winter,6.0,1486.33,2.49,2000.0,İzmir,Bergama
PIRASA,2019,500.0,1000.0,Spring,6.44,1486.33,3.26,2000.0,İzmir,Bergama
PIRASA,2019,500.0,1000.0,Summer,6.38,1486.33,2.64,2000.0,İzmir,Bergama
PIRASA,2019,500.0,1000.0,Fall,6.53,1486.33,1.34,2000.0,İzmir,Bergama
PIRASA,2019,80.0,239.0,Winter,6.0,1486.33,2.49,2987.5,İzmir,Menderes
PIRASA,2019,80.0,239.0,Spring,6.44,1486.33,3.26,2987.5,İzmir,Menderes
PIRASA,2019,80.0,239.0,Summer,6.38,1486.33,2.64,2987.5,İzmir,Menderes
PIRASA,2019,80.0,239.0,Fall,6.53,1486.33,1.34,2987.5,İzmir,Menderes
PIRASA,2019,300.0,750.0,Winter,6.0,1486.33,2.49,2500.0,İzmir,Tire
PIRASA,2019,300.0,750.0,Spring,6.44,1486.33,3.26,2500.0,İzmir,Tire
PIRASA,2019,300.0,750.0,Summer,6.38,1486.33,2.64,2500.0,İzmir,Tire
PIRASA,2019,300.0,750.0,Fall,6.53,1486.33,1.34,2500.0,İzmir,Tire
PIRASA,2019,9940.0,42742.0,Winter,6.0,1486.33,2.49,4300.0,İzmir,Torbalı
PIRASA,2019,9940.0,42742.0,Spring,6.44,1486.33,3.26,4300.0,İzmir,Torbalı
PIRASA,2019,9940.0,42742.0,Summer,6.38,1486.33,2.64,4300.0,İzmir,Torbalı
PIRASA,2019,9940.0,42742.0,Fall,6.53,1486.33,1.34,4300.0,İzmir,Torbalı
PIRASA,2019,400.0,1600.0,Winter,6.0,1486.33,2.49,4000.0,İzmir,Ödemiş
PIRASA,2019,400.0,1600.0,Spring,6.44,1486.33,3.26,4000.0,İzmir,Ödemiş
PIRASA,2019,400.0,1600.0,Summer,6.38,1486.33,2.64,4000.0,İzmir,Ödemiş
PIRASA,2019,400.0,1600.0,Fall,6.53,1486.33,1.34,4000.0,İzmir,Ödemiş
PIRASA,2020,160.0,640.0,Winter,6.57,2226.67,1.03,4000.0,İzmir,Bayındır
PIRASA,2020,160.0,640.0,Spring,5.51,2226.67,1.54,4000.0,İzmir,Bayındır
PIRASA,2020,160.0,640.0,Summer,5.98,2226.67,3.5,4000.0,İzmir,Bayındır
PIRASA,2020,160.0,640.0,Fall,6.2,2226.67,2.0,4000.0,İzmir,Bayındır
PIRASA,2020,50.0,100.0,Winter,6.57,2226.67,1.03,2000.0,İzmir,Bergama
PIRASA,2020,50.0,100.0,Spring,5.51,2226.67,1.54,2000.0,İzmir,Bergama
PIRASA,2020,50.0,100.0,Summer,5.98,2226.67,3.5,2000.0,İzmir,Bergama
PIRASA,2020,50.0,100.0,Fall,6.2,2226.67,2.0,2000.0,İzmir,Bergama
PIRASA,2020,80.0,239.0,Winter,6.57,2226.67,1.03,2987.5,İzmir,Menderes
PIRASA,2020,80.0,239.0,Spring,5.51,2226.67,1.54,2987.5,İzmir,Menderes
PIRASA,2020,80.0,239.0,Summer,5.98,2226.67,3.5,2987.5,İzmir,Menderes
PIRASA,2020,80.0,239.0,Fall,6.2,2226.67,2.0,2987.5,İzmir,Menderes
PIRASA,2020,115.0,288.0,Winter,6.57,2226.67,1.03,2504.3478260869565,İzmir,Tire
PIRASA,2020,115.0,288.0,Spring,5.51,2226.67,1.54,2504.3478260869565,İzmir,Tire
PIRASA,2020,115.0,288.0,Summer,5.98,2226.67,3.5,2504.3478260869565,İzmir,Tire
PIRASA,2020,115.0,288.0,Fall,6.2,2226.67,2.0,2504.3478260869565,İzmir,Tire
PIRASA,2020,9650.0,41091.0,Winter,6.57,2226.67,1.03,4258.134715025907,İzmir,Torbalı
PIRASA,2020,9650.0,41091.0,Spring,5.51,2226.67,1.54,4258.134715025907,İzmir,Torbalı
PIRASA,2020,9650.0,41091.0,Summer,5.98,2226.67,3.5,4258.134715025907,İzmir,Torbalı
PIRASA,2020,9650.0,41091.0,Fall,6.2,2226.67,2.0,4258.134715025907,İzmir,Torbalı
PIRASA,2020,200.0,800.0,Winter,6.57,2226.67,1.03,4000.0,İzmir,Ödemiş
PIRASA,2020,200.0,800.0,Spring,5.51,2226.67,1.54,4000.0,İzmir,Ödemiş
PIRASA,2020,200.0,800.0,Summer,5.98,2226.67,3.5,4000.0,İzmir,Ödemiş
PIRASA,2020,200.0,800.0,Fall,6.2,2226.67,2.0,4000.0,İzmir,Ödemiş
PIRASA,2021,230.0,920.0,Winter,6.71,6709.0,1.93,4000.0,İzmir,Bayındır
PIRASA,2021,230.0,920.0,Spring,6.69,6709.0,1.66,4000.0,İzmir,Bayındır
PIRASA,2021,230.0,920.0,Summer,7.34,6709.0,2.2433333333333336,4000.0,İzmir,Bayındır
PIRASA,2021,230.0,920.0,Fall,7.99,6709.0,3.14,4000.0,İzmir,Bayındır
PIRASA,2021,48.0,96.0,Winter,6.71,6709.0,1.93,2000.0,İzmir,Bergama
PIRASA,2021,48.0,96.0,Spring,6.69,6709.0,1.66,2000.0,İzmir,Bergama
PIRASA,2021,48.0,96.0,Summer,7.34,6709.0,2.2433333333333336,2000.0,İzmir,Bergama
PIRASA,2021,48.0,96.0,Fall,7.99,6709.0,3.14,2000.0,İzmir,Bergama
PIRASA,2021,80.0,239.0,Winter,6.71,6709.0,1.93,2987.5,İzmir,Menderes
PIRASA,2021,80.0,239.0,Spring,6.69,6709.0,1.66,2987.5,İzmir,Menderes
PIRASA,2021,80.0,239.0,Summer,7.34,6709.0,2.2433333333333336,2987.5,İzmir,Menderes
PIRASA,2021,80.0,239.0,Fall,7.99,6709.0,3.14,2987.5,İzmir,Menderes
PIRASA,2021,155.0,389.0,Winter,6.71,6709.0,1.93,2509.6774193548385,İzmir,Tire
PIRASA,2021,155.0,389.0,Spring,6.69,6709.0,1.66,2509.6774193548385,İzmir,Tire
PIRASA,2021,155.0,389.0,Summer,7.34,6709.0,2.2433333333333336,2509.6774193548385,İzmir,Tire
PIRASA,2021,155.0,389.0,Fall,7.99,6709.0,3.14,2509.6774193548385,İzmir,Tire
PIRASA,2021,7650.0,30600.0,Winter,6.71,6709.0,1.93,4000.0,İzmir,Torbalı
PIRASA,2021,7650.0,30600.0,Spring,6.69,6709.0,1.66,4000.0,İzmir,Torbalı
PIRASA,2021,7650.0,30600.0,Summer,7.34,6709.0,2.2433333333333336,4000.0,İzmir,Torbalı
PIRASA,2021,7650.0,30600.0,Fall,7.99,6709.0,3.14,4000.0,İzmir,Torbalı
PIRASA,2021,75.0,300.0,Winter,6.71,6709.0,1.93,4000.0,İzmir,Ödemiş
PIRASA,2021,75.0,300.0,Spring,6.69,6709.0,1.66,4000.0,İzmir,Ödemiş
PIRASA,2021,75.0,300.0,Summer,7.34,6709.0,2.2433333333333336,4000.0,İzmir,Ödemiş
PIRASA,2021,75.0,300.0,Fall,7.99,6709.0,3.14,4000.0,İzmir,Ödemiş
PIRASA,2022,400.0,1600.0,Winter,13.29,15353.33,3.62,4000.0,İzmir,Bayındır
PIRASA,2022,400.0,1600.0,Spring,21.62,15353.33,4.3,4000.0,İzmir,Bayındır
PIRASA,2022,400.0,1600.0,Summer,26.18,15353.33,7.04,4000.0,İzmir,Bayındır
PIRASA,2022,400.0,1600.0,Fall,25.49,15353.33,7.92,4000.0,İzmir,Bayındır
PIRASA,2022,45.0,113.0,Winter,13.29,15353.33,3.62,2511.1111111111113,İzmir,Bergama
PIRASA,2022,45.0,113.0,Spring,21.62,15353.33,4.3,2511.1111111111113,İzmir,Bergama
PIRASA,2022,45.0,113.0,Summer,26.18,15353.33,7.04,2511.1111111111113,İzmir,Bergama
PIRASA,2022,45.0,113.0,Fall,25.49,15353.33,7.92,2511.1111111111113,İzmir,Bergama
PIRASA,2022,80.0,239.0,Winter,13.29,15353.33,3.62,2987.5,İzmir,Menderes
PIRASA,2022,80.0,239.0,Spring,21.62,15353.33,4.3,2987.5,İzmir,Menderes
PIRASA,2022,80.0,239.0,Summer,26.18,15353.33,7.04,2987.5,İzmir,Menderes
PIRASA,2022,80.0,239.0,Fall,25.49,15353.33,7.92,2987.5,İzmir,Menderes
PIRASA,2022,217.0,545.0,Winter,13.29,15353.33,3.62,2511.5207373271887,İzmir,Tire
PIRASA,2022,217.0,545.0,Spring,21.62,15353.33,4.3,2511.5207373271887,İzmir,Tire
PIRASA,2022,217.0,545.0,Summer,26.18,15353.33,7.04,2511.5207373271887,İzmir,Tire
PIRASA,2022,217.0,545.0,Fall,25.49,15353.33,7.92,2511.5207373271887,İzmir,Tire
PIRASA,2022,5260.0,23670.0,Winter,13.29,15353.33,3.62,4500.0,İzmir,Torbalı
PIRASA,2022,5260.0,23670.0,Spring,21.62,15353.33,4.3,4500.0,İzmir,Torbalı
PIRASA,2022,5260.0,23670.0,Summer,26.18,15353.33,7.04,4500.0,İzmir,Torbalı
PIRASA,2022,5260.0,23670.0,Fall,25.49,15353.33,7.92,4500.0,İzmir,Torbalı
PIRASA,2022,75.0,300.0,Winter,13.29,15353.33,3.62,4000.0,İzmir,Ödemiş
PIRASA,2022,75.0,300.0,Spring,21.62,15353.33,4.3,4000.0,İzmir,Ödemiş
PIRASA,2022,75.0,300.0,Summer,26.18,15353.33,7.04,4000.0,İzmir,Ödemiş
PIRASA,2022,75.0,300.0,Fall,25.49,15353.33,7.92,4000.0,İzmir,Ödemiş
PIRASA,2023,350.0,1400.0,Winter,22.27,10488.0,6.79,4000.0,İzmir,Bayındır
PIRASA,2023,350.0,1400.0,Spring,20.55,10488.0,6.64,4000.0,İzmir,Bayındır
PIRASA,2023,350.0,1400.0,Summer,30.3,10488.0,13.85,4000.0,İzmir,Bayındır
PIRASA,2023,350.0,1400.0,Fall,39.39,10488.0,13.45,4000.0,İzmir,Bayındır
PIRASA,2023,52.0,131.0,Winter,22.27,10488.0,6.79,2519.230769230769,İzmir,Bergama
PIRASA,2023,52.0,131.0,Spring,20.55,10488.0,6.64,2519.230769230769,İzmir,Bergama
PIRASA,2023,52.0,131.0,Summer,30.3,10488.0,13.85,2519.230769230769,İzmir,Bergama
PIRASA,2023,52.0,131.0,Fall,39.39,10488.0,13.45,2519.230769230769,İzmir,Bergama
PIRASA,2023,80.0,239.0,Winter,22.27,10488.0,6.79,2987.5,İzmir,Menderes
PIRASA,2023,80.0,239.0,Spring,20.55,10488.0,6.64,2987.5,İzmir,Menderes
PIRASA,2023,80.0,239.0,Summer,30.3,10488.0,13.85,2987.5,İzmir,Menderes
PIRASA,2023,80.0,239.0,Fall,39.39,10488.0,13.45,2987.5,İzmir,Menderes
PIRASA,2023,150.0,377.0,Winter,22.27,10488.0,6.79,2513.3333333333335,İzmir,Tire
PIRASA,2023,150.0,377.0,Spring,20.55,10488.0,6.64,2513.3333333333335,İzmir,Tire
PIRASA,2023,150.0,377.0,Summer,30.3,10488.0,13.85,2513.3333333333335,İzmir,Tire
PIRASA,2023,150.0,377.0,Fall,39.39,10488.0,13.45,2513.3333333333335,İzmir,Tire
PIRASA,2023,6550.0,26200.0,Winter,22.27,10488.0,6.79,4000.0,İzmir,Torbalı
PIRASA,2023,6550.0,26200.0,Spring,20.55,10488.0,6.64,4000.0,İzmir,Torbalı
PIRASA,2023,6550.0,26200.0,Summer,30.3,10488.0,13.85,4000.0,İzmir,Torbalı
PIRASA,2023,6550.0,26200.0,Fall,39.39,10488.0,13.45,4000.0,İzmir,Torbalı
PIRASA,2023,250.0,1000.0,Winter,22.27,10488.0,6.79,4000.0,İzmir,Ödemiş
PIRASA,2023,250.0,1000.0,Spring,20.55,10488.0,6.64,4000.0,İzmir,Ödemiş
PIRASA,2023,250.0,1000.0,Summer,30.3,10488.0,13.85,4000.0,İzmir,Ödemiş
PIRASA,2023,250.0,1000.0,Fall,39.39,10488.0,13.45,4000.0,İzmir,Ödemiş
PIRASA,2024,200.0,800.0,Winter,40.18,11266.67,14.73,4000.0,İzmir,Bayındır
PIRASA,2024,200.0,800.0,Spring,42.39,11266.67,13.93,4000.0,İzmir,Bayındır
PIRASA,2024,200.0,800.0,Summer,44.12,11266.67,20.34,4000.0,İzmir,Bayındır
PIRASA,2024,200.0,800.0,Fall,43.82,11266.67,20.2,4000.0,İzmir,Bayındır
PIRASA,2024,331.0,831.0,Winter,40.18,11266.67,14.73,2510.5740181268884,İzmir,Bergama
PIRASA,2024,331.0,831.0,Spring,42.39,11266.67,13.93,2510.5740181268884,İzmir,Bergama
PIRASA,2024,331.0,831.0,Summer,44.12,11266.67,20.34,2510.5740181268884,İzmir,Bergama
PIRASA,2024,331.0,831.0,Fall,43.82,11266.67,20.2,2510.5740181268884,İzmir,Bergama
PIRASA,2024,80.0,239.0,Winter,40.18,11266.67,14.73,2987.5,İzmir,Menderes
PIRASA,2024,80.0,239.0,Spring,42.39,11266.67,13.93,2987.5,İzmir,Menderes
PIRASA,2024,80.0,239.0,Summer,44.12,11266.67,20.34,2987.5,İzmir,Menderes
PIRASA,2024,80.0,239.0,Fall,43.82,11266.67,20.2,2987.5,İzmir,Menderes
PIRASA,2024,100.0,251.0,Winter,40.18,11266.67,14.73,2510.0,İzmir,Tire
PIRASA,2024,100.0,251.0,Spring,42.39,11266.67,13.93,2510.0,İzmir,Tire
PIRASA,2024,100.0,251.0,Summer,44.12,11266.67,20.34,2510.0,İzmir,Tire
PIRASA,2024,100.0,251.0,Fall,43.82,11266.67,20.2,2510.0,İzmir,Tire
PIRASA,2024,6870.0,27480.0,Winter,40.18,11266.67,14.73,4000.0,İzmir,Torbalı
PIRASA,2024,6870.0,27480.0,Spring,42.39,11266.67,13.93,4000.0,İzmir,Torbalı
PIRASA,2024,6870.0,27480.0,Summer,44.12,11266.67,20.34,4000.0,İzmir,Torbalı
PIRASA,2024,6870.0,27480.0,Fall,43.82,11266.67,20.2,4000.0,İzmir,Torbalı
PIRASA,2024,100.0,400.0,Winter,40.18,11266.67,14.73,4000.0,İzmir,Ödemiş
PIRASA,2024,100.0,400.0,Spring,42.39,11266.67,13.93,4000.0,İzmir,Ödemiş
PIRASA,2024,100.0,400.0,Summer,44.12,11266.67,20.34,4000.0,İzmir,Ödemiş
PIRASA,2024,100.0,400.0,Fall,43.82,11266.67,20.2,4000.0,İzmir,Ödemiş
PIRASA,2025,389.0,1556.0,Winter,46.61,14550.0,21.57,4000.0,İzmir,Bayındır
PIRASA,2025,389.0,1556.0,Spring,46.68,14550.0,21.2,4000.0,İzmir,Bayındır
PIRASA,2025,389.0,1556.0,Summer,52.69,14550.0,24.19,4000.0,İzmir,Bayındır
PIRASA,2025,389.0,1556.0,Fall,56.39,14550.0,24.25,4000.0,İzmir,Bayındır
PIRASA,2025,363.0,912.0,Winter,46.61,14550.0,21.57,2512.396694214876,İzmir,Bergama
PIRASA,2025,363.0,912.0,Spring,46.68,14550.0,21.2,2512.396694214876,İzmir,Bergama
PIRASA,2025,363.0,912.0,Summer,52.69,14550.0,24.19,2512.396694214876,İzmir,Bergama
PIRASA,2025,363.0,912.0,Fall,56.39,14550.0,24.25,2512.396694214876,İzmir,Bergama
PIRASA,2025,80.0,239.0,Winter,46.61,14550.0,21.57,2987.5,İzmir,Menderes
PIRASA,2025,80.0,239.0,Spring,46.68,14550.0,21.2,2987.5,İzmir,Menderes
PIRASA,2025,80.0,239.0,Summer,52.69,14550.0,24.19,2987.5,İzmir,Menderes
PIRASA,2025,80.0,239.0,Fall,56.39,14550.0,24.25,2987.5,İzmir,Menderes
PIRASA,2025,400.0,1600.0,Winter,46.61,14550.0,21.57,4000.0,İzmir,Tire
PIRASA,2025,400.0,1600.0,Spring,46.68,14550.0,21.2,4000.0,İzmir,Tire
PIRASA,2025,400.0,1600.0,Summer,52.69,14550.0,24.19,4000.0,İzmir,Tire
PIRASA,2025,400.0,1600.0,Fall,56.39,14550.0,24.25,4000.0,İzmir,Tire
PIRASA,2025,6800.0,27200.0,Winter,46.61,14550.0,21.57,4000.0,İzmir,Torbalı
PIRASA,2025,6800.0,27200.0,Spring,46.68,14550.0,21.2,4000.0,İzmir,Torbalı
PIRASA,2025,6800.0,27200.0,Summer,52.69,14550.0,24.19,4000.0,İzmir,Torbalı
PIRASA,2025,6800.0,27200.0,Fall,56.39,14550.0,24.25,4000.0,İzmir,Torbalı
PIRASA,2025,100.0,400.0,Winter,46.61,14550.0,21.57,4000.0,İzmir,Ödemiş
PIRASA,2025,100.0,400.0,Spring,46.68,14550.0,21.2,4000.0,İzmir,Ödemiş
PIRASA,2025,100.0,400.0,Summer,52.69,14550.0,24.19,4000.0,İzmir,Ödemiş
PIRASA,2025,100.0,400.0,Fall,56.39,14550.0,24.25,4000.0,İzmir,Ödemiş
SOGAN KURU,2014,950.0,1805.0,Winter,4.54,886.0,0.41,1900.0,İzmir,Bergama
SOGAN KURU,2014,950.0,1805.0,Spring,4.58,886.0,0.52,1900.0,İzmir,Bergama
SOGAN KURU,2014,950.0,1805.0,Summer,4.38,886.0,0.48,1900.0,İzmir,Bergama
SOGAN KURU,2014,950.0,1805.0,Fall,4.24,886.0,0.53,1900.0,İzmir,Bergama
SOGAN KURU,2014,50.0,100.0,Winter,4.54,886.0,0.41,2000.0,İzmir,Ödemiş
SOGAN KURU,2014,50.0,100.0,Spring,4.58,886.0,0.52,2000.0,İzmir,Ödemiş
SOGAN KURU,2014,50.0,100.0,Summer,4.38,886.0,0.48,2000.0,İzmir,Ödemiş
SOGAN KURU,2014,50.0,100.0,Fall,4.24,886.0,0.53,2000.0,İzmir,Ödemiş
SOGAN KURU,2015,950.0,1805.0,Winter,3.75,903.33,0.77,1900.0,İzmir,Bergama
SOGAN KURU,2015,950.0,1805.0,Spring,3.93,903.33,0.88,1900.0,İzmir,Bergama
SOGAN KURU,2015,950.0,1805.0,Summer,3.9,903.33,0.55,1900.0,İzmir,Bergama
SOGAN KURU,2015,950.0,1805.0,Fall,3.84,903.33,0.68,1900.0,İzmir,Bergama
SOGAN KURU,2015,50.0,100.0,Winter,3.75,903.33,0.77,2000.0,İzmir,Ödemiş
SOGAN KURU,2015,50.0,100.0,Spring,3.93,903.33,0.88,2000.0,İzmir,Ödemiş
SOGAN KURU,2015,50.0,100.0,Summer,3.9,903.33,0.55,2000.0,İzmir,Ödemiş
SOGAN KURU,2015,50.0,100.0,Fall,3.84,903.33,0.68,2000.0,İzmir,Ödemiş
SOGAN KURU,2016,1000.0,1900.0,Winter,3.48,822.67,1.23,1900.0,İzmir,Bergama
SOGAN KURU,2016,1000.0,1900.0,Spring,3.63,822.67,0.91,1900.0,İzmir,Bergama
SOGAN KURU,2016,1000.0,1900.0,Summer,3.79,822.67,0.47,1900.0,İzmir,Bergama
SOGAN KURU,2016,1000.0,1900.0,Fall,4.13,822.67,0.44,1900.0,İzmir,Bergama
SOGAN KURU,2016,30.0,60.0,Winter,3.48,822.67,1.23,2000.0,İzmir,Ödemiş
SOGAN KURU,2016,30.0,60.0,Spring,3.63,822.67,0.91,2000.0,İzmir,Ödemiş
SOGAN KURU,2016,30.0,60.0,Summer,3.79,822.67,0.47,2000.0,İzmir,Ödemiş
SOGAN KURU,2016,30.0,60.0,Fall,4.13,822.67,0.44,2000.0,İzmir,Ödemiş
SOGAN KURU,2017,900.0,1701.0,Winter,4.59,906.33,0.46,1890.0,İzmir,Bergama
SOGAN KURU,2017,900.0,1701.0,Spring,4.55,906.33,0.52,1890.0,İzmir,Bergama
SOGAN KURU,2017,900.0,1701.0,Summer,4.48,906.33,0.7,1890.0,İzmir,Bergama
SOGAN KURU,2017,900.0,1701.0,Fall,4.83,906.33,0.69,1890.0,İzmir,Bergama
SOGAN KURU,2018,800.0,1520.0,Winter,5.11,1217.33,0.71,1900.0,İzmir,Bergama
SOGAN KURU,2018,800.0,1520.0,Spring,5.46,1217.33,0.99,1900.0,İzmir,Bergama
SOGAN KURU,2018,800.0,1520.0,Summer,5.81,1217.33,1.93,1900.0,İzmir,Bergama
SOGAN KURU,2018,800.0,1520.0,Fall,6.34,1217.33,1.51,1900.0,İzmir,Bergama
SOGAN KURU,2019,1000.0,1800.0,Winter,6.0,1486.33,2.56,1800.0,İzmir,Bergama
SOGAN KURU,2019,1000.0,1800.0,Spring,6.44,1486.33,3.04,1800.0,İzmir,Bergama
SOGAN KURU,2019,1000.0,1800.0,Summer,6.38,1486.33,1.25,1800.0,İzmir,Bergama
SOGAN KURU,2019,1000.0,1800.0,Fall,6.53,1486.33,0.75,1800.0,İzmir,Bergama
SOGAN KURU,2020,22.0,35.0,Winter,6.57,2226.67,1.28,1590.909090909091,İzmir,Bergama
SOGAN KURU,2020,22.0,35.0,Spring,5.51,2226.67,1.42,1590.909090909091,İzmir,Bergama
SOGAN KURU,2020,22.0,35.0,Summer,5.98,2226.67,0.85,1590.909090909091,İzmir,Bergama
SOGAN KURU,2020,22.0,35.0,Fall,6.2,2226.67,1.13,1590.909090909091,İzmir,Bergama
SOGAN KURU,2021,18.0,25.0,Winter,6.71,6709.0,1.12,1388.888888888889,İzmir,Bergama
SOGAN KURU,2021,18.0,25.0,Spring,6.69,6709.0,0.94,1388.888888888889,İzmir,Bergama
SOGAN KURU,2021,18.0,25.0,Summer,7.34,6709.0,1.04,1388.888888888889,İzmir,Bergama
SOGAN KURU,2021,18.0,25.0,Fall,7.99,6709.0,0.99,1388.888888888889,İzmir,Bergama
SOGAN KURU,2022,45.0,65.0,Winter,13.29,15353.33,1.87,1444.4444444444443,İzmir,Bergama
SOGAN KURU,2022,45.0,65.0,Spring,21.62,15353.33,3.18,1444.4444444444443,İzmir,Bergama
SOGAN KURU,2022,45.0,65.0,Summer,26.18,15353.33,5.69,1444.4444444444443,İzmir,Bergama
SOGAN KURU,2022,45.0,65.0,Fall,25.49,15353.33,6.54,1444.4444444444443,İzmir,Bergama
SOGAN KURU,2023,65.0,80.0,Winter,22.27,10488.0,8.06,1230.7692307692307,İzmir,Bergama
SOGAN KURU,2023,65.0,80.0,Spring,20.55,10488.0,14.24,1230.7692307692307,İzmir,Bergama
SOGAN KURU,2023,65.0,80.0,Summer,30.3,10488.0,14.44,1230.7692307692307,İzmir,Bergama
SOGAN KURU,2023,65.0,80.0,Fall,39.39,10488.0,13.42,1230.7692307692307,İzmir,Bergama
SOGAN KURU,2024,86.0,106.0,Winter,40.18,11266.67,10.34,1232.5581395348838,İzmir,Bergama
SOGAN KURU,2024,86.0,106.0,Spring,42.39,11266.67,12.17,1232.5581395348838,İzmir,Bergama
SOGAN KURU,2024,86.0,106.0,Summer,44.12,11266.67,12.75,1232.5581395348838,İzmir,Bergama
SOGAN KURU,2024,86.0,106.0,Fall,43.82,11266.67,13.21,1232.5581395348838,İzmir,Bergama
SOGAN KURU,2025,53.0,57.0,Winter,46.61,14550.0,16.44,1075.4716981132076,İzmir,Bergama
SOGAN KURU,2025,53.0,57.0,Spring,46.68,14550.0,20.59,1075.4716981132076,İzmir,Bergama
SOGAN KURU,2025,53.0,57.0,Summer,52.69,14550.0,11.42,1075.4716981132076,İzmir,Bergama
SOGAN KURU,2025,53.0,57.0,Fall,56.39,14550.0,10.52,1075.4716981132076,İzmir,Bergama
